pokemon_id,move_id,learn_method,learn_level,generation,source,source_url
1,144,level-up,1,1,Supplied Gen-I learnset JSON,https://raw.githubusercontent.com/cRz-Shadows/Pokemon_Trainer_Tournament_Simulator/main/Data/UsefulDatasets/gen_1_pokemon_learnsets.json
1,53,level-up,1,1,Supplied Gen-I learnset JSON,https://raw.githubusercontent.com/cRz-Shadows/Pokemon_Trainer_Tournament_Simulator/main/Data/UsefulDatasets/gen_1_pokemon_learnsets.json
1,73,level-up,7,1,Supplied Gen-I learnset JSON,https://raw.githubusercontent.com/cRz-Shadows/Pokemon_Trainer_Tournament_Simulator/main/Data/UsefulDatasets/gen_1_pokemon_learnsets.json
1,159,level-up,13,1,Supplied Gen-I learnset JSON,https://raw.githubusercontent.com/cRz-Shadows/Pokemon_Trainer_Tournament_Simulator/main/Data/UsefulDatasets/gen_1_pokemon_learnsets.json
1,95,level-up,20,1,Supplied Gen-I learnset JSON,https://raw.githubusercontent.com/cRz-Shadows/Pokemon_Trainer_Tournament_Simulator/main/Data/UsefulDatasets/gen_1_pokemon_learnsets.json
1,102,level-up,27,1,Supplied Gen-I learnset JSON,https://raw.githubusercontent.com/cRz-Shadows/Pokemon_Trainer_Tournament_Simulator/main/Data/UsefulDatasets/gen_1_pokemon_learnsets.json
1,54,level-up,34,1,Supplied Gen-I learnset JSON,https://raw.githubusercontent.com/cRz-Shadows/Pokemon_Trainer_Tournament_Simulator/main/Data/UsefulDatasets/gen_1_pokemon_learnsets.json
1,122,level-up,41,1,Supplied Gen-I learnset JSON,https://raw.githubusercontent.com/cRz-Shadows/Pokemon_Trainer_Tournament_Simulator/main/Data/UsefulDatasets/gen_1_pokemon_learnsets.json
1,127,level-up,48,1,Supplied Gen-I learnset JSON,https://raw.githubusercontent.com/cRz-Shadows/Pokemon_Trainer_Tournament_Simulator/main/Data/UsefulDatasets/gen_1_pokemon_learnsets.json
1,143,TM/HM,0,1,Supplied Gen-I learnset JSON,https://raw.githubusercontent.com/cRz-Shadows/Pokemon_Trainer_Tournament_Simulator/main/Data/UsefulDatasets/gen_1_pokemon_learnsets.json
1,26,TM/HM,0,1,Supplied Gen-I learnset JSON,https://raw.githubusercontent.com/cRz-Shadows/Pokemon_Trainer_Tournament_Simulator/main/Data/UsefulDatasets/gen_1_pokemon_learnsets.json
1,13,TM/HM,0,1,Supplied Gen-I learnset JSON,https://raw.githubusercontent.com/cRz-Shadows/Pokemon_Trainer_Tournament_Simulator/main/Data/UsefulDatasets/gen_1_pokemon_learnsets.json
1,146,TM/HM,0,1,Supplied Gen-I learnset JSON,https://raw.githubusercontent.com/cRz-Shadows/Pokemon_Trainer_Tournament_Simulator/main/Data/UsefulDatasets/gen_1_pokemon_learnsets.json
1,33,TM/HM,0,1,Supplied Gen-I learnset JSON,https://raw.githubusercontent.com/cRz-Shadows/Pokemon_Trainer_Tournament_Simulator/main/Data/UsefulDatasets/gen_1_pokemon_learnsets.json
1,80,TM/HM,0,1,Supplied Gen-I learnset JSON,https://raw.githubusercontent.com/cRz-Shadows/Pokemon_Trainer_Tournament_Simulator/main/Data/UsefulDatasets/gen_1_pokemon_learnsets.json
1,127,TM/HM,0,1,Supplied Gen-I learnset JSON,https://raw.githubusercontent.com/cRz-Shadows/Pokemon_Trainer_Tournament_Simulator/main/Data/UsefulDatasets/gen_1_pokemon_learnsets.json
1,154,TM/HM,0,1,Supplied Gen-I learnset JSON,https://raw.githubusercontent.com/cRz-Shadows/Pokemon_Trainer_Tournament_Simulator/main/Data/UsefulDatasets/gen_1_pokemon_learnsets.json
1,101,TM/HM,0,1,Supplied Gen-I learnset JSON,https://raw.githubusercontent.com/cRz-Shadows/Pokemon_Trainer_Tournament_Simulator/main/Data/UsefulDatasets/gen_1_pokemon_learnsets.json
1,84,TM/HM,0,1,Supplied Gen-I learnset JSON,https://raw.githubusercontent.com/cRz-Shadows/Pokemon_Trainer_Tournament_Simulator/main/Data/UsefulDatasets/gen_1_pokemon_learnsets.json
1,32,TM/HM,0,1,Supplied Gen-I learnset JSON,https://raw.githubusercontent.com/cRz-Shadows/Pokemon_Trainer_Tournament_Simulator/main/Data/UsefulDatasets/gen_1_pokemon_learnsets.json
1,105,TM/HM,0,1,Supplied Gen-I learnset JSON,https://raw.githubusercontent.com/cRz-Shadows/Pokemon_Trainer_Tournament_Simulator/main/Data/UsefulDatasets/gen_1_pokemon_learnsets.json
1,9,TM/HM,0,1,Supplied Gen-I learnset JSON,https://raw.githubusercontent.com/cRz-Shadows/Pokemon_Trainer_Tournament_Simulator/main/Data/UsefulDatasets/gen_1_pokemon_learnsets.json
1,106,TM/HM,0,1,Supplied Gen-I learnset JSON,https://raw.githubusercontent.com/cRz-Shadows/Pokemon_Trainer_Tournament_Simulator/main/Data/UsefulDatasets/gen_1_pokemon_learnsets.json
1,138,TM/HM,0,1,Supplied Gen-I learnset JSON,https://raw.githubusercontent.com/cRz-Shadows/Pokemon_Trainer_Tournament_Simulator/main/Data/UsefulDatasets/gen_1_pokemon_learnsets.json
2,144,level-up,1,1,Supplied Gen-I learnset JSON,https://raw.githubusercontent.com/cRz-Shadows/Pokemon_Trainer_Tournament_Simulator/main/Data/UsefulDatasets/gen_1_pokemon_learnsets.json
2,53,level-up,1,1,Supplied Gen-I learnset JSON,https://raw.githubusercontent.com/cRz-Shadows/Pokemon_Trainer_Tournament_Simulator/main/Data/UsefulDatasets/gen_1_pokemon_learnsets.json
2,73,level-up,1,1,Supplied Gen-I learnset JSON,https://raw.githubusercontent.com/cRz-Shadows/Pokemon_Trainer_Tournament_Simulator/main/Data/UsefulDatasets/gen_1_pokemon_learnsets.json
2,73,level-up,7,1,Supplied Gen-I learnset JSON,https://raw.githubusercontent.com/cRz-Shadows/Pokemon_Trainer_Tournament_Simulator/main/Data/UsefulDatasets/gen_1_pokemon_learnsets.json
2,159,level-up,13,1,Supplied Gen-I learnset JSON,https://raw.githubusercontent.com/cRz-Shadows/Pokemon_Trainer_Tournament_Simulator/main/Data/UsefulDatasets/gen_1_pokemon_learnsets.json
2,95,level-up,22,1,Supplied Gen-I learnset JSON,https://raw.githubusercontent.com/cRz-Shadows/Pokemon_Trainer_Tournament_Simulator/main/Data/UsefulDatasets/gen_1_pokemon_learnsets.json
2,102,level-up,30,1,Supplied Gen-I learnset JSON,https://raw.githubusercontent.com/cRz-Shadows/Pokemon_Trainer_Tournament_Simulator/main/Data/UsefulDatasets/gen_1_pokemon_learnsets.json
2,54,level-up,38,1,Supplied Gen-I learnset JSON,https://raw.githubusercontent.com/cRz-Shadows/Pokemon_Trainer_Tournament_Simulator/main/Data/UsefulDatasets/gen_1_pokemon_learnsets.json
2,122,level-up,46,1,Supplied Gen-I learnset JSON,https://raw.githubusercontent.com/cRz-Shadows/Pokemon_Trainer_Tournament_Simulator/main/Data/UsefulDatasets/gen_1_pokemon_learnsets.json
2,127,level-up,54,1,Supplied Gen-I learnset JSON,https://raw.githubusercontent.com/cRz-Shadows/Pokemon_Trainer_Tournament_Simulator/main/Data/UsefulDatasets/gen_1_pokemon_learnsets.json
2,143,TM/HM,0,1,Supplied Gen-I learnset JSON,https://raw.githubusercontent.com/cRz-Shadows/Pokemon_Trainer_Tournament_Simulator/main/Data/UsefulDatasets/gen_1_pokemon_learnsets.json
2,26,TM/HM,0,1,Supplied Gen-I learnset JSON,https://raw.githubusercontent.com/cRz-Shadows/Pokemon_Trainer_Tournament_Simulator/main/Data/UsefulDatasets/gen_1_pokemon_learnsets.json
2,13,TM/HM,0,1,Supplied Gen-I learnset JSON,https://raw.githubusercontent.com/cRz-Shadows/Pokemon_Trainer_Tournament_Simulator/main/Data/UsefulDatasets/gen_1_pokemon_learnsets.json
2,146,TM/HM,0,1,Supplied Gen-I learnset JSON,https://raw.githubusercontent.com/cRz-Shadows/Pokemon_Trainer_Tournament_Simulator/main/Data/UsefulDatasets/gen_1_pokemon_learnsets.json
2,33,TM/HM,0,1,Supplied Gen-I learnset JSON,https://raw.githubusercontent.com/cRz-Shadows/Pokemon_Trainer_Tournament_Simulator/main/Data/UsefulDatasets/gen_1_pokemon_learnsets.json
2,80,TM/HM,0,1,Supplied Gen-I learnset JSON,https://raw.githubusercontent.com/cRz-Shadows/Pokemon_Trainer_Tournament_Simulator/main/Data/UsefulDatasets/gen_1_pokemon_learnsets.json
2,127,TM/HM,0,1,Supplied Gen-I learnset JSON,https://raw.githubusercontent.com/cRz-Shadows/Pokemon_Trainer_Tournament_Simulator/main/Data/UsefulDatasets/gen_1_pokemon_learnsets.json
2,154,TM/HM,0,1,Supplied Gen-I learnset JSON,https://raw.githubusercontent.com/cRz-Shadows/Pokemon_Trainer_Tournament_Simulator/main/Data/UsefulDatasets/gen_1_pokemon_learnsets.json
2,101,TM/HM,0,1,Supplied Gen-I learnset JSON,https://raw.githubusercontent.com/cRz-Shadows/Pokemon_Trainer_Tournament_Simulator/main/Data/UsefulDatasets/gen_1_pokemon_learnsets.json
2,84,TM/HM,0,1,Supplied Gen-I learnset JSON,https://raw.githubusercontent.com/cRz-Shadows/Pokemon_Trainer_Tournament_Simulator/main/Data/UsefulDatasets/gen_1_pokemon_learnsets.json
2,32,TM/HM,0,1,Supplied Gen-I learnset JSON,https://raw.githubusercontent.com/cRz-Shadows/Pokemon_Trainer_Tournament_Simulator/main/Data/UsefulDatasets/gen_1_pokemon_learnsets.json
2,105,TM/HM,0,1,Supplied Gen-I learnset JSON,https://raw.githubusercontent.com/cRz-Shadows/Pokemon_Trainer_Tournament_Simulator/main/Data/UsefulDatasets/gen_1_pokemon_learnsets.json
2,9,TM/HM,0,1,Supplied Gen-I learnset JSON,https://raw.githubusercontent.com/cRz-Shadows/Pokemon_Trainer_Tournament_Simulator/main/Data/UsefulDatasets/gen_1_pokemon_learnsets.json
2,106,TM/HM,0,1,Supplied Gen-I learnset JSON,https://raw.githubusercontent.com/cRz-Shadows/Pokemon_Trainer_Tournament_Simulator/main/Data/UsefulDatasets/gen_1_pokemon_learnsets.json
2,138,TM/HM,0,1,Supplied Gen-I learnset JSON,https://raw.githubusercontent.com/cRz-Shadows/Pokemon_Trainer_Tournament_Simulator/main/Data/UsefulDatasets/gen_1_pokemon_learnsets.json
3,159,level-up,1,1,Supplied Gen-I learnset JSON,https://raw.githubusercontent.com/cRz-Shadows/Pokemon_Trainer_Tournament_Simulator/main/Data/UsefulDatasets/gen_1_pokemon_learnsets.json
3,144,level-up,1,1,Supplied Gen-I learnset JSON,https://raw.githubusercontent.com/cRz-Shadows/Pokemon_Trainer_Tournament_Simulator/main/Data/UsefulDatasets/gen_1_pokemon_learnsets.json
3,53,level-up,1,1,Supplied Gen-I learnset JSON,https://raw.githubusercontent.com/cRz-Shadows/Pokemon_Trainer_Tournament_Simulator/main/Data/UsefulDatasets/gen_1_pokemon_learnsets.json
3,73,level-up,1,1,Supplied Gen-I learnset JSON,https://raw.githubusercontent.com/cRz-Shadows/Pokemon_Trainer_Tournament_Simulator/main/Data/UsefulDatasets/gen_1_pokemon_learnsets.json
3,73,level-up,7,1,Supplied Gen-I learnset JSON,https://raw.githubusercontent.com/cRz-Shadows/Pokemon_Trainer_Tournament_Simulator/main/Data/UsefulDatasets/gen_1_pokemon_learnsets.json
3,159,level-up,13,1,Supplied Gen-I learnset JSON,https://raw.githubusercontent.com/cRz-Shadows/Pokemon_Trainer_Tournament_Simulator/main/Data/UsefulDatasets/gen_1_pokemon_learnsets.json
3,95,level-up,22,1,Supplied Gen-I learnset JSON,https://raw.githubusercontent.com/cRz-Shadows/Pokemon_Trainer_Tournament_Simulator/main/Data/UsefulDatasets/gen_1_pokemon_learnsets.json
3,102,level-up,30,1,Supplied Gen-I learnset JSON,https://raw.githubusercontent.com/cRz-Shadows/Pokemon_Trainer_Tournament_Simulator/main/Data/UsefulDatasets/gen_1_pokemon_learnsets.json
3,54,level-up,43,1,Supplied Gen-I learnset JSON,https://raw.githubusercontent.com/cRz-Shadows/Pokemon_Trainer_Tournament_Simulator/main/Data/UsefulDatasets/gen_1_pokemon_learnsets.json
3,122,level-up,55,1,Supplied Gen-I learnset JSON,https://raw.githubusercontent.com/cRz-Shadows/Pokemon_Trainer_Tournament_Simulator/main/Data/UsefulDatasets/gen_1_pokemon_learnsets.json
3,127,level-up,65,1,Supplied Gen-I learnset JSON,https://raw.githubusercontent.com/cRz-Shadows/Pokemon_Trainer_Tournament_Simulator/main/Data/UsefulDatasets/gen_1_pokemon_learnsets.json
3,143,TM/HM,0,1,Supplied Gen-I learnset JSON,https://raw.githubusercontent.com/cRz-Shadows/Pokemon_Trainer_Tournament_Simulator/main/Data/UsefulDatasets/gen_1_pokemon_learnsets.json
3,26,TM/HM,0,1,Supplied Gen-I learnset JSON,https://raw.githubusercontent.com/cRz-Shadows/Pokemon_Trainer_Tournament_Simulator/main/Data/UsefulDatasets/gen_1_pokemon_learnsets.json
3,13,TM/HM,0,1,Supplied Gen-I learnset JSON,https://raw.githubusercontent.com/cRz-Shadows/Pokemon_Trainer_Tournament_Simulator/main/Data/UsefulDatasets/gen_1_pokemon_learnsets.json
3,146,TM/HM,0,1,Supplied Gen-I learnset JSON,https://raw.githubusercontent.com/cRz-Shadows/Pokemon_Trainer_Tournament_Simulator/main/Data/UsefulDatasets/gen_1_pokemon_learnsets.json
3,33,TM/HM,0,1,Supplied Gen-I learnset JSON,https://raw.githubusercontent.com/cRz-Shadows/Pokemon_Trainer_Tournament_Simulator/main/Data/UsefulDatasets/gen_1_pokemon_learnsets.json
3,64,TM/HM,0,1,Supplied Gen-I learnset JSON,https://raw.githubusercontent.com/cRz-Shadows/Pokemon_Trainer_Tournament_Simulator/main/Data/UsefulDatasets/gen_1_pokemon_learnsets.json
3,80,TM/HM,0,1,Supplied Gen-I learnset JSON,https://raw.githubusercontent.com/cRz-Shadows/Pokemon_Trainer_Tournament_Simulator/main/Data/UsefulDatasets/gen_1_pokemon_learnsets.json
3,127,TM/HM,0,1,Supplied Gen-I learnset JSON,https://raw.githubusercontent.com/cRz-Shadows/Pokemon_Trainer_Tournament_Simulator/main/Data/UsefulDatasets/gen_1_pokemon_learnsets.json
3,154,TM/HM,0,1,Supplied Gen-I learnset JSON,https://raw.githubusercontent.com/cRz-Shadows/Pokemon_Trainer_Tournament_Simulator/main/Data/UsefulDatasets/gen_1_pokemon_learnsets.json
3,101,TM/HM,0,1,Supplied Gen-I learnset JSON,https://raw.githubusercontent.com/cRz-Shadows/Pokemon_Trainer_Tournament_Simulator/main/Data/UsefulDatasets/gen_1_pokemon_learnsets.json
3,84,TM/HM,0,1,Supplied Gen-I learnset JSON,https://raw.githubusercontent.com/cRz-Shadows/Pokemon_Trainer_Tournament_Simulator/main/Data/UsefulDatasets/gen_1_pokemon_learnsets.json
3,32,TM/HM,0,1,Supplied Gen-I learnset JSON,https://raw.githubusercontent.com/cRz-Shadows/Pokemon_Trainer_Tournament_Simulator/main/Data/UsefulDatasets/gen_1_pokemon_learnsets.json
3,105,TM/HM,0,1,Supplied Gen-I learnset JSON,https://raw.githubusercontent.com/cRz-Shadows/Pokemon_Trainer_Tournament_Simulator/main/Data/UsefulDatasets/gen_1_pokemon_learnsets.json
3,9,TM/HM,0,1,Supplied Gen-I learnset JSON,https://raw.githubusercontent.com/cRz-Shadows/Pokemon_Trainer_Tournament_Simulator/main/Data/UsefulDatasets/gen_1_pokemon_learnsets.json
3,106,TM/HM,0,1,Supplied Gen-I learnset JSON,https://raw.githubusercontent.com/cRz-Shadows/Pokemon_Trainer_Tournament_Simulator/main/Data/UsefulDatasets/gen_1_pokemon_learnsets.json
3,138,TM/HM,0,1,Supplied Gen-I learnset JSON,https://raw.githubusercontent.com/cRz-Shadows/Pokemon_Trainer_Tournament_Simulator/main/Data/UsefulDatasets/gen_1_pokemon_learnsets.json
4,112,level-up,1,1,Supplied Gen-I learnset JSON,https://raw.githubusercontent.com/cRz-Shadows/Pokemon_Trainer_Tournament_Simulator/main/Data/UsefulDatasets/gen_1_pokemon_learnsets.json
4,53,level-up,1,1,Supplied Gen-I learnset JSON,https://raw.githubusercontent.com/cRz-Shadows/Pokemon_Trainer_Tournament_Simulator/main/Data/UsefulDatasets/gen_1_pokemon_learnsets.json
4,40,level-up,9,1,Supplied Gen-I learnset JSON,https://raw.githubusercontent.com/cRz-Shadows/Pokemon_Trainer_Tournament_Simulator/main/Data/UsefulDatasets/gen_1_pokemon_learnsets.json
4,74,level-up,15,1,Supplied Gen-I learnset JSON,https://raw.githubusercontent.com/cRz-Shadows/Pokemon_Trainer_Tournament_Simulator/main/Data/UsefulDatasets/gen_1_pokemon_learnsets.json
4,101,level-up,22,1,Supplied Gen-I learnset JSON,https://raw.githubusercontent.com/cRz-Shadows/Pokemon_Trainer_Tournament_Simulator/main/Data/UsefulDatasets/gen_1_pokemon_learnsets.json
4,121,level-up,30,1,Supplied Gen-I learnset JSON,https://raw.githubusercontent.com/cRz-Shadows/Pokemon_Trainer_Tournament_Simulator/main/Data/UsefulDatasets/gen_1_pokemon_learnsets.json
4,46,level-up,38,1,Supplied Gen-I learnset JSON,https://raw.githubusercontent.com/cRz-Shadows/Pokemon_Trainer_Tournament_Simulator/main/Data/UsefulDatasets/gen_1_pokemon_learnsets.json
4,44,level-up,46,1,Supplied Gen-I learnset JSON,https://raw.githubusercontent.com/cRz-Shadows/Pokemon_Trainer_Tournament_Simulator/main/Data/UsefulDatasets/gen_1_pokemon_learnsets.json
4,82,TM/HM,0,1,Supplied Gen-I learnset JSON,https://raw.githubusercontent.com/cRz-Shadows/Pokemon_Trainer_Tournament_Simulator/main/Data/UsefulDatasets/gen_1_pokemon_learnsets.json
4,143,TM/HM,0,1,Supplied Gen-I learnset JSON,https://raw.githubusercontent.com/cRz-Shadows/Pokemon_Trainer_Tournament_Simulator/main/Data/UsefulDatasets/gen_1_pokemon_learnsets.json
4,26,TM/HM,0,1,Supplied Gen-I learnset JSON,https://raw.githubusercontent.com/cRz-Shadows/Pokemon_Trainer_Tournament_Simulator/main/Data/UsefulDatasets/gen_1_pokemon_learnsets.json
4,81,TM/HM,0,1,Supplied Gen-I learnset JSON,https://raw.githubusercontent.com/cRz-Shadows/Pokemon_Trainer_Tournament_Simulator/main/Data/UsefulDatasets/gen_1_pokemon_learnsets.json
4,13,TM/HM,0,1,Supplied Gen-I learnset JSON,https://raw.githubusercontent.com/cRz-Shadows/Pokemon_Trainer_Tournament_Simulator/main/Data/UsefulDatasets/gen_1_pokemon_learnsets.json
4,146,TM/HM,0,1,Supplied Gen-I learnset JSON,https://raw.githubusercontent.com/cRz-Shadows/Pokemon_Trainer_Tournament_Simulator/main/Data/UsefulDatasets/gen_1_pokemon_learnsets.json
4,33,TM/HM,0,1,Supplied Gen-I learnset JSON,https://raw.githubusercontent.com/cRz-Shadows/Pokemon_Trainer_Tournament_Simulator/main/Data/UsefulDatasets/gen_1_pokemon_learnsets.json
4,137,TM/HM,0,1,Supplied Gen-I learnset JSON,https://raw.githubusercontent.com/cRz-Shadows/Pokemon_Trainer_Tournament_Simulator/main/Data/UsefulDatasets/gen_1_pokemon_learnsets.json
4,24,TM/HM,0,1,Supplied Gen-I learnset JSON,https://raw.githubusercontent.com/cRz-Shadows/Pokemon_Trainer_Tournament_Simulator/main/Data/UsefulDatasets/gen_1_pokemon_learnsets.json
4,114,TM/HM,0,1,Supplied Gen-I learnset JSON,https://raw.githubusercontent.com/cRz-Shadows/Pokemon_Trainer_Tournament_Simulator/main/Data/UsefulDatasets/gen_1_pokemon_learnsets.json
4,133,TM/HM,0,1,Supplied Gen-I learnset JSON,https://raw.githubusercontent.com/cRz-Shadows/Pokemon_Trainer_Tournament_Simulator/main/Data/UsefulDatasets/gen_1_pokemon_learnsets.json
4,35,TM/HM,0,1,Supplied Gen-I learnset JSON,https://raw.githubusercontent.com/cRz-Shadows/Pokemon_Trainer_Tournament_Simulator/main/Data/UsefulDatasets/gen_1_pokemon_learnsets.json
4,28,TM/HM,0,1,Supplied Gen-I learnset JSON,https://raw.githubusercontent.com/cRz-Shadows/Pokemon_Trainer_Tournament_Simulator/main/Data/UsefulDatasets/gen_1_pokemon_learnsets.json
4,154,TM/HM,0,1,Supplied Gen-I learnset JSON,https://raw.githubusercontent.com/cRz-Shadows/Pokemon_Trainer_Tournament_Simulator/main/Data/UsefulDatasets/gen_1_pokemon_learnsets.json
4,101,TM/HM,0,1,Supplied Gen-I learnset JSON,https://raw.githubusercontent.com/cRz-Shadows/Pokemon_Trainer_Tournament_Simulator/main/Data/UsefulDatasets/gen_1_pokemon_learnsets.json
4,84,TM/HM,0,1,Supplied Gen-I learnset JSON,https://raw.githubusercontent.com/cRz-Shadows/Pokemon_Trainer_Tournament_Simulator/main/Data/UsefulDatasets/gen_1_pokemon_learnsets.json
4,32,TM/HM,0,1,Supplied Gen-I learnset JSON,https://raw.githubusercontent.com/cRz-Shadows/Pokemon_Trainer_Tournament_Simulator/main/Data/UsefulDatasets/gen_1_pokemon_learnsets.json
4,105,TM/HM,0,1,Supplied Gen-I learnset JSON,https://raw.githubusercontent.com/cRz-Shadows/Pokemon_Trainer_Tournament_Simulator/main/Data/UsefulDatasets/gen_1_pokemon_learnsets.json
4,9,TM/HM,0,1,Supplied Gen-I learnset JSON,https://raw.githubusercontent.com/cRz-Shadows/Pokemon_Trainer_Tournament_Simulator/main/Data/UsefulDatasets/gen_1_pokemon_learnsets.json
4,42,TM/HM,0,1,Supplied Gen-I learnset JSON,https://raw.githubusercontent.com/cRz-Shadows/Pokemon_Trainer_Tournament_Simulator/main/Data/UsefulDatasets/gen_1_pokemon_learnsets.json
4,142,TM/HM,0,1,Supplied Gen-I learnset JSON,https://raw.githubusercontent.com/cRz-Shadows/Pokemon_Trainer_Tournament_Simulator/main/Data/UsefulDatasets/gen_1_pokemon_learnsets.json
4,118,TM/HM,0,1,Supplied Gen-I learnset JSON,https://raw.githubusercontent.com/cRz-Shadows/Pokemon_Trainer_Tournament_Simulator/main/Data/UsefulDatasets/gen_1_pokemon_learnsets.json
4,106,TM/HM,0,1,Supplied Gen-I learnset JSON,https://raw.githubusercontent.com/cRz-Shadows/Pokemon_Trainer_Tournament_Simulator/main/Data/UsefulDatasets/gen_1_pokemon_learnsets.json
4,138,TM/HM,0,1,Supplied Gen-I learnset JSON,https://raw.githubusercontent.com/cRz-Shadows/Pokemon_Trainer_Tournament_Simulator/main/Data/UsefulDatasets/gen_1_pokemon_learnsets.json
5,112,level-up,1,1,Supplied Gen-I learnset JSON,https://raw.githubusercontent.com/cRz-Shadows/Pokemon_Trainer_Tournament_Simulator/main/Data/UsefulDatasets/gen_1_pokemon_learnsets.json
5,40,level-up,1,1,Supplied Gen-I learnset JSON,https://raw.githubusercontent.com/cRz-Shadows/Pokemon_Trainer_Tournament_Simulator/main/Data/UsefulDatasets/gen_1_pokemon_learnsets.json
5,53,level-up,1,1,Supplied Gen-I learnset JSON,https://raw.githubusercontent.com/cRz-Shadows/Pokemon_Trainer_Tournament_Simulator/main/Data/UsefulDatasets/gen_1_pokemon_learnsets.json
5,40,level-up,9,1,Supplied Gen-I learnset JSON,https://raw.githubusercontent.com/cRz-Shadows/Pokemon_Trainer_Tournament_Simulator/main/Data/UsefulDatasets/gen_1_pokemon_learnsets.json
5,74,level-up,15,1,Supplied Gen-I learnset JSON,https://raw.githubusercontent.com/cRz-Shadows/Pokemon_Trainer_Tournament_Simulator/main/Data/UsefulDatasets/gen_1_pokemon_learnsets.json
5,101,level-up,24,1,Supplied Gen-I learnset JSON,https://raw.githubusercontent.com/cRz-Shadows/Pokemon_Trainer_Tournament_Simulator/main/Data/UsefulDatasets/gen_1_pokemon_learnsets.json
5,121,level-up,33,1,Supplied Gen-I learnset JSON,https://raw.githubusercontent.com/cRz-Shadows/Pokemon_Trainer_Tournament_Simulator/main/Data/UsefulDatasets/gen_1_pokemon_learnsets.json
5,46,level-up,42,1,Supplied Gen-I learnset JSON,https://raw.githubusercontent.com/cRz-Shadows/Pokemon_Trainer_Tournament_Simulator/main/Data/UsefulDatasets/gen_1_pokemon_learnsets.json
5,44,level-up,56,1,Supplied Gen-I learnset JSON,https://raw.githubusercontent.com/cRz-Shadows/Pokemon_Trainer_Tournament_Simulator/main/Data/UsefulDatasets/gen_1_pokemon_learnsets.json
5,82,TM/HM,0,1,Supplied Gen-I learnset JSON,https://raw.githubusercontent.com/cRz-Shadows/Pokemon_Trainer_Tournament_Simulator/main/Data/UsefulDatasets/gen_1_pokemon_learnsets.json
5,143,TM/HM,0,1,Supplied Gen-I learnset JSON,https://raw.githubusercontent.com/cRz-Shadows/Pokemon_Trainer_Tournament_Simulator/main/Data/UsefulDatasets/gen_1_pokemon_learnsets.json
5,26,TM/HM,0,1,Supplied Gen-I learnset JSON,https://raw.githubusercontent.com/cRz-Shadows/Pokemon_Trainer_Tournament_Simulator/main/Data/UsefulDatasets/gen_1_pokemon_learnsets.json
5,81,TM/HM,0,1,Supplied Gen-I learnset JSON,https://raw.githubusercontent.com/cRz-Shadows/Pokemon_Trainer_Tournament_Simulator/main/Data/UsefulDatasets/gen_1_pokemon_learnsets.json
5,13,TM/HM,0,1,Supplied Gen-I learnset JSON,https://raw.githubusercontent.com/cRz-Shadows/Pokemon_Trainer_Tournament_Simulator/main/Data/UsefulDatasets/gen_1_pokemon_learnsets.json
5,146,TM/HM,0,1,Supplied Gen-I learnset JSON,https://raw.githubusercontent.com/cRz-Shadows/Pokemon_Trainer_Tournament_Simulator/main/Data/UsefulDatasets/gen_1_pokemon_learnsets.json
5,33,TM/HM,0,1,Supplied Gen-I learnset JSON,https://raw.githubusercontent.com/cRz-Shadows/Pokemon_Trainer_Tournament_Simulator/main/Data/UsefulDatasets/gen_1_pokemon_learnsets.json
5,137,TM/HM,0,1,Supplied Gen-I learnset JSON,https://raw.githubusercontent.com/cRz-Shadows/Pokemon_Trainer_Tournament_Simulator/main/Data/UsefulDatasets/gen_1_pokemon_learnsets.json
5,24,TM/HM,0,1,Supplied Gen-I learnset JSON,https://raw.githubusercontent.com/cRz-Shadows/Pokemon_Trainer_Tournament_Simulator/main/Data/UsefulDatasets/gen_1_pokemon_learnsets.json
5,114,TM/HM,0,1,Supplied Gen-I learnset JSON,https://raw.githubusercontent.com/cRz-Shadows/Pokemon_Trainer_Tournament_Simulator/main/Data/UsefulDatasets/gen_1_pokemon_learnsets.json
5,133,TM/HM,0,1,Supplied Gen-I learnset JSON,https://raw.githubusercontent.com/cRz-Shadows/Pokemon_Trainer_Tournament_Simulator/main/Data/UsefulDatasets/gen_1_pokemon_learnsets.json
5,35,TM/HM,0,1,Supplied Gen-I learnset JSON,https://raw.githubusercontent.com/cRz-Shadows/Pokemon_Trainer_Tournament_Simulator/main/Data/UsefulDatasets/gen_1_pokemon_learnsets.json
5,28,TM/HM,0,1,Supplied Gen-I learnset JSON,https://raw.githubusercontent.com/cRz-Shadows/Pokemon_Trainer_Tournament_Simulator/main/Data/UsefulDatasets/gen_1_pokemon_learnsets.json
5,154,TM/HM,0,1,Supplied Gen-I learnset JSON,https://raw.githubusercontent.com/cRz-Shadows/Pokemon_Trainer_Tournament_Simulator/main/Data/UsefulDatasets/gen_1_pokemon_learnsets.json
5,101,TM/HM,0,1,Supplied Gen-I learnset JSON,https://raw.githubusercontent.com/cRz-Shadows/Pokemon_Trainer_Tournament_Simulator/main/Data/UsefulDatasets/gen_1_pokemon_learnsets.json
5,84,TM/HM,0,1,Supplied Gen-I learnset JSON,https://raw.githubusercontent.com/cRz-Shadows/Pokemon_Trainer_Tournament_Simulator/main/Data/UsefulDatasets/gen_1_pokemon_learnsets.json
5,32,TM/HM,0,1,Supplied Gen-I learnset JSON,https://raw.githubusercontent.com/cRz-Shadows/Pokemon_Trainer_Tournament_Simulator/main/Data/UsefulDatasets/gen_1_pokemon_learnsets.json
5,105,TM/HM,0,1,Supplied Gen-I learnset JSON,https://raw.githubusercontent.com/cRz-Shadows/Pokemon_Trainer_Tournament_Simulator/main/Data/UsefulDatasets/gen_1_pokemon_learnsets.json
5,9,TM/HM,0,1,Supplied Gen-I learnset JSON,https://raw.githubusercontent.com/cRz-Shadows/Pokemon_Trainer_Tournament_Simulator/main/Data/UsefulDatasets/gen_1_pokemon_learnsets.json
5,42,TM/HM,0,1,Supplied Gen-I learnset JSON,https://raw.githubusercontent.com/cRz-Shadows/Pokemon_Trainer_Tournament_Simulator/main/Data/UsefulDatasets/gen_1_pokemon_learnsets.json
5,142,TM/HM,0,1,Supplied Gen-I learnset JSON,https://raw.githubusercontent.com/cRz-Shadows/Pokemon_Trainer_Tournament_Simulator/main/Data/UsefulDatasets/gen_1_pokemon_learnsets.json
5,118,TM/HM,0,1,Supplied Gen-I learnset JSON,https://raw.githubusercontent.com/cRz-Shadows/Pokemon_Trainer_Tournament_Simulator/main/Data/UsefulDatasets/gen_1_pokemon_learnsets.json
5,106,TM/HM,0,1,Supplied Gen-I learnset JSON,https://raw.githubusercontent.com/cRz-Shadows/Pokemon_Trainer_Tournament_Simulator/main/Data/UsefulDatasets/gen_1_pokemon_learnsets.json
5,138,TM/HM,0,1,Supplied Gen-I learnset JSON,https://raw.githubusercontent.com/cRz-Shadows/Pokemon_Trainer_Tournament_Simulator/main/Data/UsefulDatasets/gen_1_pokemon_learnsets.json
6,112,level-up,1,1,Supplied Gen-I learnset JSON,https://raw.githubusercontent.com/cRz-Shadows/Pokemon_Trainer_Tournament_Simulator/main/Data/UsefulDatasets/gen_1_pokemon_learnsets.json
6,40,level-up,1,1,Supplied Gen-I learnset JSON,https://raw.githubusercontent.com/cRz-Shadows/Pokemon_Trainer_Tournament_Simulator/main/Data/UsefulDatasets/gen_1_pokemon_learnsets.json
6,74,level-up,1,1,Supplied Gen-I learnset JSON,https://raw.githubusercontent.com/cRz-Shadows/Pokemon_Trainer_Tournament_Simulator/main/Data/UsefulDatasets/gen_1_pokemon_learnsets.json
6,53,level-up,1,1,Supplied Gen-I learnset JSON,https://raw.githubusercontent.com/cRz-Shadows/Pokemon_Trainer_Tournament_Simulator/main/Data/UsefulDatasets/gen_1_pokemon_learnsets.json
6,40,level-up,9,1,Supplied Gen-I learnset JSON,https://raw.githubusercontent.com/cRz-Shadows/Pokemon_Trainer_Tournament_Simulator/main/Data/UsefulDatasets/gen_1_pokemon_learnsets.json
6,74,level-up,15,1,Supplied Gen-I learnset JSON,https://raw.githubusercontent.com/cRz-Shadows/Pokemon_Trainer_Tournament_Simulator/main/Data/UsefulDatasets/gen_1_pokemon_learnsets.json
6,101,level-up,24,1,Supplied Gen-I learnset JSON,https://raw.githubusercontent.com/cRz-Shadows/Pokemon_Trainer_Tournament_Simulator/main/Data/UsefulDatasets/gen_1_pokemon_learnsets.json
6,121,level-up,36,1,Supplied Gen-I learnset JSON,https://raw.githubusercontent.com/cRz-Shadows/Pokemon_Trainer_Tournament_Simulator/main/Data/UsefulDatasets/gen_1_pokemon_learnsets.json
6,46,level-up,46,1,Supplied Gen-I learnset JSON,https://raw.githubusercontent.com/cRz-Shadows/Pokemon_Trainer_Tournament_Simulator/main/Data/UsefulDatasets/gen_1_pokemon_learnsets.json
6,44,level-up,55,1,Supplied Gen-I learnset JSON,https://raw.githubusercontent.com/cRz-Shadows/Pokemon_Trainer_Tournament_Simulator/main/Data/UsefulDatasets/gen_1_pokemon_learnsets.json
6,82,TM/HM,0,1,Supplied Gen-I learnset JSON,https://raw.githubusercontent.com/cRz-Shadows/Pokemon_Trainer_Tournament_Simulator/main/Data/UsefulDatasets/gen_1_pokemon_learnsets.json
6,143,TM/HM,0,1,Supplied Gen-I learnset JSON,https://raw.githubusercontent.com/cRz-Shadows/Pokemon_Trainer_Tournament_Simulator/main/Data/UsefulDatasets/gen_1_pokemon_learnsets.json
6,26,TM/HM,0,1,Supplied Gen-I learnset JSON,https://raw.githubusercontent.com/cRz-Shadows/Pokemon_Trainer_Tournament_Simulator/main/Data/UsefulDatasets/gen_1_pokemon_learnsets.json
6,81,TM/HM,0,1,Supplied Gen-I learnset JSON,https://raw.githubusercontent.com/cRz-Shadows/Pokemon_Trainer_Tournament_Simulator/main/Data/UsefulDatasets/gen_1_pokemon_learnsets.json
6,13,TM/HM,0,1,Supplied Gen-I learnset JSON,https://raw.githubusercontent.com/cRz-Shadows/Pokemon_Trainer_Tournament_Simulator/main/Data/UsefulDatasets/gen_1_pokemon_learnsets.json
6,146,TM/HM,0,1,Supplied Gen-I learnset JSON,https://raw.githubusercontent.com/cRz-Shadows/Pokemon_Trainer_Tournament_Simulator/main/Data/UsefulDatasets/gen_1_pokemon_learnsets.json
6,33,TM/HM,0,1,Supplied Gen-I learnset JSON,https://raw.githubusercontent.com/cRz-Shadows/Pokemon_Trainer_Tournament_Simulator/main/Data/UsefulDatasets/gen_1_pokemon_learnsets.json
6,64,TM/HM,0,1,Supplied Gen-I learnset JSON,https://raw.githubusercontent.com/cRz-Shadows/Pokemon_Trainer_Tournament_Simulator/main/Data/UsefulDatasets/gen_1_pokemon_learnsets.json
6,137,TM/HM,0,1,Supplied Gen-I learnset JSON,https://raw.githubusercontent.com/cRz-Shadows/Pokemon_Trainer_Tournament_Simulator/main/Data/UsefulDatasets/gen_1_pokemon_learnsets.json
6,24,TM/HM,0,1,Supplied Gen-I learnset JSON,https://raw.githubusercontent.com/cRz-Shadows/Pokemon_Trainer_Tournament_Simulator/main/Data/UsefulDatasets/gen_1_pokemon_learnsets.json
6,114,TM/HM,0,1,Supplied Gen-I learnset JSON,https://raw.githubusercontent.com/cRz-Shadows/Pokemon_Trainer_Tournament_Simulator/main/Data/UsefulDatasets/gen_1_pokemon_learnsets.json
6,133,TM/HM,0,1,Supplied Gen-I learnset JSON,https://raw.githubusercontent.com/cRz-Shadows/Pokemon_Trainer_Tournament_Simulator/main/Data/UsefulDatasets/gen_1_pokemon_learnsets.json
6,35,TM/HM,0,1,Supplied Gen-I learnset JSON,https://raw.githubusercontent.com/cRz-Shadows/Pokemon_Trainer_Tournament_Simulator/main/Data/UsefulDatasets/gen_1_pokemon_learnsets.json
6,38,TM/HM,0,1,Supplied Gen-I learnset JSON,https://raw.githubusercontent.com/cRz-Shadows/Pokemon_Trainer_Tournament_Simulator/main/Data/UsefulDatasets/gen_1_pokemon_learnsets.json
6,45,TM/HM,0,1,Supplied Gen-I learnset JSON,https://raw.githubusercontent.com/cRz-Shadows/Pokemon_Trainer_Tournament_Simulator/main/Data/UsefulDatasets/gen_1_pokemon_learnsets.json
6,28,TM/HM,0,1,Supplied Gen-I learnset JSON,https://raw.githubusercontent.com/cRz-Shadows/Pokemon_Trainer_Tournament_Simulator/main/Data/UsefulDatasets/gen_1_pokemon_learnsets.json
6,154,TM/HM,0,1,Supplied Gen-I learnset JSON,https://raw.githubusercontent.com/cRz-Shadows/Pokemon_Trainer_Tournament_Simulator/main/Data/UsefulDatasets/gen_1_pokemon_learnsets.json
6,101,TM/HM,0,1,Supplied Gen-I learnset JSON,https://raw.githubusercontent.com/cRz-Shadows/Pokemon_Trainer_Tournament_Simulator/main/Data/UsefulDatasets/gen_1_pokemon_learnsets.json
6,84,TM/HM,0,1,Supplied Gen-I learnset JSON,https://raw.githubusercontent.com/cRz-Shadows/Pokemon_Trainer_Tournament_Simulator/main/Data/UsefulDatasets/gen_1_pokemon_learnsets.json
6,32,TM/HM,0,1,Supplied Gen-I learnset JSON,https://raw.githubusercontent.com/cRz-Shadows/Pokemon_Trainer_Tournament_Simulator/main/Data/UsefulDatasets/gen_1_pokemon_learnsets.json
6,105,TM/HM,0,1,Supplied Gen-I learnset JSON,https://raw.githubusercontent.com/cRz-Shadows/Pokemon_Trainer_Tournament_Simulator/main/Data/UsefulDatasets/gen_1_pokemon_learnsets.json
6,9,TM/HM,0,1,Supplied Gen-I learnset JSON,https://raw.githubusercontent.com/cRz-Shadows/Pokemon_Trainer_Tournament_Simulator/main/Data/UsefulDatasets/gen_1_pokemon_learnsets.json
6,42,TM/HM,0,1,Supplied Gen-I learnset JSON,https://raw.githubusercontent.com/cRz-Shadows/Pokemon_Trainer_Tournament_Simulator/main/Data/UsefulDatasets/gen_1_pokemon_learnsets.json
6,142,TM/HM,0,1,Supplied Gen-I learnset JSON,https://raw.githubusercontent.com/cRz-Shadows/Pokemon_Trainer_Tournament_Simulator/main/Data/UsefulDatasets/gen_1_pokemon_learnsets.json
6,118,TM/HM,0,1,Supplied Gen-I learnset JSON,https://raw.githubusercontent.com/cRz-Shadows/Pokemon_Trainer_Tournament_Simulator/main/Data/UsefulDatasets/gen_1_pokemon_learnsets.json
6,106,TM/HM,0,1,Supplied Gen-I learnset JSON,https://raw.githubusercontent.com/cRz-Shadows/Pokemon_Trainer_Tournament_Simulator/main/Data/UsefulDatasets/gen_1_pokemon_learnsets.json
6,138,TM/HM,0,1,Supplied Gen-I learnset JSON,https://raw.githubusercontent.com/cRz-Shadows/Pokemon_Trainer_Tournament_Simulator/main/Data/UsefulDatasets/gen_1_pokemon_learnsets.json
7,144,level-up,1,1,Supplied Gen-I learnset JSON,https://raw.githubusercontent.com/cRz-Shadows/Pokemon_Trainer_Tournament_Simulator/main/Data/UsefulDatasets/gen_1_pokemon_learnsets.json
7,145,level-up,1,1,Supplied Gen-I learnset JSON,https://raw.githubusercontent.com/cRz-Shadows/Pokemon_Trainer_Tournament_Simulator/main/Data/UsefulDatasets/gen_1_pokemon_learnsets.json
7,16,level-up,8,1,Supplied Gen-I learnset JSON,https://raw.githubusercontent.com/cRz-Shadows/Pokemon_Trainer_Tournament_Simulator/main/Data/UsefulDatasets/gen_1_pokemon_learnsets.json
7,160,level-up,15,1,Supplied Gen-I learnset JSON,https://raw.githubusercontent.com/cRz-Shadows/Pokemon_Trainer_Tournament_Simulator/main/Data/UsefulDatasets/gen_1_pokemon_learnsets.json
7,11,level-up,22,1,Supplied Gen-I learnset JSON,https://raw.githubusercontent.com/cRz-Shadows/Pokemon_Trainer_Tournament_Simulator/main/Data/UsefulDatasets/gen_1_pokemon_learnsets.json
7,164,level-up,28,1,Supplied Gen-I learnset JSON,https://raw.githubusercontent.com/cRz-Shadows/Pokemon_Trainer_Tournament_Simulator/main/Data/UsefulDatasets/gen_1_pokemon_learnsets.json
7,118,level-up,35,1,Supplied Gen-I learnset JSON,https://raw.githubusercontent.com/cRz-Shadows/Pokemon_Trainer_Tournament_Simulator/main/Data/UsefulDatasets/gen_1_pokemon_learnsets.json
7,63,level-up,42,1,Supplied Gen-I learnset JSON,https://raw.githubusercontent.com/cRz-Shadows/Pokemon_Trainer_Tournament_Simulator/main/Data/UsefulDatasets/gen_1_pokemon_learnsets.json
7,82,TM/HM,0,1,Supplied Gen-I learnset JSON,https://raw.githubusercontent.com/cRz-Shadows/Pokemon_Trainer_Tournament_Simulator/main/Data/UsefulDatasets/gen_1_pokemon_learnsets.json
7,81,TM/HM,0,1,Supplied Gen-I learnset JSON,https://raw.githubusercontent.com/cRz-Shadows/Pokemon_Trainer_Tournament_Simulator/main/Data/UsefulDatasets/gen_1_pokemon_learnsets.json
7,13,TM/HM,0,1,Supplied Gen-I learnset JSON,https://raw.githubusercontent.com/cRz-Shadows/Pokemon_Trainer_Tournament_Simulator/main/Data/UsefulDatasets/gen_1_pokemon_learnsets.json
7,146,TM/HM,0,1,Supplied Gen-I learnset JSON,https://raw.githubusercontent.com/cRz-Shadows/Pokemon_Trainer_Tournament_Simulator/main/Data/UsefulDatasets/gen_1_pokemon_learnsets.json
7,33,TM/HM,0,1,Supplied Gen-I learnset JSON,https://raw.githubusercontent.com/cRz-Shadows/Pokemon_Trainer_Tournament_Simulator/main/Data/UsefulDatasets/gen_1_pokemon_learnsets.json
7,160,TM/HM,0,1,Supplied Gen-I learnset JSON,https://raw.githubusercontent.com/cRz-Shadows/Pokemon_Trainer_Tournament_Simulator/main/Data/UsefulDatasets/gen_1_pokemon_learnsets.json
7,141,TM/HM,0,1,Supplied Gen-I learnset JSON,https://raw.githubusercontent.com/cRz-Shadows/Pokemon_Trainer_Tournament_Simulator/main/Data/UsefulDatasets/gen_1_pokemon_learnsets.json
7,67,TM/HM,0,1,Supplied Gen-I learnset JSON,https://raw.githubusercontent.com/cRz-Shadows/Pokemon_Trainer_Tournament_Simulator/main/Data/UsefulDatasets/gen_1_pokemon_learnsets.json
7,12,TM/HM,0,1,Supplied Gen-I learnset JSON,https://raw.githubusercontent.com/cRz-Shadows/Pokemon_Trainer_Tournament_Simulator/main/Data/UsefulDatasets/gen_1_pokemon_learnsets.json
7,17,TM/HM,0,1,Supplied Gen-I learnset JSON,https://raw.githubusercontent.com/cRz-Shadows/Pokemon_Trainer_Tournament_Simulator/main/Data/UsefulDatasets/gen_1_pokemon_learnsets.json
7,137,TM/HM,0,1,Supplied Gen-I learnset JSON,https://raw.githubusercontent.com/cRz-Shadows/Pokemon_Trainer_Tournament_Simulator/main/Data/UsefulDatasets/gen_1_pokemon_learnsets.json
7,24,TM/HM,0,1,Supplied Gen-I learnset JSON,https://raw.githubusercontent.com/cRz-Shadows/Pokemon_Trainer_Tournament_Simulator/main/Data/UsefulDatasets/gen_1_pokemon_learnsets.json
7,114,TM/HM,0,1,Supplied Gen-I learnset JSON,https://raw.githubusercontent.com/cRz-Shadows/Pokemon_Trainer_Tournament_Simulator/main/Data/UsefulDatasets/gen_1_pokemon_learnsets.json
7,133,TM/HM,0,1,Supplied Gen-I learnset JSON,https://raw.githubusercontent.com/cRz-Shadows/Pokemon_Trainer_Tournament_Simulator/main/Data/UsefulDatasets/gen_1_pokemon_learnsets.json
7,28,TM/HM,0,1,Supplied Gen-I learnset JSON,https://raw.githubusercontent.com/cRz-Shadows/Pokemon_Trainer_Tournament_Simulator/main/Data/UsefulDatasets/gen_1_pokemon_learnsets.json
7,154,TM/HM,0,1,Supplied Gen-I learnset JSON,https://raw.githubusercontent.com/cRz-Shadows/Pokemon_Trainer_Tournament_Simulator/main/Data/UsefulDatasets/gen_1_pokemon_learnsets.json
7,101,TM/HM,0,1,Supplied Gen-I learnset JSON,https://raw.githubusercontent.com/cRz-Shadows/Pokemon_Trainer_Tournament_Simulator/main/Data/UsefulDatasets/gen_1_pokemon_learnsets.json
7,84,TM/HM,0,1,Supplied Gen-I learnset JSON,https://raw.githubusercontent.com/cRz-Shadows/Pokemon_Trainer_Tournament_Simulator/main/Data/UsefulDatasets/gen_1_pokemon_learnsets.json
7,32,TM/HM,0,1,Supplied Gen-I learnset JSON,https://raw.githubusercontent.com/cRz-Shadows/Pokemon_Trainer_Tournament_Simulator/main/Data/UsefulDatasets/gen_1_pokemon_learnsets.json
7,105,TM/HM,0,1,Supplied Gen-I learnset JSON,https://raw.githubusercontent.com/cRz-Shadows/Pokemon_Trainer_Tournament_Simulator/main/Data/UsefulDatasets/gen_1_pokemon_learnsets.json
7,9,TM/HM,0,1,Supplied Gen-I learnset JSON,https://raw.githubusercontent.com/cRz-Shadows/Pokemon_Trainer_Tournament_Simulator/main/Data/UsefulDatasets/gen_1_pokemon_learnsets.json
7,118,TM/HM,0,1,Supplied Gen-I learnset JSON,https://raw.githubusercontent.com/cRz-Shadows/Pokemon_Trainer_Tournament_Simulator/main/Data/UsefulDatasets/gen_1_pokemon_learnsets.json
7,106,TM/HM,0,1,Supplied Gen-I learnset JSON,https://raw.githubusercontent.com/cRz-Shadows/Pokemon_Trainer_Tournament_Simulator/main/Data/UsefulDatasets/gen_1_pokemon_learnsets.json
7,138,TM/HM,0,1,Supplied Gen-I learnset JSON,https://raw.githubusercontent.com/cRz-Shadows/Pokemon_Trainer_Tournament_Simulator/main/Data/UsefulDatasets/gen_1_pokemon_learnsets.json
8,16,level-up,1,1,Supplied Gen-I learnset JSON,https://raw.githubusercontent.com/cRz-Shadows/Pokemon_Trainer_Tournament_Simulator/main/Data/UsefulDatasets/gen_1_pokemon_learnsets.json
8,144,level-up,1,1,Supplied Gen-I learnset JSON,https://raw.githubusercontent.com/cRz-Shadows/Pokemon_Trainer_Tournament_Simulator/main/Data/UsefulDatasets/gen_1_pokemon_learnsets.json
8,145,level-up,1,1,Supplied Gen-I learnset JSON,https://raw.githubusercontent.com/cRz-Shadows/Pokemon_Trainer_Tournament_Simulator/main/Data/UsefulDatasets/gen_1_pokemon_learnsets.json
8,16,level-up,8,1,Supplied Gen-I learnset JSON,https://raw.githubusercontent.com/cRz-Shadows/Pokemon_Trainer_Tournament_Simulator/main/Data/UsefulDatasets/gen_1_pokemon_learnsets.json
8,160,level-up,15,1,Supplied Gen-I learnset JSON,https://raw.githubusercontent.com/cRz-Shadows/Pokemon_Trainer_Tournament_Simulator/main/Data/UsefulDatasets/gen_1_pokemon_learnsets.json
8,11,level-up,24,1,Supplied Gen-I learnset JSON,https://raw.githubusercontent.com/cRz-Shadows/Pokemon_Trainer_Tournament_Simulator/main/Data/UsefulDatasets/gen_1_pokemon_learnsets.json
8,164,level-up,31,1,Supplied Gen-I learnset JSON,https://raw.githubusercontent.com/cRz-Shadows/Pokemon_Trainer_Tournament_Simulator/main/Data/UsefulDatasets/gen_1_pokemon_learnsets.json
8,118,level-up,39,1,Supplied Gen-I learnset JSON,https://raw.githubusercontent.com/cRz-Shadows/Pokemon_Trainer_Tournament_Simulator/main/Data/UsefulDatasets/gen_1_pokemon_learnsets.json
8,63,level-up,47,1,Supplied Gen-I learnset JSON,https://raw.githubusercontent.com/cRz-Shadows/Pokemon_Trainer_Tournament_Simulator/main/Data/UsefulDatasets/gen_1_pokemon_learnsets.json
8,82,TM/HM,0,1,Supplied Gen-I learnset JSON,https://raw.githubusercontent.com/cRz-Shadows/Pokemon_Trainer_Tournament_Simulator/main/Data/UsefulDatasets/gen_1_pokemon_learnsets.json
8,81,TM/HM,0,1,Supplied Gen-I learnset JSON,https://raw.githubusercontent.com/cRz-Shadows/Pokemon_Trainer_Tournament_Simulator/main/Data/UsefulDatasets/gen_1_pokemon_learnsets.json
8,13,TM/HM,0,1,Supplied Gen-I learnset JSON,https://raw.githubusercontent.com/cRz-Shadows/Pokemon_Trainer_Tournament_Simulator/main/Data/UsefulDatasets/gen_1_pokemon_learnsets.json
8,146,TM/HM,0,1,Supplied Gen-I learnset JSON,https://raw.githubusercontent.com/cRz-Shadows/Pokemon_Trainer_Tournament_Simulator/main/Data/UsefulDatasets/gen_1_pokemon_learnsets.json
8,33,TM/HM,0,1,Supplied Gen-I learnset JSON,https://raw.githubusercontent.com/cRz-Shadows/Pokemon_Trainer_Tournament_Simulator/main/Data/UsefulDatasets/gen_1_pokemon_learnsets.json
8,160,TM/HM,0,1,Supplied Gen-I learnset JSON,https://raw.githubusercontent.com/cRz-Shadows/Pokemon_Trainer_Tournament_Simulator/main/Data/UsefulDatasets/gen_1_pokemon_learnsets.json
8,141,TM/HM,0,1,Supplied Gen-I learnset JSON,https://raw.githubusercontent.com/cRz-Shadows/Pokemon_Trainer_Tournament_Simulator/main/Data/UsefulDatasets/gen_1_pokemon_learnsets.json
8,67,TM/HM,0,1,Supplied Gen-I learnset JSON,https://raw.githubusercontent.com/cRz-Shadows/Pokemon_Trainer_Tournament_Simulator/main/Data/UsefulDatasets/gen_1_pokemon_learnsets.json
8,12,TM/HM,0,1,Supplied Gen-I learnset JSON,https://raw.githubusercontent.com/cRz-Shadows/Pokemon_Trainer_Tournament_Simulator/main/Data/UsefulDatasets/gen_1_pokemon_learnsets.json
8,17,TM/HM,0,1,Supplied Gen-I learnset JSON,https://raw.githubusercontent.com/cRz-Shadows/Pokemon_Trainer_Tournament_Simulator/main/Data/UsefulDatasets/gen_1_pokemon_learnsets.json
8,137,TM/HM,0,1,Supplied Gen-I learnset JSON,https://raw.githubusercontent.com/cRz-Shadows/Pokemon_Trainer_Tournament_Simulator/main/Data/UsefulDatasets/gen_1_pokemon_learnsets.json
8,24,TM/HM,0,1,Supplied Gen-I learnset JSON,https://raw.githubusercontent.com/cRz-Shadows/Pokemon_Trainer_Tournament_Simulator/main/Data/UsefulDatasets/gen_1_pokemon_learnsets.json
8,114,TM/HM,0,1,Supplied Gen-I learnset JSON,https://raw.githubusercontent.com/cRz-Shadows/Pokemon_Trainer_Tournament_Simulator/main/Data/UsefulDatasets/gen_1_pokemon_learnsets.json
8,133,TM/HM,0,1,Supplied Gen-I learnset JSON,https://raw.githubusercontent.com/cRz-Shadows/Pokemon_Trainer_Tournament_Simulator/main/Data/UsefulDatasets/gen_1_pokemon_learnsets.json
8,28,TM/HM,0,1,Supplied Gen-I learnset JSON,https://raw.githubusercontent.com/cRz-Shadows/Pokemon_Trainer_Tournament_Simulator/main/Data/UsefulDatasets/gen_1_pokemon_learnsets.json
8,154,TM/HM,0,1,Supplied Gen-I learnset JSON,https://raw.githubusercontent.com/cRz-Shadows/Pokemon_Trainer_Tournament_Simulator/main/Data/UsefulDatasets/gen_1_pokemon_learnsets.json
8,101,TM/HM,0,1,Supplied Gen-I learnset JSON,https://raw.githubusercontent.com/cRz-Shadows/Pokemon_Trainer_Tournament_Simulator/main/Data/UsefulDatasets/gen_1_pokemon_learnsets.json
8,84,TM/HM,0,1,Supplied Gen-I learnset JSON,https://raw.githubusercontent.com/cRz-Shadows/Pokemon_Trainer_Tournament_Simulator/main/Data/UsefulDatasets/gen_1_pokemon_learnsets.json
8,32,TM/HM,0,1,Supplied Gen-I learnset JSON,https://raw.githubusercontent.com/cRz-Shadows/Pokemon_Trainer_Tournament_Simulator/main/Data/UsefulDatasets/gen_1_pokemon_learnsets.json
8,105,TM/HM,0,1,Supplied Gen-I learnset JSON,https://raw.githubusercontent.com/cRz-Shadows/Pokemon_Trainer_Tournament_Simulator/main/Data/UsefulDatasets/gen_1_pokemon_learnsets.json
8,9,TM/HM,0,1,Supplied Gen-I learnset JSON,https://raw.githubusercontent.com/cRz-Shadows/Pokemon_Trainer_Tournament_Simulator/main/Data/UsefulDatasets/gen_1_pokemon_learnsets.json
8,118,TM/HM,0,1,Supplied Gen-I learnset JSON,https://raw.githubusercontent.com/cRz-Shadows/Pokemon_Trainer_Tournament_Simulator/main/Data/UsefulDatasets/gen_1_pokemon_learnsets.json
8,106,TM/HM,0,1,Supplied Gen-I learnset JSON,https://raw.githubusercontent.com/cRz-Shadows/Pokemon_Trainer_Tournament_Simulator/main/Data/UsefulDatasets/gen_1_pokemon_learnsets.json
8,138,TM/HM,0,1,Supplied Gen-I learnset JSON,https://raw.githubusercontent.com/cRz-Shadows/Pokemon_Trainer_Tournament_Simulator/main/Data/UsefulDatasets/gen_1_pokemon_learnsets.json
9,16,level-up,1,1,Supplied Gen-I learnset JSON,https://raw.githubusercontent.com/cRz-Shadows/Pokemon_Trainer_Tournament_Simulator/main/Data/UsefulDatasets/gen_1_pokemon_learnsets.json
9,144,level-up,1,1,Supplied Gen-I learnset JSON,https://raw.githubusercontent.com/cRz-Shadows/Pokemon_Trainer_Tournament_Simulator/main/Data/UsefulDatasets/gen_1_pokemon_learnsets.json
9,160,level-up,1,1,Supplied Gen-I learnset JSON,https://raw.githubusercontent.com/cRz-Shadows/Pokemon_Trainer_Tournament_Simulator/main/Data/UsefulDatasets/gen_1_pokemon_learnsets.json
9,145,level-up,1,1,Supplied Gen-I learnset JSON,https://raw.githubusercontent.com/cRz-Shadows/Pokemon_Trainer_Tournament_Simulator/main/Data/UsefulDatasets/gen_1_pokemon_learnsets.json
9,16,level-up,8,1,Supplied Gen-I learnset JSON,https://raw.githubusercontent.com/cRz-Shadows/Pokemon_Trainer_Tournament_Simulator/main/Data/UsefulDatasets/gen_1_pokemon_learnsets.json
9,160,level-up,15,1,Supplied Gen-I learnset JSON,https://raw.githubusercontent.com/cRz-Shadows/Pokemon_Trainer_Tournament_Simulator/main/Data/UsefulDatasets/gen_1_pokemon_learnsets.json
9,11,level-up,24,1,Supplied Gen-I learnset JSON,https://raw.githubusercontent.com/cRz-Shadows/Pokemon_Trainer_Tournament_Simulator/main/Data/UsefulDatasets/gen_1_pokemon_learnsets.json
9,164,level-up,31,1,Supplied Gen-I learnset JSON,https://raw.githubusercontent.com/cRz-Shadows/Pokemon_Trainer_Tournament_Simulator/main/Data/UsefulDatasets/gen_1_pokemon_learnsets.json
9,118,level-up,42,1,Supplied Gen-I learnset JSON,https://raw.githubusercontent.com/cRz-Shadows/Pokemon_Trainer_Tournament_Simulator/main/Data/UsefulDatasets/gen_1_pokemon_learnsets.json
9,63,level-up,52,1,Supplied Gen-I learnset JSON,https://raw.githubusercontent.com/cRz-Shadows/Pokemon_Trainer_Tournament_Simulator/main/Data/UsefulDatasets/gen_1_pokemon_learnsets.json
9,82,TM/HM,0,1,Supplied Gen-I learnset JSON,https://raw.githubusercontent.com/cRz-Shadows/Pokemon_Trainer_Tournament_Simulator/main/Data/UsefulDatasets/gen_1_pokemon_learnsets.json
9,81,TM/HM,0,1,Supplied Gen-I learnset JSON,https://raw.githubusercontent.com/cRz-Shadows/Pokemon_Trainer_Tournament_Simulator/main/Data/UsefulDatasets/gen_1_pokemon_learnsets.json
9,13,TM/HM,0,1,Supplied Gen-I learnset JSON,https://raw.githubusercontent.com/cRz-Shadows/Pokemon_Trainer_Tournament_Simulator/main/Data/UsefulDatasets/gen_1_pokemon_learnsets.json
9,146,TM/HM,0,1,Supplied Gen-I learnset JSON,https://raw.githubusercontent.com/cRz-Shadows/Pokemon_Trainer_Tournament_Simulator/main/Data/UsefulDatasets/gen_1_pokemon_learnsets.json
9,33,TM/HM,0,1,Supplied Gen-I learnset JSON,https://raw.githubusercontent.com/cRz-Shadows/Pokemon_Trainer_Tournament_Simulator/main/Data/UsefulDatasets/gen_1_pokemon_learnsets.json
9,160,TM/HM,0,1,Supplied Gen-I learnset JSON,https://raw.githubusercontent.com/cRz-Shadows/Pokemon_Trainer_Tournament_Simulator/main/Data/UsefulDatasets/gen_1_pokemon_learnsets.json
9,141,TM/HM,0,1,Supplied Gen-I learnset JSON,https://raw.githubusercontent.com/cRz-Shadows/Pokemon_Trainer_Tournament_Simulator/main/Data/UsefulDatasets/gen_1_pokemon_learnsets.json
9,67,TM/HM,0,1,Supplied Gen-I learnset JSON,https://raw.githubusercontent.com/cRz-Shadows/Pokemon_Trainer_Tournament_Simulator/main/Data/UsefulDatasets/gen_1_pokemon_learnsets.json
9,12,TM/HM,0,1,Supplied Gen-I learnset JSON,https://raw.githubusercontent.com/cRz-Shadows/Pokemon_Trainer_Tournament_Simulator/main/Data/UsefulDatasets/gen_1_pokemon_learnsets.json
9,17,TM/HM,0,1,Supplied Gen-I learnset JSON,https://raw.githubusercontent.com/cRz-Shadows/Pokemon_Trainer_Tournament_Simulator/main/Data/UsefulDatasets/gen_1_pokemon_learnsets.json
9,64,TM/HM,0,1,Supplied Gen-I learnset JSON,https://raw.githubusercontent.com/cRz-Shadows/Pokemon_Trainer_Tournament_Simulator/main/Data/UsefulDatasets/gen_1_pokemon_learnsets.json
9,137,TM/HM,0,1,Supplied Gen-I learnset JSON,https://raw.githubusercontent.com/cRz-Shadows/Pokemon_Trainer_Tournament_Simulator/main/Data/UsefulDatasets/gen_1_pokemon_learnsets.json
9,24,TM/HM,0,1,Supplied Gen-I learnset JSON,https://raw.githubusercontent.com/cRz-Shadows/Pokemon_Trainer_Tournament_Simulator/main/Data/UsefulDatasets/gen_1_pokemon_learnsets.json
9,114,TM/HM,0,1,Supplied Gen-I learnset JSON,https://raw.githubusercontent.com/cRz-Shadows/Pokemon_Trainer_Tournament_Simulator/main/Data/UsefulDatasets/gen_1_pokemon_learnsets.json
9,133,TM/HM,0,1,Supplied Gen-I learnset JSON,https://raw.githubusercontent.com/cRz-Shadows/Pokemon_Trainer_Tournament_Simulator/main/Data/UsefulDatasets/gen_1_pokemon_learnsets.json
9,38,TM/HM,0,1,Supplied Gen-I learnset JSON,https://raw.githubusercontent.com/cRz-Shadows/Pokemon_Trainer_Tournament_Simulator/main/Data/UsefulDatasets/gen_1_pokemon_learnsets.json
9,45,TM/HM,0,1,Supplied Gen-I learnset JSON,https://raw.githubusercontent.com/cRz-Shadows/Pokemon_Trainer_Tournament_Simulator/main/Data/UsefulDatasets/gen_1_pokemon_learnsets.json
9,28,TM/HM,0,1,Supplied Gen-I learnset JSON,https://raw.githubusercontent.com/cRz-Shadows/Pokemon_Trainer_Tournament_Simulator/main/Data/UsefulDatasets/gen_1_pokemon_learnsets.json
9,154,TM/HM,0,1,Supplied Gen-I learnset JSON,https://raw.githubusercontent.com/cRz-Shadows/Pokemon_Trainer_Tournament_Simulator/main/Data/UsefulDatasets/gen_1_pokemon_learnsets.json
9,101,TM/HM,0,1,Supplied Gen-I learnset JSON,https://raw.githubusercontent.com/cRz-Shadows/Pokemon_Trainer_Tournament_Simulator/main/Data/UsefulDatasets/gen_1_pokemon_learnsets.json
9,84,TM/HM,0,1,Supplied Gen-I learnset JSON,https://raw.githubusercontent.com/cRz-Shadows/Pokemon_Trainer_Tournament_Simulator/main/Data/UsefulDatasets/gen_1_pokemon_learnsets.json
9,32,TM/HM,0,1,Supplied Gen-I learnset JSON,https://raw.githubusercontent.com/cRz-Shadows/Pokemon_Trainer_Tournament_Simulator/main/Data/UsefulDatasets/gen_1_pokemon_learnsets.json
9,105,TM/HM,0,1,Supplied Gen-I learnset JSON,https://raw.githubusercontent.com/cRz-Shadows/Pokemon_Trainer_Tournament_Simulator/main/Data/UsefulDatasets/gen_1_pokemon_learnsets.json
9,9,TM/HM,0,1,Supplied Gen-I learnset JSON,https://raw.githubusercontent.com/cRz-Shadows/Pokemon_Trainer_Tournament_Simulator/main/Data/UsefulDatasets/gen_1_pokemon_learnsets.json
9,118,TM/HM,0,1,Supplied Gen-I learnset JSON,https://raw.githubusercontent.com/cRz-Shadows/Pokemon_Trainer_Tournament_Simulator/main/Data/UsefulDatasets/gen_1_pokemon_learnsets.json
9,106,TM/HM,0,1,Supplied Gen-I learnset JSON,https://raw.githubusercontent.com/cRz-Shadows/Pokemon_Trainer_Tournament_Simulator/main/Data/UsefulDatasets/gen_1_pokemon_learnsets.json
9,138,TM/HM,0,1,Supplied Gen-I learnset JSON,https://raw.githubusercontent.com/cRz-Shadows/Pokemon_Trainer_Tournament_Simulator/main/Data/UsefulDatasets/gen_1_pokemon_learnsets.json
10,144,level-up,1,1,Supplied Gen-I learnset JSON,https://raw.githubusercontent.com/cRz-Shadows/Pokemon_Trainer_Tournament_Simulator/main/Data/UsefulDatasets/gen_1_pokemon_learnsets.json
10,134,level-up,1,1,Supplied Gen-I learnset JSON,https://raw.githubusercontent.com/cRz-Shadows/Pokemon_Trainer_Tournament_Simulator/main/Data/UsefulDatasets/gen_1_pokemon_learnsets.json
11,57,level-up,1,1,Supplied Gen-I learnset JSON,https://raw.githubusercontent.com/cRz-Shadows/Pokemon_Trainer_Tournament_Simulator/main/Data/UsefulDatasets/gen_1_pokemon_learnsets.json
12,21,level-up,1,1,Supplied Gen-I learnset JSON,https://raw.githubusercontent.com/cRz-Shadows/Pokemon_Trainer_Tournament_Simulator/main/Data/UsefulDatasets/gen_1_pokemon_learnsets.json
12,21,level-up,12,1,Supplied Gen-I learnset JSON,https://raw.githubusercontent.com/cRz-Shadows/Pokemon_Trainer_Tournament_Simulator/main/Data/UsefulDatasets/gen_1_pokemon_learnsets.json
12,95,level-up,15,1,Supplied Gen-I learnset JSON,https://raw.githubusercontent.com/cRz-Shadows/Pokemon_Trainer_Tournament_Simulator/main/Data/UsefulDatasets/gen_1_pokemon_learnsets.json
12,136,level-up,16,1,Supplied Gen-I learnset JSON,https://raw.githubusercontent.com/cRz-Shadows/Pokemon_Trainer_Tournament_Simulator/main/Data/UsefulDatasets/gen_1_pokemon_learnsets.json
12,122,level-up,17,1,Supplied Gen-I learnset JSON,https://raw.githubusercontent.com/cRz-Shadows/Pokemon_Trainer_Tournament_Simulator/main/Data/UsefulDatasets/gen_1_pokemon_learnsets.json
12,140,level-up,21,1,Supplied Gen-I learnset JSON,https://raw.githubusercontent.com/cRz-Shadows/Pokemon_Trainer_Tournament_Simulator/main/Data/UsefulDatasets/gen_1_pokemon_learnsets.json
12,162,level-up,26,1,Supplied Gen-I learnset JSON,https://raw.githubusercontent.com/cRz-Shadows/Pokemon_Trainer_Tournament_Simulator/main/Data/UsefulDatasets/gen_1_pokemon_learnsets.json
12,97,level-up,32,1,Supplied Gen-I learnset JSON,https://raw.githubusercontent.com/cRz-Shadows/Pokemon_Trainer_Tournament_Simulator/main/Data/UsefulDatasets/gen_1_pokemon_learnsets.json
12,103,TM/HM,0,1,Supplied Gen-I learnset JSON,https://raw.githubusercontent.com/cRz-Shadows/Pokemon_Trainer_Tournament_Simulator/main/Data/UsefulDatasets/gen_1_pokemon_learnsets.json
12,162,TM/HM,0,1,Supplied Gen-I learnset JSON,https://raw.githubusercontent.com/cRz-Shadows/Pokemon_Trainer_Tournament_Simulator/main/Data/UsefulDatasets/gen_1_pokemon_learnsets.json
12,146,TM/HM,0,1,Supplied Gen-I learnset JSON,https://raw.githubusercontent.com/cRz-Shadows/Pokemon_Trainer_Tournament_Simulator/main/Data/UsefulDatasets/gen_1_pokemon_learnsets.json
12,33,TM/HM,0,1,Supplied Gen-I learnset JSON,https://raw.githubusercontent.com/cRz-Shadows/Pokemon_Trainer_Tournament_Simulator/main/Data/UsefulDatasets/gen_1_pokemon_learnsets.json
12,64,TM/HM,0,1,Supplied Gen-I learnset JSON,https://raw.githubusercontent.com/cRz-Shadows/Pokemon_Trainer_Tournament_Simulator/main/Data/UsefulDatasets/gen_1_pokemon_learnsets.json
12,80,TM/HM,0,1,Supplied Gen-I learnset JSON,https://raw.githubusercontent.com/cRz-Shadows/Pokemon_Trainer_Tournament_Simulator/main/Data/UsefulDatasets/gen_1_pokemon_learnsets.json
12,127,TM/HM,0,1,Supplied Gen-I learnset JSON,https://raw.githubusercontent.com/cRz-Shadows/Pokemon_Trainer_Tournament_Simulator/main/Data/UsefulDatasets/gen_1_pokemon_learnsets.json
12,154,TM/HM,0,1,Supplied Gen-I learnset JSON,https://raw.githubusercontent.com/cRz-Shadows/Pokemon_Trainer_Tournament_Simulator/main/Data/UsefulDatasets/gen_1_pokemon_learnsets.json
12,98,TM/HM,0,1,Supplied Gen-I learnset JSON,https://raw.githubusercontent.com/cRz-Shadows/Pokemon_Trainer_Tournament_Simulator/main/Data/UsefulDatasets/gen_1_pokemon_learnsets.json
12,101,TM/HM,0,1,Supplied Gen-I learnset JSON,https://raw.githubusercontent.com/cRz-Shadows/Pokemon_Trainer_Tournament_Simulator/main/Data/UsefulDatasets/gen_1_pokemon_learnsets.json
12,147,TM/HM,0,1,Supplied Gen-I learnset JSON,https://raw.githubusercontent.com/cRz-Shadows/Pokemon_Trainer_Tournament_Simulator/main/Data/UsefulDatasets/gen_1_pokemon_learnsets.json
12,84,TM/HM,0,1,Supplied Gen-I learnset JSON,https://raw.githubusercontent.com/cRz-Shadows/Pokemon_Trainer_Tournament_Simulator/main/Data/UsefulDatasets/gen_1_pokemon_learnsets.json
12,32,TM/HM,0,1,Supplied Gen-I learnset JSON,https://raw.githubusercontent.com/cRz-Shadows/Pokemon_Trainer_Tournament_Simulator/main/Data/UsefulDatasets/gen_1_pokemon_learnsets.json
12,105,TM/HM,0,1,Supplied Gen-I learnset JSON,https://raw.githubusercontent.com/cRz-Shadows/Pokemon_Trainer_Tournament_Simulator/main/Data/UsefulDatasets/gen_1_pokemon_learnsets.json
12,9,TM/HM,0,1,Supplied Gen-I learnset JSON,https://raw.githubusercontent.com/cRz-Shadows/Pokemon_Trainer_Tournament_Simulator/main/Data/UsefulDatasets/gen_1_pokemon_learnsets.json
12,142,TM/HM,0,1,Supplied Gen-I learnset JSON,https://raw.githubusercontent.com/cRz-Shadows/Pokemon_Trainer_Tournament_Simulator/main/Data/UsefulDatasets/gen_1_pokemon_learnsets.json
12,99,TM/HM,0,1,Supplied Gen-I learnset JSON,https://raw.githubusercontent.com/cRz-Shadows/Pokemon_Trainer_Tournament_Simulator/main/Data/UsefulDatasets/gen_1_pokemon_learnsets.json
12,106,TM/HM,0,1,Supplied Gen-I learnset JSON,https://raw.githubusercontent.com/cRz-Shadows/Pokemon_Trainer_Tournament_Simulator/main/Data/UsefulDatasets/gen_1_pokemon_learnsets.json
12,138,TM/HM,0,1,Supplied Gen-I learnset JSON,https://raw.githubusercontent.com/cRz-Shadows/Pokemon_Trainer_Tournament_Simulator/main/Data/UsefulDatasets/gen_1_pokemon_learnsets.json
13,94,level-up,1,1,Supplied Gen-I learnset JSON,https://raw.githubusercontent.com/cRz-Shadows/Pokemon_Trainer_Tournament_Simulator/main/Data/UsefulDatasets/gen_1_pokemon_learnsets.json
13,134,level-up,1,1,Supplied Gen-I learnset JSON,https://raw.githubusercontent.com/cRz-Shadows/Pokemon_Trainer_Tournament_Simulator/main/Data/UsefulDatasets/gen_1_pokemon_learnsets.json
14,57,level-up,1,1,Supplied Gen-I learnset JSON,https://raw.githubusercontent.com/cRz-Shadows/Pokemon_Trainer_Tournament_Simulator/main/Data/UsefulDatasets/gen_1_pokemon_learnsets.json
15,50,level-up,1,1,Supplied Gen-I learnset JSON,https://raw.githubusercontent.com/cRz-Shadows/Pokemon_Trainer_Tournament_Simulator/main/Data/UsefulDatasets/gen_1_pokemon_learnsets.json
15,50,level-up,12,1,Supplied Gen-I learnset JSON,https://raw.githubusercontent.com/cRz-Shadows/Pokemon_Trainer_Tournament_Simulator/main/Data/UsefulDatasets/gen_1_pokemon_learnsets.json
15,49,level-up,16,1,Supplied Gen-I learnset JSON,https://raw.githubusercontent.com/cRz-Shadows/Pokemon_Trainer_Tournament_Simulator/main/Data/UsefulDatasets/gen_1_pokemon_learnsets.json
15,157,level-up,20,1,Supplied Gen-I learnset JSON,https://raw.githubusercontent.com/cRz-Shadows/Pokemon_Trainer_Tournament_Simulator/main/Data/UsefulDatasets/gen_1_pokemon_learnsets.json
15,101,level-up,25,1,Supplied Gen-I learnset JSON,https://raw.githubusercontent.com/cRz-Shadows/Pokemon_Trainer_Tournament_Simulator/main/Data/UsefulDatasets/gen_1_pokemon_learnsets.json
15,92,level-up,30,1,Supplied Gen-I learnset JSON,https://raw.githubusercontent.com/cRz-Shadows/Pokemon_Trainer_Tournament_Simulator/main/Data/UsefulDatasets/gen_1_pokemon_learnsets.json
15,4,level-up,35,1,Supplied Gen-I learnset JSON,https://raw.githubusercontent.com/cRz-Shadows/Pokemon_Trainer_Tournament_Simulator/main/Data/UsefulDatasets/gen_1_pokemon_learnsets.json
15,143,TM/HM,0,1,Supplied Gen-I learnset JSON,https://raw.githubusercontent.com/cRz-Shadows/Pokemon_Trainer_Tournament_Simulator/main/Data/UsefulDatasets/gen_1_pokemon_learnsets.json
15,26,TM/HM,0,1,Supplied Gen-I learnset JSON,https://raw.githubusercontent.com/cRz-Shadows/Pokemon_Trainer_Tournament_Simulator/main/Data/UsefulDatasets/gen_1_pokemon_learnsets.json
15,146,TM/HM,0,1,Supplied Gen-I learnset JSON,https://raw.githubusercontent.com/cRz-Shadows/Pokemon_Trainer_Tournament_Simulator/main/Data/UsefulDatasets/gen_1_pokemon_learnsets.json
15,33,TM/HM,0,1,Supplied Gen-I learnset JSON,https://raw.githubusercontent.com/cRz-Shadows/Pokemon_Trainer_Tournament_Simulator/main/Data/UsefulDatasets/gen_1_pokemon_learnsets.json
15,64,TM/HM,0,1,Supplied Gen-I learnset JSON,https://raw.githubusercontent.com/cRz-Shadows/Pokemon_Trainer_Tournament_Simulator/main/Data/UsefulDatasets/gen_1_pokemon_learnsets.json
15,80,TM/HM,0,1,Supplied Gen-I learnset JSON,https://raw.githubusercontent.com/cRz-Shadows/Pokemon_Trainer_Tournament_Simulator/main/Data/UsefulDatasets/gen_1_pokemon_learnsets.json
15,154,TM/HM,0,1,Supplied Gen-I learnset JSON,https://raw.githubusercontent.com/cRz-Shadows/Pokemon_Trainer_Tournament_Simulator/main/Data/UsefulDatasets/gen_1_pokemon_learnsets.json
15,101,TM/HM,0,1,Supplied Gen-I learnset JSON,https://raw.githubusercontent.com/cRz-Shadows/Pokemon_Trainer_Tournament_Simulator/main/Data/UsefulDatasets/gen_1_pokemon_learnsets.json
15,84,TM/HM,0,1,Supplied Gen-I learnset JSON,https://raw.githubusercontent.com/cRz-Shadows/Pokemon_Trainer_Tournament_Simulator/main/Data/UsefulDatasets/gen_1_pokemon_learnsets.json
15,32,TM/HM,0,1,Supplied Gen-I learnset JSON,https://raw.githubusercontent.com/cRz-Shadows/Pokemon_Trainer_Tournament_Simulator/main/Data/UsefulDatasets/gen_1_pokemon_learnsets.json
15,105,TM/HM,0,1,Supplied Gen-I learnset JSON,https://raw.githubusercontent.com/cRz-Shadows/Pokemon_Trainer_Tournament_Simulator/main/Data/UsefulDatasets/gen_1_pokemon_learnsets.json
15,9,TM/HM,0,1,Supplied Gen-I learnset JSON,https://raw.githubusercontent.com/cRz-Shadows/Pokemon_Trainer_Tournament_Simulator/main/Data/UsefulDatasets/gen_1_pokemon_learnsets.json
15,142,TM/HM,0,1,Supplied Gen-I learnset JSON,https://raw.githubusercontent.com/cRz-Shadows/Pokemon_Trainer_Tournament_Simulator/main/Data/UsefulDatasets/gen_1_pokemon_learnsets.json
15,118,TM/HM,0,1,Supplied Gen-I learnset JSON,https://raw.githubusercontent.com/cRz-Shadows/Pokemon_Trainer_Tournament_Simulator/main/Data/UsefulDatasets/gen_1_pokemon_learnsets.json
15,106,TM/HM,0,1,Supplied Gen-I learnset JSON,https://raw.githubusercontent.com/cRz-Shadows/Pokemon_Trainer_Tournament_Simulator/main/Data/UsefulDatasets/gen_1_pokemon_learnsets.json
15,138,TM/HM,0,1,Supplied Gen-I learnset JSON,https://raw.githubusercontent.com/cRz-Shadows/Pokemon_Trainer_Tournament_Simulator/main/Data/UsefulDatasets/gen_1_pokemon_learnsets.json
16,56,level-up,1,1,Supplied Gen-I learnset JSON,https://raw.githubusercontent.com/cRz-Shadows/Pokemon_Trainer_Tournament_Simulator/main/Data/UsefulDatasets/gen_1_pokemon_learnsets.json
16,111,level-up,5,1,Supplied Gen-I learnset JSON,https://raw.githubusercontent.com/cRz-Shadows/Pokemon_Trainer_Tournament_Simulator/main/Data/UsefulDatasets/gen_1_pokemon_learnsets.json
16,100,level-up,12,1,Supplied Gen-I learnset JSON,https://raw.githubusercontent.com/cRz-Shadows/Pokemon_Trainer_Tournament_Simulator/main/Data/UsefulDatasets/gen_1_pokemon_learnsets.json
16,162,level-up,19,1,Supplied Gen-I learnset JSON,https://raw.githubusercontent.com/cRz-Shadows/Pokemon_Trainer_Tournament_Simulator/main/Data/UsefulDatasets/gen_1_pokemon_learnsets.json
16,163,level-up,28,1,Supplied Gen-I learnset JSON,https://raw.githubusercontent.com/cRz-Shadows/Pokemon_Trainer_Tournament_Simulator/main/Data/UsefulDatasets/gen_1_pokemon_learnsets.json
16,4,level-up,36,1,Supplied Gen-I learnset JSON,https://raw.githubusercontent.com/cRz-Shadows/Pokemon_Trainer_Tournament_Simulator/main/Data/UsefulDatasets/gen_1_pokemon_learnsets.json
16,86,level-up,44,1,Supplied Gen-I learnset JSON,https://raw.githubusercontent.com/cRz-Shadows/Pokemon_Trainer_Tournament_Simulator/main/Data/UsefulDatasets/gen_1_pokemon_learnsets.json
16,103,TM/HM,0,1,Supplied Gen-I learnset JSON,https://raw.githubusercontent.com/cRz-Shadows/Pokemon_Trainer_Tournament_Simulator/main/Data/UsefulDatasets/gen_1_pokemon_learnsets.json
16,162,TM/HM,0,1,Supplied Gen-I learnset JSON,https://raw.githubusercontent.com/cRz-Shadows/Pokemon_Trainer_Tournament_Simulator/main/Data/UsefulDatasets/gen_1_pokemon_learnsets.json
16,48,TM/HM,0,1,Supplied Gen-I learnset JSON,https://raw.githubusercontent.com/cRz-Shadows/Pokemon_Trainer_Tournament_Simulator/main/Data/UsefulDatasets/gen_1_pokemon_learnsets.json
16,146,TM/HM,0,1,Supplied Gen-I learnset JSON,https://raw.githubusercontent.com/cRz-Shadows/Pokemon_Trainer_Tournament_Simulator/main/Data/UsefulDatasets/gen_1_pokemon_learnsets.json
16,33,TM/HM,0,1,Supplied Gen-I learnset JSON,https://raw.githubusercontent.com/cRz-Shadows/Pokemon_Trainer_Tournament_Simulator/main/Data/UsefulDatasets/gen_1_pokemon_learnsets.json
16,154,TM/HM,0,1,Supplied Gen-I learnset JSON,https://raw.githubusercontent.com/cRz-Shadows/Pokemon_Trainer_Tournament_Simulator/main/Data/UsefulDatasets/gen_1_pokemon_learnsets.json
16,101,TM/HM,0,1,Supplied Gen-I learnset JSON,https://raw.githubusercontent.com/cRz-Shadows/Pokemon_Trainer_Tournament_Simulator/main/Data/UsefulDatasets/gen_1_pokemon_learnsets.json
16,84,TM/HM,0,1,Supplied Gen-I learnset JSON,https://raw.githubusercontent.com/cRz-Shadows/Pokemon_Trainer_Tournament_Simulator/main/Data/UsefulDatasets/gen_1_pokemon_learnsets.json
16,32,TM/HM,0,1,Supplied Gen-I learnset JSON,https://raw.githubusercontent.com/cRz-Shadows/Pokemon_Trainer_Tournament_Simulator/main/Data/UsefulDatasets/gen_1_pokemon_learnsets.json
16,105,TM/HM,0,1,Supplied Gen-I learnset JSON,https://raw.githubusercontent.com/cRz-Shadows/Pokemon_Trainer_Tournament_Simulator/main/Data/UsefulDatasets/gen_1_pokemon_learnsets.json
16,9,TM/HM,0,1,Supplied Gen-I learnset JSON,https://raw.githubusercontent.com/cRz-Shadows/Pokemon_Trainer_Tournament_Simulator/main/Data/UsefulDatasets/gen_1_pokemon_learnsets.json
16,142,TM/HM,0,1,Supplied Gen-I learnset JSON,https://raw.githubusercontent.com/cRz-Shadows/Pokemon_Trainer_Tournament_Simulator/main/Data/UsefulDatasets/gen_1_pokemon_learnsets.json
16,119,TM/HM,0,1,Supplied Gen-I learnset JSON,https://raw.githubusercontent.com/cRz-Shadows/Pokemon_Trainer_Tournament_Simulator/main/Data/UsefulDatasets/gen_1_pokemon_learnsets.json
16,106,TM/HM,0,1,Supplied Gen-I learnset JSON,https://raw.githubusercontent.com/cRz-Shadows/Pokemon_Trainer_Tournament_Simulator/main/Data/UsefulDatasets/gen_1_pokemon_learnsets.json
16,138,TM/HM,0,1,Supplied Gen-I learnset JSON,https://raw.githubusercontent.com/cRz-Shadows/Pokemon_Trainer_Tournament_Simulator/main/Data/UsefulDatasets/gen_1_pokemon_learnsets.json
17,56,level-up,1,1,Supplied Gen-I learnset JSON,https://raw.githubusercontent.com/cRz-Shadows/Pokemon_Trainer_Tournament_Simulator/main/Data/UsefulDatasets/gen_1_pokemon_learnsets.json
17,111,level-up,1,1,Supplied Gen-I learnset JSON,https://raw.githubusercontent.com/cRz-Shadows/Pokemon_Trainer_Tournament_Simulator/main/Data/UsefulDatasets/gen_1_pokemon_learnsets.json
17,111,level-up,5,1,Supplied Gen-I learnset JSON,https://raw.githubusercontent.com/cRz-Shadows/Pokemon_Trainer_Tournament_Simulator/main/Data/UsefulDatasets/gen_1_pokemon_learnsets.json
17,100,level-up,12,1,Supplied Gen-I learnset JSON,https://raw.githubusercontent.com/cRz-Shadows/Pokemon_Trainer_Tournament_Simulator/main/Data/UsefulDatasets/gen_1_pokemon_learnsets.json
17,162,level-up,21,1,Supplied Gen-I learnset JSON,https://raw.githubusercontent.com/cRz-Shadows/Pokemon_Trainer_Tournament_Simulator/main/Data/UsefulDatasets/gen_1_pokemon_learnsets.json
17,163,level-up,31,1,Supplied Gen-I learnset JSON,https://raw.githubusercontent.com/cRz-Shadows/Pokemon_Trainer_Tournament_Simulator/main/Data/UsefulDatasets/gen_1_pokemon_learnsets.json
17,4,level-up,40,1,Supplied Gen-I learnset JSON,https://raw.githubusercontent.com/cRz-Shadows/Pokemon_Trainer_Tournament_Simulator/main/Data/UsefulDatasets/gen_1_pokemon_learnsets.json
17,86,level-up,49,1,Supplied Gen-I learnset JSON,https://raw.githubusercontent.com/cRz-Shadows/Pokemon_Trainer_Tournament_Simulator/main/Data/UsefulDatasets/gen_1_pokemon_learnsets.json
17,103,TM/HM,0,1,Supplied Gen-I learnset JSON,https://raw.githubusercontent.com/cRz-Shadows/Pokemon_Trainer_Tournament_Simulator/main/Data/UsefulDatasets/gen_1_pokemon_learnsets.json
17,162,TM/HM,0,1,Supplied Gen-I learnset JSON,https://raw.githubusercontent.com/cRz-Shadows/Pokemon_Trainer_Tournament_Simulator/main/Data/UsefulDatasets/gen_1_pokemon_learnsets.json
17,48,TM/HM,0,1,Supplied Gen-I learnset JSON,https://raw.githubusercontent.com/cRz-Shadows/Pokemon_Trainer_Tournament_Simulator/main/Data/UsefulDatasets/gen_1_pokemon_learnsets.json
17,146,TM/HM,0,1,Supplied Gen-I learnset JSON,https://raw.githubusercontent.com/cRz-Shadows/Pokemon_Trainer_Tournament_Simulator/main/Data/UsefulDatasets/gen_1_pokemon_learnsets.json
17,33,TM/HM,0,1,Supplied Gen-I learnset JSON,https://raw.githubusercontent.com/cRz-Shadows/Pokemon_Trainer_Tournament_Simulator/main/Data/UsefulDatasets/gen_1_pokemon_learnsets.json
17,154,TM/HM,0,1,Supplied Gen-I learnset JSON,https://raw.githubusercontent.com/cRz-Shadows/Pokemon_Trainer_Tournament_Simulator/main/Data/UsefulDatasets/gen_1_pokemon_learnsets.json
17,101,TM/HM,0,1,Supplied Gen-I learnset JSON,https://raw.githubusercontent.com/cRz-Shadows/Pokemon_Trainer_Tournament_Simulator/main/Data/UsefulDatasets/gen_1_pokemon_learnsets.json
17,84,TM/HM,0,1,Supplied Gen-I learnset JSON,https://raw.githubusercontent.com/cRz-Shadows/Pokemon_Trainer_Tournament_Simulator/main/Data/UsefulDatasets/gen_1_pokemon_learnsets.json
17,32,TM/HM,0,1,Supplied Gen-I learnset JSON,https://raw.githubusercontent.com/cRz-Shadows/Pokemon_Trainer_Tournament_Simulator/main/Data/UsefulDatasets/gen_1_pokemon_learnsets.json
17,105,TM/HM,0,1,Supplied Gen-I learnset JSON,https://raw.githubusercontent.com/cRz-Shadows/Pokemon_Trainer_Tournament_Simulator/main/Data/UsefulDatasets/gen_1_pokemon_learnsets.json
17,9,TM/HM,0,1,Supplied Gen-I learnset JSON,https://raw.githubusercontent.com/cRz-Shadows/Pokemon_Trainer_Tournament_Simulator/main/Data/UsefulDatasets/gen_1_pokemon_learnsets.json
17,142,TM/HM,0,1,Supplied Gen-I learnset JSON,https://raw.githubusercontent.com/cRz-Shadows/Pokemon_Trainer_Tournament_Simulator/main/Data/UsefulDatasets/gen_1_pokemon_learnsets.json
17,119,TM/HM,0,1,Supplied Gen-I learnset JSON,https://raw.githubusercontent.com/cRz-Shadows/Pokemon_Trainer_Tournament_Simulator/main/Data/UsefulDatasets/gen_1_pokemon_learnsets.json
17,106,TM/HM,0,1,Supplied Gen-I learnset JSON,https://raw.githubusercontent.com/cRz-Shadows/Pokemon_Trainer_Tournament_Simulator/main/Data/UsefulDatasets/gen_1_pokemon_learnsets.json
17,138,TM/HM,0,1,Supplied Gen-I learnset JSON,https://raw.githubusercontent.com/cRz-Shadows/Pokemon_Trainer_Tournament_Simulator/main/Data/UsefulDatasets/gen_1_pokemon_learnsets.json
18,56,level-up,1,1,Supplied Gen-I learnset JSON,https://raw.githubusercontent.com/cRz-Shadows/Pokemon_Trainer_Tournament_Simulator/main/Data/UsefulDatasets/gen_1_pokemon_learnsets.json
18,100,level-up,1,1,Supplied Gen-I learnset JSON,https://raw.githubusercontent.com/cRz-Shadows/Pokemon_Trainer_Tournament_Simulator/main/Data/UsefulDatasets/gen_1_pokemon_learnsets.json
18,111,level-up,1,1,Supplied Gen-I learnset JSON,https://raw.githubusercontent.com/cRz-Shadows/Pokemon_Trainer_Tournament_Simulator/main/Data/UsefulDatasets/gen_1_pokemon_learnsets.json
18,111,level-up,5,1,Supplied Gen-I learnset JSON,https://raw.githubusercontent.com/cRz-Shadows/Pokemon_Trainer_Tournament_Simulator/main/Data/UsefulDatasets/gen_1_pokemon_learnsets.json
18,100,level-up,12,1,Supplied Gen-I learnset JSON,https://raw.githubusercontent.com/cRz-Shadows/Pokemon_Trainer_Tournament_Simulator/main/Data/UsefulDatasets/gen_1_pokemon_learnsets.json
18,162,level-up,21,1,Supplied Gen-I learnset JSON,https://raw.githubusercontent.com/cRz-Shadows/Pokemon_Trainer_Tournament_Simulator/main/Data/UsefulDatasets/gen_1_pokemon_learnsets.json
18,163,level-up,31,1,Supplied Gen-I learnset JSON,https://raw.githubusercontent.com/cRz-Shadows/Pokemon_Trainer_Tournament_Simulator/main/Data/UsefulDatasets/gen_1_pokemon_learnsets.json
18,4,level-up,44,1,Supplied Gen-I learnset JSON,https://raw.githubusercontent.com/cRz-Shadows/Pokemon_Trainer_Tournament_Simulator/main/Data/UsefulDatasets/gen_1_pokemon_learnsets.json
18,86,level-up,54,1,Supplied Gen-I learnset JSON,https://raw.githubusercontent.com/cRz-Shadows/Pokemon_Trainer_Tournament_Simulator/main/Data/UsefulDatasets/gen_1_pokemon_learnsets.json
18,103,TM/HM,0,1,Supplied Gen-I learnset JSON,https://raw.githubusercontent.com/cRz-Shadows/Pokemon_Trainer_Tournament_Simulator/main/Data/UsefulDatasets/gen_1_pokemon_learnsets.json
18,162,TM/HM,0,1,Supplied Gen-I learnset JSON,https://raw.githubusercontent.com/cRz-Shadows/Pokemon_Trainer_Tournament_Simulator/main/Data/UsefulDatasets/gen_1_pokemon_learnsets.json
18,48,TM/HM,0,1,Supplied Gen-I learnset JSON,https://raw.githubusercontent.com/cRz-Shadows/Pokemon_Trainer_Tournament_Simulator/main/Data/UsefulDatasets/gen_1_pokemon_learnsets.json
18,146,TM/HM,0,1,Supplied Gen-I learnset JSON,https://raw.githubusercontent.com/cRz-Shadows/Pokemon_Trainer_Tournament_Simulator/main/Data/UsefulDatasets/gen_1_pokemon_learnsets.json
18,33,TM/HM,0,1,Supplied Gen-I learnset JSON,https://raw.githubusercontent.com/cRz-Shadows/Pokemon_Trainer_Tournament_Simulator/main/Data/UsefulDatasets/gen_1_pokemon_learnsets.json
18,64,TM/HM,0,1,Supplied Gen-I learnset JSON,https://raw.githubusercontent.com/cRz-Shadows/Pokemon_Trainer_Tournament_Simulator/main/Data/UsefulDatasets/gen_1_pokemon_learnsets.json
18,154,TM/HM,0,1,Supplied Gen-I learnset JSON,https://raw.githubusercontent.com/cRz-Shadows/Pokemon_Trainer_Tournament_Simulator/main/Data/UsefulDatasets/gen_1_pokemon_learnsets.json
18,101,TM/HM,0,1,Supplied Gen-I learnset JSON,https://raw.githubusercontent.com/cRz-Shadows/Pokemon_Trainer_Tournament_Simulator/main/Data/UsefulDatasets/gen_1_pokemon_learnsets.json
18,84,TM/HM,0,1,Supplied Gen-I learnset JSON,https://raw.githubusercontent.com/cRz-Shadows/Pokemon_Trainer_Tournament_Simulator/main/Data/UsefulDatasets/gen_1_pokemon_learnsets.json
18,32,TM/HM,0,1,Supplied Gen-I learnset JSON,https://raw.githubusercontent.com/cRz-Shadows/Pokemon_Trainer_Tournament_Simulator/main/Data/UsefulDatasets/gen_1_pokemon_learnsets.json
18,105,TM/HM,0,1,Supplied Gen-I learnset JSON,https://raw.githubusercontent.com/cRz-Shadows/Pokemon_Trainer_Tournament_Simulator/main/Data/UsefulDatasets/gen_1_pokemon_learnsets.json
18,9,TM/HM,0,1,Supplied Gen-I learnset JSON,https://raw.githubusercontent.com/cRz-Shadows/Pokemon_Trainer_Tournament_Simulator/main/Data/UsefulDatasets/gen_1_pokemon_learnsets.json
18,142,TM/HM,0,1,Supplied Gen-I learnset JSON,https://raw.githubusercontent.com/cRz-Shadows/Pokemon_Trainer_Tournament_Simulator/main/Data/UsefulDatasets/gen_1_pokemon_learnsets.json
18,119,TM/HM,0,1,Supplied Gen-I learnset JSON,https://raw.githubusercontent.com/cRz-Shadows/Pokemon_Trainer_Tournament_Simulator/main/Data/UsefulDatasets/gen_1_pokemon_learnsets.json
18,106,TM/HM,0,1,Supplied Gen-I learnset JSON,https://raw.githubusercontent.com/cRz-Shadows/Pokemon_Trainer_Tournament_Simulator/main/Data/UsefulDatasets/gen_1_pokemon_learnsets.json
18,138,TM/HM,0,1,Supplied Gen-I learnset JSON,https://raw.githubusercontent.com/cRz-Shadows/Pokemon_Trainer_Tournament_Simulator/main/Data/UsefulDatasets/gen_1_pokemon_learnsets.json
19,144,level-up,1,1,Supplied Gen-I learnset JSON,https://raw.githubusercontent.com/cRz-Shadows/Pokemon_Trainer_Tournament_Simulator/main/Data/UsefulDatasets/gen_1_pokemon_learnsets.json
19,145,level-up,1,1,Supplied Gen-I learnset JSON,https://raw.githubusercontent.com/cRz-Shadows/Pokemon_Trainer_Tournament_Simulator/main/Data/UsefulDatasets/gen_1_pokemon_learnsets.json
19,100,level-up,7,1,Supplied Gen-I learnset JSON,https://raw.githubusercontent.com/cRz-Shadows/Pokemon_Trainer_Tournament_Simulator/main/Data/UsefulDatasets/gen_1_pokemon_learnsets.json
19,65,level-up,14,1,Supplied Gen-I learnset JSON,https://raw.githubusercontent.com/cRz-Shadows/Pokemon_Trainer_Tournament_Simulator/main/Data/UsefulDatasets/gen_1_pokemon_learnsets.json
19,49,level-up,23,1,Supplied Gen-I learnset JSON,https://raw.githubusercontent.com/cRz-Shadows/Pokemon_Trainer_Tournament_Simulator/main/Data/UsefulDatasets/gen_1_pokemon_learnsets.json
19,139,level-up,34,1,Supplied Gen-I learnset JSON,https://raw.githubusercontent.com/cRz-Shadows/Pokemon_Trainer_Tournament_Simulator/main/Data/UsefulDatasets/gen_1_pokemon_learnsets.json
19,13,TM/HM,0,1,Supplied Gen-I learnset JSON,https://raw.githubusercontent.com/cRz-Shadows/Pokemon_Trainer_Tournament_Simulator/main/Data/UsefulDatasets/gen_1_pokemon_learnsets.json
19,146,TM/HM,0,1,Supplied Gen-I learnset JSON,https://raw.githubusercontent.com/cRz-Shadows/Pokemon_Trainer_Tournament_Simulator/main/Data/UsefulDatasets/gen_1_pokemon_learnsets.json
19,33,TM/HM,0,1,Supplied Gen-I learnset JSON,https://raw.githubusercontent.com/cRz-Shadows/Pokemon_Trainer_Tournament_Simulator/main/Data/UsefulDatasets/gen_1_pokemon_learnsets.json
19,160,TM/HM,0,1,Supplied Gen-I learnset JSON,https://raw.githubusercontent.com/cRz-Shadows/Pokemon_Trainer_Tournament_Simulator/main/Data/UsefulDatasets/gen_1_pokemon_learnsets.json
19,12,TM/HM,0,1,Supplied Gen-I learnset JSON,https://raw.githubusercontent.com/cRz-Shadows/Pokemon_Trainer_Tournament_Simulator/main/Data/UsefulDatasets/gen_1_pokemon_learnsets.json
19,17,TM/HM,0,1,Supplied Gen-I learnset JSON,https://raw.githubusercontent.com/cRz-Shadows/Pokemon_Trainer_Tournament_Simulator/main/Data/UsefulDatasets/gen_1_pokemon_learnsets.json
19,151,TM/HM,0,1,Supplied Gen-I learnset JSON,https://raw.githubusercontent.com/cRz-Shadows/Pokemon_Trainer_Tournament_Simulator/main/Data/UsefulDatasets/gen_1_pokemon_learnsets.json
19,149,TM/HM,0,1,Supplied Gen-I learnset JSON,https://raw.githubusercontent.com/cRz-Shadows/Pokemon_Trainer_Tournament_Simulator/main/Data/UsefulDatasets/gen_1_pokemon_learnsets.json
19,28,TM/HM,0,1,Supplied Gen-I learnset JSON,https://raw.githubusercontent.com/cRz-Shadows/Pokemon_Trainer_Tournament_Simulator/main/Data/UsefulDatasets/gen_1_pokemon_learnsets.json
19,154,TM/HM,0,1,Supplied Gen-I learnset JSON,https://raw.githubusercontent.com/cRz-Shadows/Pokemon_Trainer_Tournament_Simulator/main/Data/UsefulDatasets/gen_1_pokemon_learnsets.json
19,101,TM/HM,0,1,Supplied Gen-I learnset JSON,https://raw.githubusercontent.com/cRz-Shadows/Pokemon_Trainer_Tournament_Simulator/main/Data/UsefulDatasets/gen_1_pokemon_learnsets.json
19,84,TM/HM,0,1,Supplied Gen-I learnset JSON,https://raw.githubusercontent.com/cRz-Shadows/Pokemon_Trainer_Tournament_Simulator/main/Data/UsefulDatasets/gen_1_pokemon_learnsets.json
19,32,TM/HM,0,1,Supplied Gen-I learnset JSON,https://raw.githubusercontent.com/cRz-Shadows/Pokemon_Trainer_Tournament_Simulator/main/Data/UsefulDatasets/gen_1_pokemon_learnsets.json
19,9,TM/HM,0,1,Supplied Gen-I learnset JSON,https://raw.githubusercontent.com/cRz-Shadows/Pokemon_Trainer_Tournament_Simulator/main/Data/UsefulDatasets/gen_1_pokemon_learnsets.json
19,142,TM/HM,0,1,Supplied Gen-I learnset JSON,https://raw.githubusercontent.com/cRz-Shadows/Pokemon_Trainer_Tournament_Simulator/main/Data/UsefulDatasets/gen_1_pokemon_learnsets.json
19,118,TM/HM,0,1,Supplied Gen-I learnset JSON,https://raw.githubusercontent.com/cRz-Shadows/Pokemon_Trainer_Tournament_Simulator/main/Data/UsefulDatasets/gen_1_pokemon_learnsets.json
19,106,TM/HM,0,1,Supplied Gen-I learnset JSON,https://raw.githubusercontent.com/cRz-Shadows/Pokemon_Trainer_Tournament_Simulator/main/Data/UsefulDatasets/gen_1_pokemon_learnsets.json
19,138,TM/HM,0,1,Supplied Gen-I learnset JSON,https://raw.githubusercontent.com/cRz-Shadows/Pokemon_Trainer_Tournament_Simulator/main/Data/UsefulDatasets/gen_1_pokemon_learnsets.json
20,144,level-up,1,1,Supplied Gen-I learnset JSON,https://raw.githubusercontent.com/cRz-Shadows/Pokemon_Trainer_Tournament_Simulator/main/Data/UsefulDatasets/gen_1_pokemon_learnsets.json
20,100,level-up,1,1,Supplied Gen-I learnset JSON,https://raw.githubusercontent.com/cRz-Shadows/Pokemon_Trainer_Tournament_Simulator/main/Data/UsefulDatasets/gen_1_pokemon_learnsets.json
20,145,level-up,1,1,Supplied Gen-I learnset JSON,https://raw.githubusercontent.com/cRz-Shadows/Pokemon_Trainer_Tournament_Simulator/main/Data/UsefulDatasets/gen_1_pokemon_learnsets.json
20,100,level-up,7,1,Supplied Gen-I learnset JSON,https://raw.githubusercontent.com/cRz-Shadows/Pokemon_Trainer_Tournament_Simulator/main/Data/UsefulDatasets/gen_1_pokemon_learnsets.json
20,65,level-up,14,1,Supplied Gen-I learnset JSON,https://raw.githubusercontent.com/cRz-Shadows/Pokemon_Trainer_Tournament_Simulator/main/Data/UsefulDatasets/gen_1_pokemon_learnsets.json
20,49,level-up,27,1,Supplied Gen-I learnset JSON,https://raw.githubusercontent.com/cRz-Shadows/Pokemon_Trainer_Tournament_Simulator/main/Data/UsefulDatasets/gen_1_pokemon_learnsets.json
20,139,level-up,41,1,Supplied Gen-I learnset JSON,https://raw.githubusercontent.com/cRz-Shadows/Pokemon_Trainer_Tournament_Simulator/main/Data/UsefulDatasets/gen_1_pokemon_learnsets.json
20,13,TM/HM,0,1,Supplied Gen-I learnset JSON,https://raw.githubusercontent.com/cRz-Shadows/Pokemon_Trainer_Tournament_Simulator/main/Data/UsefulDatasets/gen_1_pokemon_learnsets.json
20,146,TM/HM,0,1,Supplied Gen-I learnset JSON,https://raw.githubusercontent.com/cRz-Shadows/Pokemon_Trainer_Tournament_Simulator/main/Data/UsefulDatasets/gen_1_pokemon_learnsets.json
20,33,TM/HM,0,1,Supplied Gen-I learnset JSON,https://raw.githubusercontent.com/cRz-Shadows/Pokemon_Trainer_Tournament_Simulator/main/Data/UsefulDatasets/gen_1_pokemon_learnsets.json
20,160,TM/HM,0,1,Supplied Gen-I learnset JSON,https://raw.githubusercontent.com/cRz-Shadows/Pokemon_Trainer_Tournament_Simulator/main/Data/UsefulDatasets/gen_1_pokemon_learnsets.json
20,67,TM/HM,0,1,Supplied Gen-I learnset JSON,https://raw.githubusercontent.com/cRz-Shadows/Pokemon_Trainer_Tournament_Simulator/main/Data/UsefulDatasets/gen_1_pokemon_learnsets.json
20,12,TM/HM,0,1,Supplied Gen-I learnset JSON,https://raw.githubusercontent.com/cRz-Shadows/Pokemon_Trainer_Tournament_Simulator/main/Data/UsefulDatasets/gen_1_pokemon_learnsets.json
20,17,TM/HM,0,1,Supplied Gen-I learnset JSON,https://raw.githubusercontent.com/cRz-Shadows/Pokemon_Trainer_Tournament_Simulator/main/Data/UsefulDatasets/gen_1_pokemon_learnsets.json
20,64,TM/HM,0,1,Supplied Gen-I learnset JSON,https://raw.githubusercontent.com/cRz-Shadows/Pokemon_Trainer_Tournament_Simulator/main/Data/UsefulDatasets/gen_1_pokemon_learnsets.json
20,151,TM/HM,0,1,Supplied Gen-I learnset JSON,https://raw.githubusercontent.com/cRz-Shadows/Pokemon_Trainer_Tournament_Simulator/main/Data/UsefulDatasets/gen_1_pokemon_learnsets.json
20,149,TM/HM,0,1,Supplied Gen-I learnset JSON,https://raw.githubusercontent.com/cRz-Shadows/Pokemon_Trainer_Tournament_Simulator/main/Data/UsefulDatasets/gen_1_pokemon_learnsets.json
20,28,TM/HM,0,1,Supplied Gen-I learnset JSON,https://raw.githubusercontent.com/cRz-Shadows/Pokemon_Trainer_Tournament_Simulator/main/Data/UsefulDatasets/gen_1_pokemon_learnsets.json
20,154,TM/HM,0,1,Supplied Gen-I learnset JSON,https://raw.githubusercontent.com/cRz-Shadows/Pokemon_Trainer_Tournament_Simulator/main/Data/UsefulDatasets/gen_1_pokemon_learnsets.json
20,101,TM/HM,0,1,Supplied Gen-I learnset JSON,https://raw.githubusercontent.com/cRz-Shadows/Pokemon_Trainer_Tournament_Simulator/main/Data/UsefulDatasets/gen_1_pokemon_learnsets.json
20,84,TM/HM,0,1,Supplied Gen-I learnset JSON,https://raw.githubusercontent.com/cRz-Shadows/Pokemon_Trainer_Tournament_Simulator/main/Data/UsefulDatasets/gen_1_pokemon_learnsets.json
20,32,TM/HM,0,1,Supplied Gen-I learnset JSON,https://raw.githubusercontent.com/cRz-Shadows/Pokemon_Trainer_Tournament_Simulator/main/Data/UsefulDatasets/gen_1_pokemon_learnsets.json
20,9,TM/HM,0,1,Supplied Gen-I learnset JSON,https://raw.githubusercontent.com/cRz-Shadows/Pokemon_Trainer_Tournament_Simulator/main/Data/UsefulDatasets/gen_1_pokemon_learnsets.json
20,142,TM/HM,0,1,Supplied Gen-I learnset JSON,https://raw.githubusercontent.com/cRz-Shadows/Pokemon_Trainer_Tournament_Simulator/main/Data/UsefulDatasets/gen_1_pokemon_learnsets.json
20,118,TM/HM,0,1,Supplied Gen-I learnset JSON,https://raw.githubusercontent.com/cRz-Shadows/Pokemon_Trainer_Tournament_Simulator/main/Data/UsefulDatasets/gen_1_pokemon_learnsets.json
20,106,TM/HM,0,1,Supplied Gen-I learnset JSON,https://raw.githubusercontent.com/cRz-Shadows/Pokemon_Trainer_Tournament_Simulator/main/Data/UsefulDatasets/gen_1_pokemon_learnsets.json
20,138,TM/HM,0,1,Supplied Gen-I learnset JSON,https://raw.githubusercontent.com/cRz-Shadows/Pokemon_Trainer_Tournament_Simulator/main/Data/UsefulDatasets/gen_1_pokemon_learnsets.json
21,90,level-up,1,1,Supplied Gen-I learnset JSON,https://raw.githubusercontent.com/cRz-Shadows/Pokemon_Trainer_Tournament_Simulator/main/Data/UsefulDatasets/gen_1_pokemon_learnsets.json
21,53,level-up,1,1,Supplied Gen-I learnset JSON,https://raw.githubusercontent.com/cRz-Shadows/Pokemon_Trainer_Tournament_Simulator/main/Data/UsefulDatasets/gen_1_pokemon_learnsets.json
21,74,level-up,9,1,Supplied Gen-I learnset JSON,https://raw.githubusercontent.com/cRz-Shadows/Pokemon_Trainer_Tournament_Simulator/main/Data/UsefulDatasets/gen_1_pokemon_learnsets.json
21,50,level-up,15,1,Supplied Gen-I learnset JSON,https://raw.githubusercontent.com/cRz-Shadows/Pokemon_Trainer_Tournament_Simulator/main/Data/UsefulDatasets/gen_1_pokemon_learnsets.json
21,86,level-up,22,1,Supplied Gen-I learnset JSON,https://raw.githubusercontent.com/cRz-Shadows/Pokemon_Trainer_Tournament_Simulator/main/Data/UsefulDatasets/gen_1_pokemon_learnsets.json
21,37,level-up,29,1,Supplied Gen-I learnset JSON,https://raw.githubusercontent.com/cRz-Shadows/Pokemon_Trainer_Tournament_Simulator/main/Data/UsefulDatasets/gen_1_pokemon_learnsets.json
21,4,level-up,36,1,Supplied Gen-I learnset JSON,https://raw.githubusercontent.com/cRz-Shadows/Pokemon_Trainer_Tournament_Simulator/main/Data/UsefulDatasets/gen_1_pokemon_learnsets.json
21,103,TM/HM,0,1,Supplied Gen-I learnset JSON,https://raw.githubusercontent.com/cRz-Shadows/Pokemon_Trainer_Tournament_Simulator/main/Data/UsefulDatasets/gen_1_pokemon_learnsets.json
21,162,TM/HM,0,1,Supplied Gen-I learnset JSON,https://raw.githubusercontent.com/cRz-Shadows/Pokemon_Trainer_Tournament_Simulator/main/Data/UsefulDatasets/gen_1_pokemon_learnsets.json
21,48,TM/HM,0,1,Supplied Gen-I learnset JSON,https://raw.githubusercontent.com/cRz-Shadows/Pokemon_Trainer_Tournament_Simulator/main/Data/UsefulDatasets/gen_1_pokemon_learnsets.json
21,146,TM/HM,0,1,Supplied Gen-I learnset JSON,https://raw.githubusercontent.com/cRz-Shadows/Pokemon_Trainer_Tournament_Simulator/main/Data/UsefulDatasets/gen_1_pokemon_learnsets.json
21,33,TM/HM,0,1,Supplied Gen-I learnset JSON,https://raw.githubusercontent.com/cRz-Shadows/Pokemon_Trainer_Tournament_Simulator/main/Data/UsefulDatasets/gen_1_pokemon_learnsets.json
21,154,TM/HM,0,1,Supplied Gen-I learnset JSON,https://raw.githubusercontent.com/cRz-Shadows/Pokemon_Trainer_Tournament_Simulator/main/Data/UsefulDatasets/gen_1_pokemon_learnsets.json
21,101,TM/HM,0,1,Supplied Gen-I learnset JSON,https://raw.githubusercontent.com/cRz-Shadows/Pokemon_Trainer_Tournament_Simulator/main/Data/UsefulDatasets/gen_1_pokemon_learnsets.json
21,84,TM/HM,0,1,Supplied Gen-I learnset JSON,https://raw.githubusercontent.com/cRz-Shadows/Pokemon_Trainer_Tournament_Simulator/main/Data/UsefulDatasets/gen_1_pokemon_learnsets.json
21,32,TM/HM,0,1,Supplied Gen-I learnset JSON,https://raw.githubusercontent.com/cRz-Shadows/Pokemon_Trainer_Tournament_Simulator/main/Data/UsefulDatasets/gen_1_pokemon_learnsets.json
21,9,TM/HM,0,1,Supplied Gen-I learnset JSON,https://raw.githubusercontent.com/cRz-Shadows/Pokemon_Trainer_Tournament_Simulator/main/Data/UsefulDatasets/gen_1_pokemon_learnsets.json
21,142,TM/HM,0,1,Supplied Gen-I learnset JSON,https://raw.githubusercontent.com/cRz-Shadows/Pokemon_Trainer_Tournament_Simulator/main/Data/UsefulDatasets/gen_1_pokemon_learnsets.json
21,119,TM/HM,0,1,Supplied Gen-I learnset JSON,https://raw.githubusercontent.com/cRz-Shadows/Pokemon_Trainer_Tournament_Simulator/main/Data/UsefulDatasets/gen_1_pokemon_learnsets.json
21,106,TM/HM,0,1,Supplied Gen-I learnset JSON,https://raw.githubusercontent.com/cRz-Shadows/Pokemon_Trainer_Tournament_Simulator/main/Data/UsefulDatasets/gen_1_pokemon_learnsets.json
21,138,TM/HM,0,1,Supplied Gen-I learnset JSON,https://raw.githubusercontent.com/cRz-Shadows/Pokemon_Trainer_Tournament_Simulator/main/Data/UsefulDatasets/gen_1_pokemon_learnsets.json
22,90,level-up,1,1,Supplied Gen-I learnset JSON,https://raw.githubusercontent.com/cRz-Shadows/Pokemon_Trainer_Tournament_Simulator/main/Data/UsefulDatasets/gen_1_pokemon_learnsets.json
22,74,level-up,1,1,Supplied Gen-I learnset JSON,https://raw.githubusercontent.com/cRz-Shadows/Pokemon_Trainer_Tournament_Simulator/main/Data/UsefulDatasets/gen_1_pokemon_learnsets.json
22,53,level-up,1,1,Supplied Gen-I learnset JSON,https://raw.githubusercontent.com/cRz-Shadows/Pokemon_Trainer_Tournament_Simulator/main/Data/UsefulDatasets/gen_1_pokemon_learnsets.json
22,74,level-up,9,1,Supplied Gen-I learnset JSON,https://raw.githubusercontent.com/cRz-Shadows/Pokemon_Trainer_Tournament_Simulator/main/Data/UsefulDatasets/gen_1_pokemon_learnsets.json
22,50,level-up,15,1,Supplied Gen-I learnset JSON,https://raw.githubusercontent.com/cRz-Shadows/Pokemon_Trainer_Tournament_Simulator/main/Data/UsefulDatasets/gen_1_pokemon_learnsets.json
22,86,level-up,25,1,Supplied Gen-I learnset JSON,https://raw.githubusercontent.com/cRz-Shadows/Pokemon_Trainer_Tournament_Simulator/main/Data/UsefulDatasets/gen_1_pokemon_learnsets.json
22,37,level-up,34,1,Supplied Gen-I learnset JSON,https://raw.githubusercontent.com/cRz-Shadows/Pokemon_Trainer_Tournament_Simulator/main/Data/UsefulDatasets/gen_1_pokemon_learnsets.json
22,4,level-up,43,1,Supplied Gen-I learnset JSON,https://raw.githubusercontent.com/cRz-Shadows/Pokemon_Trainer_Tournament_Simulator/main/Data/UsefulDatasets/gen_1_pokemon_learnsets.json
22,103,TM/HM,0,1,Supplied Gen-I learnset JSON,https://raw.githubusercontent.com/cRz-Shadows/Pokemon_Trainer_Tournament_Simulator/main/Data/UsefulDatasets/gen_1_pokemon_learnsets.json
22,162,TM/HM,0,1,Supplied Gen-I learnset JSON,https://raw.githubusercontent.com/cRz-Shadows/Pokemon_Trainer_Tournament_Simulator/main/Data/UsefulDatasets/gen_1_pokemon_learnsets.json
22,48,TM/HM,0,1,Supplied Gen-I learnset JSON,https://raw.githubusercontent.com/cRz-Shadows/Pokemon_Trainer_Tournament_Simulator/main/Data/UsefulDatasets/gen_1_pokemon_learnsets.json
22,146,TM/HM,0,1,Supplied Gen-I learnset JSON,https://raw.githubusercontent.com/cRz-Shadows/Pokemon_Trainer_Tournament_Simulator/main/Data/UsefulDatasets/gen_1_pokemon_learnsets.json
22,33,TM/HM,0,1,Supplied Gen-I learnset JSON,https://raw.githubusercontent.com/cRz-Shadows/Pokemon_Trainer_Tournament_Simulator/main/Data/UsefulDatasets/gen_1_pokemon_learnsets.json
22,64,TM/HM,0,1,Supplied Gen-I learnset JSON,https://raw.githubusercontent.com/cRz-Shadows/Pokemon_Trainer_Tournament_Simulator/main/Data/UsefulDatasets/gen_1_pokemon_learnsets.json
22,154,TM/HM,0,1,Supplied Gen-I learnset JSON,https://raw.githubusercontent.com/cRz-Shadows/Pokemon_Trainer_Tournament_Simulator/main/Data/UsefulDatasets/gen_1_pokemon_learnsets.json
22,101,TM/HM,0,1,Supplied Gen-I learnset JSON,https://raw.githubusercontent.com/cRz-Shadows/Pokemon_Trainer_Tournament_Simulator/main/Data/UsefulDatasets/gen_1_pokemon_learnsets.json
22,84,TM/HM,0,1,Supplied Gen-I learnset JSON,https://raw.githubusercontent.com/cRz-Shadows/Pokemon_Trainer_Tournament_Simulator/main/Data/UsefulDatasets/gen_1_pokemon_learnsets.json
22,32,TM/HM,0,1,Supplied Gen-I learnset JSON,https://raw.githubusercontent.com/cRz-Shadows/Pokemon_Trainer_Tournament_Simulator/main/Data/UsefulDatasets/gen_1_pokemon_learnsets.json
22,9,TM/HM,0,1,Supplied Gen-I learnset JSON,https://raw.githubusercontent.com/cRz-Shadows/Pokemon_Trainer_Tournament_Simulator/main/Data/UsefulDatasets/gen_1_pokemon_learnsets.json
22,142,TM/HM,0,1,Supplied Gen-I learnset JSON,https://raw.githubusercontent.com/cRz-Shadows/Pokemon_Trainer_Tournament_Simulator/main/Data/UsefulDatasets/gen_1_pokemon_learnsets.json
22,119,TM/HM,0,1,Supplied Gen-I learnset JSON,https://raw.githubusercontent.com/cRz-Shadows/Pokemon_Trainer_Tournament_Simulator/main/Data/UsefulDatasets/gen_1_pokemon_learnsets.json
22,106,TM/HM,0,1,Supplied Gen-I learnset JSON,https://raw.githubusercontent.com/cRz-Shadows/Pokemon_Trainer_Tournament_Simulator/main/Data/UsefulDatasets/gen_1_pokemon_learnsets.json
22,138,TM/HM,0,1,Supplied Gen-I learnset JSON,https://raw.githubusercontent.com/cRz-Shadows/Pokemon_Trainer_Tournament_Simulator/main/Data/UsefulDatasets/gen_1_pokemon_learnsets.json
23,165,level-up,1,1,Supplied Gen-I learnset JSON,https://raw.githubusercontent.com/cRz-Shadows/Pokemon_Trainer_Tournament_Simulator/main/Data/UsefulDatasets/gen_1_pokemon_learnsets.json
23,74,level-up,1,1,Supplied Gen-I learnset JSON,https://raw.githubusercontent.com/cRz-Shadows/Pokemon_Trainer_Tournament_Simulator/main/Data/UsefulDatasets/gen_1_pokemon_learnsets.json
23,94,level-up,10,1,Supplied Gen-I learnset JSON,https://raw.githubusercontent.com/cRz-Shadows/Pokemon_Trainer_Tournament_Simulator/main/Data/UsefulDatasets/gen_1_pokemon_learnsets.json
23,11,level-up,17,1,Supplied Gen-I learnset JSON,https://raw.githubusercontent.com/cRz-Shadows/Pokemon_Trainer_Tournament_Simulator/main/Data/UsefulDatasets/gen_1_pokemon_learnsets.json
23,52,level-up,24,1,Supplied Gen-I learnset JSON,https://raw.githubusercontent.com/cRz-Shadows/Pokemon_Trainer_Tournament_Simulator/main/Data/UsefulDatasets/gen_1_pokemon_learnsets.json
23,113,level-up,31,1,Supplied Gen-I learnset JSON,https://raw.githubusercontent.com/cRz-Shadows/Pokemon_Trainer_Tournament_Simulator/main/Data/UsefulDatasets/gen_1_pokemon_learnsets.json
23,2,level-up,38,1,Supplied Gen-I learnset JSON,https://raw.githubusercontent.com/cRz-Shadows/Pokemon_Trainer_Tournament_Simulator/main/Data/UsefulDatasets/gen_1_pokemon_learnsets.json
23,13,TM/HM,0,1,Supplied Gen-I learnset JSON,https://raw.githubusercontent.com/cRz-Shadows/Pokemon_Trainer_Tournament_Simulator/main/Data/UsefulDatasets/gen_1_pokemon_learnsets.json
23,146,TM/HM,0,1,Supplied Gen-I learnset JSON,https://raw.githubusercontent.com/cRz-Shadows/Pokemon_Trainer_Tournament_Simulator/main/Data/UsefulDatasets/gen_1_pokemon_learnsets.json
23,33,TM/HM,0,1,Supplied Gen-I learnset JSON,https://raw.githubusercontent.com/cRz-Shadows/Pokemon_Trainer_Tournament_Simulator/main/Data/UsefulDatasets/gen_1_pokemon_learnsets.json
23,133,TM/HM,0,1,Supplied Gen-I learnset JSON,https://raw.githubusercontent.com/cRz-Shadows/Pokemon_Trainer_Tournament_Simulator/main/Data/UsefulDatasets/gen_1_pokemon_learnsets.json
23,80,TM/HM,0,1,Supplied Gen-I learnset JSON,https://raw.githubusercontent.com/cRz-Shadows/Pokemon_Trainer_Tournament_Simulator/main/Data/UsefulDatasets/gen_1_pokemon_learnsets.json
23,38,TM/HM,0,1,Supplied Gen-I learnset JSON,https://raw.githubusercontent.com/cRz-Shadows/Pokemon_Trainer_Tournament_Simulator/main/Data/UsefulDatasets/gen_1_pokemon_learnsets.json
23,45,TM/HM,0,1,Supplied Gen-I learnset JSON,https://raw.githubusercontent.com/cRz-Shadows/Pokemon_Trainer_Tournament_Simulator/main/Data/UsefulDatasets/gen_1_pokemon_learnsets.json
23,28,TM/HM,0,1,Supplied Gen-I learnset JSON,https://raw.githubusercontent.com/cRz-Shadows/Pokemon_Trainer_Tournament_Simulator/main/Data/UsefulDatasets/gen_1_pokemon_learnsets.json
23,154,TM/HM,0,1,Supplied Gen-I learnset JSON,https://raw.githubusercontent.com/cRz-Shadows/Pokemon_Trainer_Tournament_Simulator/main/Data/UsefulDatasets/gen_1_pokemon_learnsets.json
23,101,TM/HM,0,1,Supplied Gen-I learnset JSON,https://raw.githubusercontent.com/cRz-Shadows/Pokemon_Trainer_Tournament_Simulator/main/Data/UsefulDatasets/gen_1_pokemon_learnsets.json
23,84,TM/HM,0,1,Supplied Gen-I learnset JSON,https://raw.githubusercontent.com/cRz-Shadows/Pokemon_Trainer_Tournament_Simulator/main/Data/UsefulDatasets/gen_1_pokemon_learnsets.json
23,32,TM/HM,0,1,Supplied Gen-I learnset JSON,https://raw.githubusercontent.com/cRz-Shadows/Pokemon_Trainer_Tournament_Simulator/main/Data/UsefulDatasets/gen_1_pokemon_learnsets.json
23,9,TM/HM,0,1,Supplied Gen-I learnset JSON,https://raw.githubusercontent.com/cRz-Shadows/Pokemon_Trainer_Tournament_Simulator/main/Data/UsefulDatasets/gen_1_pokemon_learnsets.json
23,118,TM/HM,0,1,Supplied Gen-I learnset JSON,https://raw.githubusercontent.com/cRz-Shadows/Pokemon_Trainer_Tournament_Simulator/main/Data/UsefulDatasets/gen_1_pokemon_learnsets.json
23,106,TM/HM,0,1,Supplied Gen-I learnset JSON,https://raw.githubusercontent.com/cRz-Shadows/Pokemon_Trainer_Tournament_Simulator/main/Data/UsefulDatasets/gen_1_pokemon_learnsets.json
23,108,TM/HM,0,1,Supplied Gen-I learnset JSON,https://raw.githubusercontent.com/cRz-Shadows/Pokemon_Trainer_Tournament_Simulator/main/Data/UsefulDatasets/gen_1_pokemon_learnsets.json
23,138,TM/HM,0,1,Supplied Gen-I learnset JSON,https://raw.githubusercontent.com/cRz-Shadows/Pokemon_Trainer_Tournament_Simulator/main/Data/UsefulDatasets/gen_1_pokemon_learnsets.json
24,165,level-up,1,1,Supplied Gen-I learnset JSON,https://raw.githubusercontent.com/cRz-Shadows/Pokemon_Trainer_Tournament_Simulator/main/Data/UsefulDatasets/gen_1_pokemon_learnsets.json
24,94,level-up,1,1,Supplied Gen-I learnset JSON,https://raw.githubusercontent.com/cRz-Shadows/Pokemon_Trainer_Tournament_Simulator/main/Data/UsefulDatasets/gen_1_pokemon_learnsets.json
24,74,level-up,1,1,Supplied Gen-I learnset JSON,https://raw.githubusercontent.com/cRz-Shadows/Pokemon_Trainer_Tournament_Simulator/main/Data/UsefulDatasets/gen_1_pokemon_learnsets.json
24,94,level-up,10,1,Supplied Gen-I learnset JSON,https://raw.githubusercontent.com/cRz-Shadows/Pokemon_Trainer_Tournament_Simulator/main/Data/UsefulDatasets/gen_1_pokemon_learnsets.json
24,11,level-up,17,1,Supplied Gen-I learnset JSON,https://raw.githubusercontent.com/cRz-Shadows/Pokemon_Trainer_Tournament_Simulator/main/Data/UsefulDatasets/gen_1_pokemon_learnsets.json
24,52,level-up,27,1,Supplied Gen-I learnset JSON,https://raw.githubusercontent.com/cRz-Shadows/Pokemon_Trainer_Tournament_Simulator/main/Data/UsefulDatasets/gen_1_pokemon_learnsets.json
24,113,level-up,36,1,Supplied Gen-I learnset JSON,https://raw.githubusercontent.com/cRz-Shadows/Pokemon_Trainer_Tournament_Simulator/main/Data/UsefulDatasets/gen_1_pokemon_learnsets.json
24,2,level-up,47,1,Supplied Gen-I learnset JSON,https://raw.githubusercontent.com/cRz-Shadows/Pokemon_Trainer_Tournament_Simulator/main/Data/UsefulDatasets/gen_1_pokemon_learnsets.json
24,13,TM/HM,0,1,Supplied Gen-I learnset JSON,https://raw.githubusercontent.com/cRz-Shadows/Pokemon_Trainer_Tournament_Simulator/main/Data/UsefulDatasets/gen_1_pokemon_learnsets.json
24,146,TM/HM,0,1,Supplied Gen-I learnset JSON,https://raw.githubusercontent.com/cRz-Shadows/Pokemon_Trainer_Tournament_Simulator/main/Data/UsefulDatasets/gen_1_pokemon_learnsets.json
24,33,TM/HM,0,1,Supplied Gen-I learnset JSON,https://raw.githubusercontent.com/cRz-Shadows/Pokemon_Trainer_Tournament_Simulator/main/Data/UsefulDatasets/gen_1_pokemon_learnsets.json
24,64,TM/HM,0,1,Supplied Gen-I learnset JSON,https://raw.githubusercontent.com/cRz-Shadows/Pokemon_Trainer_Tournament_Simulator/main/Data/UsefulDatasets/gen_1_pokemon_learnsets.json
24,133,TM/HM,0,1,Supplied Gen-I learnset JSON,https://raw.githubusercontent.com/cRz-Shadows/Pokemon_Trainer_Tournament_Simulator/main/Data/UsefulDatasets/gen_1_pokemon_learnsets.json
24,80,TM/HM,0,1,Supplied Gen-I learnset JSON,https://raw.githubusercontent.com/cRz-Shadows/Pokemon_Trainer_Tournament_Simulator/main/Data/UsefulDatasets/gen_1_pokemon_learnsets.json
24,38,TM/HM,0,1,Supplied Gen-I learnset JSON,https://raw.githubusercontent.com/cRz-Shadows/Pokemon_Trainer_Tournament_Simulator/main/Data/UsefulDatasets/gen_1_pokemon_learnsets.json
24,45,TM/HM,0,1,Supplied Gen-I learnset JSON,https://raw.githubusercontent.com/cRz-Shadows/Pokemon_Trainer_Tournament_Simulator/main/Data/UsefulDatasets/gen_1_pokemon_learnsets.json
24,28,TM/HM,0,1,Supplied Gen-I learnset JSON,https://raw.githubusercontent.com/cRz-Shadows/Pokemon_Trainer_Tournament_Simulator/main/Data/UsefulDatasets/gen_1_pokemon_learnsets.json
24,154,TM/HM,0,1,Supplied Gen-I learnset JSON,https://raw.githubusercontent.com/cRz-Shadows/Pokemon_Trainer_Tournament_Simulator/main/Data/UsefulDatasets/gen_1_pokemon_learnsets.json
24,101,TM/HM,0,1,Supplied Gen-I learnset JSON,https://raw.githubusercontent.com/cRz-Shadows/Pokemon_Trainer_Tournament_Simulator/main/Data/UsefulDatasets/gen_1_pokemon_learnsets.json
24,84,TM/HM,0,1,Supplied Gen-I learnset JSON,https://raw.githubusercontent.com/cRz-Shadows/Pokemon_Trainer_Tournament_Simulator/main/Data/UsefulDatasets/gen_1_pokemon_learnsets.json
24,32,TM/HM,0,1,Supplied Gen-I learnset JSON,https://raw.githubusercontent.com/cRz-Shadows/Pokemon_Trainer_Tournament_Simulator/main/Data/UsefulDatasets/gen_1_pokemon_learnsets.json
24,9,TM/HM,0,1,Supplied Gen-I learnset JSON,https://raw.githubusercontent.com/cRz-Shadows/Pokemon_Trainer_Tournament_Simulator/main/Data/UsefulDatasets/gen_1_pokemon_learnsets.json
24,118,TM/HM,0,1,Supplied Gen-I learnset JSON,https://raw.githubusercontent.com/cRz-Shadows/Pokemon_Trainer_Tournament_Simulator/main/Data/UsefulDatasets/gen_1_pokemon_learnsets.json
24,106,TM/HM,0,1,Supplied Gen-I learnset JSON,https://raw.githubusercontent.com/cRz-Shadows/Pokemon_Trainer_Tournament_Simulator/main/Data/UsefulDatasets/gen_1_pokemon_learnsets.json
24,108,TM/HM,0,1,Supplied Gen-I learnset JSON,https://raw.githubusercontent.com/cRz-Shadows/Pokemon_Trainer_Tournament_Simulator/main/Data/UsefulDatasets/gen_1_pokemon_learnsets.json
24,138,TM/HM,0,1,Supplied Gen-I learnset JSON,https://raw.githubusercontent.com/cRz-Shadows/Pokemon_Trainer_Tournament_Simulator/main/Data/UsefulDatasets/gen_1_pokemon_learnsets.json
25,153,level-up,1,1,Supplied Gen-I learnset JSON,https://raw.githubusercontent.com/cRz-Shadows/Pokemon_Trainer_Tournament_Simulator/main/Data/UsefulDatasets/gen_1_pokemon_learnsets.json
25,53,level-up,1,1,Supplied Gen-I learnset JSON,https://raw.githubusercontent.com/cRz-Shadows/Pokemon_Trainer_Tournament_Simulator/main/Data/UsefulDatasets/gen_1_pokemon_learnsets.json
25,150,level-up,9,1,Supplied Gen-I learnset JSON,https://raw.githubusercontent.com/cRz-Shadows/Pokemon_Trainer_Tournament_Simulator/main/Data/UsefulDatasets/gen_1_pokemon_learnsets.json
25,100,level-up,16,1,Supplied Gen-I learnset JSON,https://raw.githubusercontent.com/cRz-Shadows/Pokemon_Trainer_Tournament_Simulator/main/Data/UsefulDatasets/gen_1_pokemon_learnsets.json
25,142,level-up,26,1,Supplied Gen-I learnset JSON,https://raw.githubusercontent.com/cRz-Shadows/Pokemon_Trainer_Tournament_Simulator/main/Data/UsefulDatasets/gen_1_pokemon_learnsets.json
25,4,level-up,33,1,Supplied Gen-I learnset JSON,https://raw.githubusercontent.com/cRz-Shadows/Pokemon_Trainer_Tournament_Simulator/main/Data/UsefulDatasets/gen_1_pokemon_learnsets.json
25,149,level-up,43,1,Supplied Gen-I learnset JSON,https://raw.githubusercontent.com/cRz-Shadows/Pokemon_Trainer_Tournament_Simulator/main/Data/UsefulDatasets/gen_1_pokemon_learnsets.json
25,82,TM/HM,0,1,Supplied Gen-I learnset JSON,https://raw.githubusercontent.com/cRz-Shadows/Pokemon_Trainer_Tournament_Simulator/main/Data/UsefulDatasets/gen_1_pokemon_learnsets.json
25,89,TM/HM,0,1,Supplied Gen-I learnset JSON,https://raw.githubusercontent.com/cRz-Shadows/Pokemon_Trainer_Tournament_Simulator/main/Data/UsefulDatasets/gen_1_pokemon_learnsets.json
25,81,TM/HM,0,1,Supplied Gen-I learnset JSON,https://raw.githubusercontent.com/cRz-Shadows/Pokemon_Trainer_Tournament_Simulator/main/Data/UsefulDatasets/gen_1_pokemon_learnsets.json
25,13,TM/HM,0,1,Supplied Gen-I learnset JSON,https://raw.githubusercontent.com/cRz-Shadows/Pokemon_Trainer_Tournament_Simulator/main/Data/UsefulDatasets/gen_1_pokemon_learnsets.json
25,146,TM/HM,0,1,Supplied Gen-I learnset JSON,https://raw.githubusercontent.com/cRz-Shadows/Pokemon_Trainer_Tournament_Simulator/main/Data/UsefulDatasets/gen_1_pokemon_learnsets.json
25,33,TM/HM,0,1,Supplied Gen-I learnset JSON,https://raw.githubusercontent.com/cRz-Shadows/Pokemon_Trainer_Tournament_Simulator/main/Data/UsefulDatasets/gen_1_pokemon_learnsets.json
25,137,TM/HM,0,1,Supplied Gen-I learnset JSON,https://raw.githubusercontent.com/cRz-Shadows/Pokemon_Trainer_Tournament_Simulator/main/Data/UsefulDatasets/gen_1_pokemon_learnsets.json
25,114,TM/HM,0,1,Supplied Gen-I learnset JSON,https://raw.githubusercontent.com/cRz-Shadows/Pokemon_Trainer_Tournament_Simulator/main/Data/UsefulDatasets/gen_1_pokemon_learnsets.json
25,151,TM/HM,0,1,Supplied Gen-I learnset JSON,https://raw.githubusercontent.com/cRz-Shadows/Pokemon_Trainer_Tournament_Simulator/main/Data/UsefulDatasets/gen_1_pokemon_learnsets.json
25,150,TM/HM,0,1,Supplied Gen-I learnset JSON,https://raw.githubusercontent.com/cRz-Shadows/Pokemon_Trainer_Tournament_Simulator/main/Data/UsefulDatasets/gen_1_pokemon_learnsets.json
25,149,TM/HM,0,1,Supplied Gen-I learnset JSON,https://raw.githubusercontent.com/cRz-Shadows/Pokemon_Trainer_Tournament_Simulator/main/Data/UsefulDatasets/gen_1_pokemon_learnsets.json
25,154,TM/HM,0,1,Supplied Gen-I learnset JSON,https://raw.githubusercontent.com/cRz-Shadows/Pokemon_Trainer_Tournament_Simulator/main/Data/UsefulDatasets/gen_1_pokemon_learnsets.json
25,101,TM/HM,0,1,Supplied Gen-I learnset JSON,https://raw.githubusercontent.com/cRz-Shadows/Pokemon_Trainer_Tournament_Simulator/main/Data/UsefulDatasets/gen_1_pokemon_learnsets.json
25,84,TM/HM,0,1,Supplied Gen-I learnset JSON,https://raw.githubusercontent.com/cRz-Shadows/Pokemon_Trainer_Tournament_Simulator/main/Data/UsefulDatasets/gen_1_pokemon_learnsets.json
25,32,TM/HM,0,1,Supplied Gen-I learnset JSON,https://raw.githubusercontent.com/cRz-Shadows/Pokemon_Trainer_Tournament_Simulator/main/Data/UsefulDatasets/gen_1_pokemon_learnsets.json
25,105,TM/HM,0,1,Supplied Gen-I learnset JSON,https://raw.githubusercontent.com/cRz-Shadows/Pokemon_Trainer_Tournament_Simulator/main/Data/UsefulDatasets/gen_1_pokemon_learnsets.json
25,9,TM/HM,0,1,Supplied Gen-I learnset JSON,https://raw.githubusercontent.com/cRz-Shadows/Pokemon_Trainer_Tournament_Simulator/main/Data/UsefulDatasets/gen_1_pokemon_learnsets.json
25,142,TM/HM,0,1,Supplied Gen-I learnset JSON,https://raw.githubusercontent.com/cRz-Shadows/Pokemon_Trainer_Tournament_Simulator/main/Data/UsefulDatasets/gen_1_pokemon_learnsets.json
25,118,TM/HM,0,1,Supplied Gen-I learnset JSON,https://raw.githubusercontent.com/cRz-Shadows/Pokemon_Trainer_Tournament_Simulator/main/Data/UsefulDatasets/gen_1_pokemon_learnsets.json
25,47,TM/HM,0,1,Supplied Gen-I learnset JSON,https://raw.githubusercontent.com/cRz-Shadows/Pokemon_Trainer_Tournament_Simulator/main/Data/UsefulDatasets/gen_1_pokemon_learnsets.json
25,106,TM/HM,0,1,Supplied Gen-I learnset JSON,https://raw.githubusercontent.com/cRz-Shadows/Pokemon_Trainer_Tournament_Simulator/main/Data/UsefulDatasets/gen_1_pokemon_learnsets.json
25,138,TM/HM,0,1,Supplied Gen-I learnset JSON,https://raw.githubusercontent.com/cRz-Shadows/Pokemon_Trainer_Tournament_Simulator/main/Data/UsefulDatasets/gen_1_pokemon_learnsets.json
26,153,level-up,1,1,Supplied Gen-I learnset JSON,https://raw.githubusercontent.com/cRz-Shadows/Pokemon_Trainer_Tournament_Simulator/main/Data/UsefulDatasets/gen_1_pokemon_learnsets.json
26,53,level-up,1,1,Supplied Gen-I learnset JSON,https://raw.githubusercontent.com/cRz-Shadows/Pokemon_Trainer_Tournament_Simulator/main/Data/UsefulDatasets/gen_1_pokemon_learnsets.json
26,150,level-up,1,1,Supplied Gen-I learnset JSON,https://raw.githubusercontent.com/cRz-Shadows/Pokemon_Trainer_Tournament_Simulator/main/Data/UsefulDatasets/gen_1_pokemon_learnsets.json
26,82,TM/HM,0,1,Supplied Gen-I learnset JSON,https://raw.githubusercontent.com/cRz-Shadows/Pokemon_Trainer_Tournament_Simulator/main/Data/UsefulDatasets/gen_1_pokemon_learnsets.json
26,89,TM/HM,0,1,Supplied Gen-I learnset JSON,https://raw.githubusercontent.com/cRz-Shadows/Pokemon_Trainer_Tournament_Simulator/main/Data/UsefulDatasets/gen_1_pokemon_learnsets.json
26,81,TM/HM,0,1,Supplied Gen-I learnset JSON,https://raw.githubusercontent.com/cRz-Shadows/Pokemon_Trainer_Tournament_Simulator/main/Data/UsefulDatasets/gen_1_pokemon_learnsets.json
26,13,TM/HM,0,1,Supplied Gen-I learnset JSON,https://raw.githubusercontent.com/cRz-Shadows/Pokemon_Trainer_Tournament_Simulator/main/Data/UsefulDatasets/gen_1_pokemon_learnsets.json
26,146,TM/HM,0,1,Supplied Gen-I learnset JSON,https://raw.githubusercontent.com/cRz-Shadows/Pokemon_Trainer_Tournament_Simulator/main/Data/UsefulDatasets/gen_1_pokemon_learnsets.json
26,33,TM/HM,0,1,Supplied Gen-I learnset JSON,https://raw.githubusercontent.com/cRz-Shadows/Pokemon_Trainer_Tournament_Simulator/main/Data/UsefulDatasets/gen_1_pokemon_learnsets.json
26,64,TM/HM,0,1,Supplied Gen-I learnset JSON,https://raw.githubusercontent.com/cRz-Shadows/Pokemon_Trainer_Tournament_Simulator/main/Data/UsefulDatasets/gen_1_pokemon_learnsets.json
26,137,TM/HM,0,1,Supplied Gen-I learnset JSON,https://raw.githubusercontent.com/cRz-Shadows/Pokemon_Trainer_Tournament_Simulator/main/Data/UsefulDatasets/gen_1_pokemon_learnsets.json
26,114,TM/HM,0,1,Supplied Gen-I learnset JSON,https://raw.githubusercontent.com/cRz-Shadows/Pokemon_Trainer_Tournament_Simulator/main/Data/UsefulDatasets/gen_1_pokemon_learnsets.json
26,151,TM/HM,0,1,Supplied Gen-I learnset JSON,https://raw.githubusercontent.com/cRz-Shadows/Pokemon_Trainer_Tournament_Simulator/main/Data/UsefulDatasets/gen_1_pokemon_learnsets.json
26,150,TM/HM,0,1,Supplied Gen-I learnset JSON,https://raw.githubusercontent.com/cRz-Shadows/Pokemon_Trainer_Tournament_Simulator/main/Data/UsefulDatasets/gen_1_pokemon_learnsets.json
26,149,TM/HM,0,1,Supplied Gen-I learnset JSON,https://raw.githubusercontent.com/cRz-Shadows/Pokemon_Trainer_Tournament_Simulator/main/Data/UsefulDatasets/gen_1_pokemon_learnsets.json
26,154,TM/HM,0,1,Supplied Gen-I learnset JSON,https://raw.githubusercontent.com/cRz-Shadows/Pokemon_Trainer_Tournament_Simulator/main/Data/UsefulDatasets/gen_1_pokemon_learnsets.json
26,101,TM/HM,0,1,Supplied Gen-I learnset JSON,https://raw.githubusercontent.com/cRz-Shadows/Pokemon_Trainer_Tournament_Simulator/main/Data/UsefulDatasets/gen_1_pokemon_learnsets.json
26,84,TM/HM,0,1,Supplied Gen-I learnset JSON,https://raw.githubusercontent.com/cRz-Shadows/Pokemon_Trainer_Tournament_Simulator/main/Data/UsefulDatasets/gen_1_pokemon_learnsets.json
26,32,TM/HM,0,1,Supplied Gen-I learnset JSON,https://raw.githubusercontent.com/cRz-Shadows/Pokemon_Trainer_Tournament_Simulator/main/Data/UsefulDatasets/gen_1_pokemon_learnsets.json
26,105,TM/HM,0,1,Supplied Gen-I learnset JSON,https://raw.githubusercontent.com/cRz-Shadows/Pokemon_Trainer_Tournament_Simulator/main/Data/UsefulDatasets/gen_1_pokemon_learnsets.json
26,9,TM/HM,0,1,Supplied Gen-I learnset JSON,https://raw.githubusercontent.com/cRz-Shadows/Pokemon_Trainer_Tournament_Simulator/main/Data/UsefulDatasets/gen_1_pokemon_learnsets.json
26,142,TM/HM,0,1,Supplied Gen-I learnset JSON,https://raw.githubusercontent.com/cRz-Shadows/Pokemon_Trainer_Tournament_Simulator/main/Data/UsefulDatasets/gen_1_pokemon_learnsets.json
26,118,TM/HM,0,1,Supplied Gen-I learnset JSON,https://raw.githubusercontent.com/cRz-Shadows/Pokemon_Trainer_Tournament_Simulator/main/Data/UsefulDatasets/gen_1_pokemon_learnsets.json
26,47,TM/HM,0,1,Supplied Gen-I learnset JSON,https://raw.githubusercontent.com/cRz-Shadows/Pokemon_Trainer_Tournament_Simulator/main/Data/UsefulDatasets/gen_1_pokemon_learnsets.json
26,106,TM/HM,0,1,Supplied Gen-I learnset JSON,https://raw.githubusercontent.com/cRz-Shadows/Pokemon_Trainer_Tournament_Simulator/main/Data/UsefulDatasets/gen_1_pokemon_learnsets.json
26,138,TM/HM,0,1,Supplied Gen-I learnset JSON,https://raw.githubusercontent.com/cRz-Shadows/Pokemon_Trainer_Tournament_Simulator/main/Data/UsefulDatasets/gen_1_pokemon_learnsets.json
27,112,level-up,1,1,Supplied Gen-I learnset JSON,https://raw.githubusercontent.com/cRz-Shadows/Pokemon_Trainer_Tournament_Simulator/main/Data/UsefulDatasets/gen_1_pokemon_learnsets.json
27,111,level-up,10,1,Supplied Gen-I learnset JSON,https://raw.githubusercontent.com/cRz-Shadows/Pokemon_Trainer_Tournament_Simulator/main/Data/UsefulDatasets/gen_1_pokemon_learnsets.json
27,121,level-up,17,1,Supplied Gen-I learnset JSON,https://raw.githubusercontent.com/cRz-Shadows/Pokemon_Trainer_Tournament_Simulator/main/Data/UsefulDatasets/gen_1_pokemon_learnsets.json
27,94,level-up,24,1,Supplied Gen-I learnset JSON,https://raw.githubusercontent.com/cRz-Shadows/Pokemon_Trainer_Tournament_Simulator/main/Data/UsefulDatasets/gen_1_pokemon_learnsets.json
27,142,level-up,31,1,Supplied Gen-I learnset JSON,https://raw.githubusercontent.com/cRz-Shadows/Pokemon_Trainer_Tournament_Simulator/main/Data/UsefulDatasets/gen_1_pokemon_learnsets.json
27,51,level-up,38,1,Supplied Gen-I learnset JSON,https://raw.githubusercontent.com/cRz-Shadows/Pokemon_Trainer_Tournament_Simulator/main/Data/UsefulDatasets/gen_1_pokemon_learnsets.json
27,143,TM/HM,0,1,Supplied Gen-I learnset JSON,https://raw.githubusercontent.com/cRz-Shadows/Pokemon_Trainer_Tournament_Simulator/main/Data/UsefulDatasets/gen_1_pokemon_learnsets.json
27,26,TM/HM,0,1,Supplied Gen-I learnset JSON,https://raw.githubusercontent.com/cRz-Shadows/Pokemon_Trainer_Tournament_Simulator/main/Data/UsefulDatasets/gen_1_pokemon_learnsets.json
27,13,TM/HM,0,1,Supplied Gen-I learnset JSON,https://raw.githubusercontent.com/cRz-Shadows/Pokemon_Trainer_Tournament_Simulator/main/Data/UsefulDatasets/gen_1_pokemon_learnsets.json
27,146,TM/HM,0,1,Supplied Gen-I learnset JSON,https://raw.githubusercontent.com/cRz-Shadows/Pokemon_Trainer_Tournament_Simulator/main/Data/UsefulDatasets/gen_1_pokemon_learnsets.json
27,33,TM/HM,0,1,Supplied Gen-I learnset JSON,https://raw.githubusercontent.com/cRz-Shadows/Pokemon_Trainer_Tournament_Simulator/main/Data/UsefulDatasets/gen_1_pokemon_learnsets.json
27,137,TM/HM,0,1,Supplied Gen-I learnset JSON,https://raw.githubusercontent.com/cRz-Shadows/Pokemon_Trainer_Tournament_Simulator/main/Data/UsefulDatasets/gen_1_pokemon_learnsets.json
27,114,TM/HM,0,1,Supplied Gen-I learnset JSON,https://raw.githubusercontent.com/cRz-Shadows/Pokemon_Trainer_Tournament_Simulator/main/Data/UsefulDatasets/gen_1_pokemon_learnsets.json
27,133,TM/HM,0,1,Supplied Gen-I learnset JSON,https://raw.githubusercontent.com/cRz-Shadows/Pokemon_Trainer_Tournament_Simulator/main/Data/UsefulDatasets/gen_1_pokemon_learnsets.json
27,38,TM/HM,0,1,Supplied Gen-I learnset JSON,https://raw.githubusercontent.com/cRz-Shadows/Pokemon_Trainer_Tournament_Simulator/main/Data/UsefulDatasets/gen_1_pokemon_learnsets.json
27,45,TM/HM,0,1,Supplied Gen-I learnset JSON,https://raw.githubusercontent.com/cRz-Shadows/Pokemon_Trainer_Tournament_Simulator/main/Data/UsefulDatasets/gen_1_pokemon_learnsets.json
27,28,TM/HM,0,1,Supplied Gen-I learnset JSON,https://raw.githubusercontent.com/cRz-Shadows/Pokemon_Trainer_Tournament_Simulator/main/Data/UsefulDatasets/gen_1_pokemon_learnsets.json
27,154,TM/HM,0,1,Supplied Gen-I learnset JSON,https://raw.githubusercontent.com/cRz-Shadows/Pokemon_Trainer_Tournament_Simulator/main/Data/UsefulDatasets/gen_1_pokemon_learnsets.json
27,101,TM/HM,0,1,Supplied Gen-I learnset JSON,https://raw.githubusercontent.com/cRz-Shadows/Pokemon_Trainer_Tournament_Simulator/main/Data/UsefulDatasets/gen_1_pokemon_learnsets.json
27,84,TM/HM,0,1,Supplied Gen-I learnset JSON,https://raw.githubusercontent.com/cRz-Shadows/Pokemon_Trainer_Tournament_Simulator/main/Data/UsefulDatasets/gen_1_pokemon_learnsets.json
27,32,TM/HM,0,1,Supplied Gen-I learnset JSON,https://raw.githubusercontent.com/cRz-Shadows/Pokemon_Trainer_Tournament_Simulator/main/Data/UsefulDatasets/gen_1_pokemon_learnsets.json
27,9,TM/HM,0,1,Supplied Gen-I learnset JSON,https://raw.githubusercontent.com/cRz-Shadows/Pokemon_Trainer_Tournament_Simulator/main/Data/UsefulDatasets/gen_1_pokemon_learnsets.json
27,142,TM/HM,0,1,Supplied Gen-I learnset JSON,https://raw.githubusercontent.com/cRz-Shadows/Pokemon_Trainer_Tournament_Simulator/main/Data/UsefulDatasets/gen_1_pokemon_learnsets.json
27,118,TM/HM,0,1,Supplied Gen-I learnset JSON,https://raw.githubusercontent.com/cRz-Shadows/Pokemon_Trainer_Tournament_Simulator/main/Data/UsefulDatasets/gen_1_pokemon_learnsets.json
27,106,TM/HM,0,1,Supplied Gen-I learnset JSON,https://raw.githubusercontent.com/cRz-Shadows/Pokemon_Trainer_Tournament_Simulator/main/Data/UsefulDatasets/gen_1_pokemon_learnsets.json
27,108,TM/HM,0,1,Supplied Gen-I learnset JSON,https://raw.githubusercontent.com/cRz-Shadows/Pokemon_Trainer_Tournament_Simulator/main/Data/UsefulDatasets/gen_1_pokemon_learnsets.json
27,138,TM/HM,0,1,Supplied Gen-I learnset JSON,https://raw.githubusercontent.com/cRz-Shadows/Pokemon_Trainer_Tournament_Simulator/main/Data/UsefulDatasets/gen_1_pokemon_learnsets.json
28,112,level-up,1,1,Supplied Gen-I learnset JSON,https://raw.githubusercontent.com/cRz-Shadows/Pokemon_Trainer_Tournament_Simulator/main/Data/UsefulDatasets/gen_1_pokemon_learnsets.json
28,111,level-up,1,1,Supplied Gen-I learnset JSON,https://raw.githubusercontent.com/cRz-Shadows/Pokemon_Trainer_Tournament_Simulator/main/Data/UsefulDatasets/gen_1_pokemon_learnsets.json
28,111,level-up,10,1,Supplied Gen-I learnset JSON,https://raw.githubusercontent.com/cRz-Shadows/Pokemon_Trainer_Tournament_Simulator/main/Data/UsefulDatasets/gen_1_pokemon_learnsets.json
28,121,level-up,17,1,Supplied Gen-I learnset JSON,https://raw.githubusercontent.com/cRz-Shadows/Pokemon_Trainer_Tournament_Simulator/main/Data/UsefulDatasets/gen_1_pokemon_learnsets.json
28,94,level-up,27,1,Supplied Gen-I learnset JSON,https://raw.githubusercontent.com/cRz-Shadows/Pokemon_Trainer_Tournament_Simulator/main/Data/UsefulDatasets/gen_1_pokemon_learnsets.json
28,142,level-up,36,1,Supplied Gen-I learnset JSON,https://raw.githubusercontent.com/cRz-Shadows/Pokemon_Trainer_Tournament_Simulator/main/Data/UsefulDatasets/gen_1_pokemon_learnsets.json
28,51,level-up,47,1,Supplied Gen-I learnset JSON,https://raw.githubusercontent.com/cRz-Shadows/Pokemon_Trainer_Tournament_Simulator/main/Data/UsefulDatasets/gen_1_pokemon_learnsets.json
28,143,TM/HM,0,1,Supplied Gen-I learnset JSON,https://raw.githubusercontent.com/cRz-Shadows/Pokemon_Trainer_Tournament_Simulator/main/Data/UsefulDatasets/gen_1_pokemon_learnsets.json
28,26,TM/HM,0,1,Supplied Gen-I learnset JSON,https://raw.githubusercontent.com/cRz-Shadows/Pokemon_Trainer_Tournament_Simulator/main/Data/UsefulDatasets/gen_1_pokemon_learnsets.json
28,13,TM/HM,0,1,Supplied Gen-I learnset JSON,https://raw.githubusercontent.com/cRz-Shadows/Pokemon_Trainer_Tournament_Simulator/main/Data/UsefulDatasets/gen_1_pokemon_learnsets.json
28,146,TM/HM,0,1,Supplied Gen-I learnset JSON,https://raw.githubusercontent.com/cRz-Shadows/Pokemon_Trainer_Tournament_Simulator/main/Data/UsefulDatasets/gen_1_pokemon_learnsets.json
28,33,TM/HM,0,1,Supplied Gen-I learnset JSON,https://raw.githubusercontent.com/cRz-Shadows/Pokemon_Trainer_Tournament_Simulator/main/Data/UsefulDatasets/gen_1_pokemon_learnsets.json
28,64,TM/HM,0,1,Supplied Gen-I learnset JSON,https://raw.githubusercontent.com/cRz-Shadows/Pokemon_Trainer_Tournament_Simulator/main/Data/UsefulDatasets/gen_1_pokemon_learnsets.json
28,137,TM/HM,0,1,Supplied Gen-I learnset JSON,https://raw.githubusercontent.com/cRz-Shadows/Pokemon_Trainer_Tournament_Simulator/main/Data/UsefulDatasets/gen_1_pokemon_learnsets.json
28,114,TM/HM,0,1,Supplied Gen-I learnset JSON,https://raw.githubusercontent.com/cRz-Shadows/Pokemon_Trainer_Tournament_Simulator/main/Data/UsefulDatasets/gen_1_pokemon_learnsets.json
28,133,TM/HM,0,1,Supplied Gen-I learnset JSON,https://raw.githubusercontent.com/cRz-Shadows/Pokemon_Trainer_Tournament_Simulator/main/Data/UsefulDatasets/gen_1_pokemon_learnsets.json
28,38,TM/HM,0,1,Supplied Gen-I learnset JSON,https://raw.githubusercontent.com/cRz-Shadows/Pokemon_Trainer_Tournament_Simulator/main/Data/UsefulDatasets/gen_1_pokemon_learnsets.json
28,45,TM/HM,0,1,Supplied Gen-I learnset JSON,https://raw.githubusercontent.com/cRz-Shadows/Pokemon_Trainer_Tournament_Simulator/main/Data/UsefulDatasets/gen_1_pokemon_learnsets.json
28,28,TM/HM,0,1,Supplied Gen-I learnset JSON,https://raw.githubusercontent.com/cRz-Shadows/Pokemon_Trainer_Tournament_Simulator/main/Data/UsefulDatasets/gen_1_pokemon_learnsets.json
28,154,TM/HM,0,1,Supplied Gen-I learnset JSON,https://raw.githubusercontent.com/cRz-Shadows/Pokemon_Trainer_Tournament_Simulator/main/Data/UsefulDatasets/gen_1_pokemon_learnsets.json
28,101,TM/HM,0,1,Supplied Gen-I learnset JSON,https://raw.githubusercontent.com/cRz-Shadows/Pokemon_Trainer_Tournament_Simulator/main/Data/UsefulDatasets/gen_1_pokemon_learnsets.json
28,84,TM/HM,0,1,Supplied Gen-I learnset JSON,https://raw.githubusercontent.com/cRz-Shadows/Pokemon_Trainer_Tournament_Simulator/main/Data/UsefulDatasets/gen_1_pokemon_learnsets.json
28,32,TM/HM,0,1,Supplied Gen-I learnset JSON,https://raw.githubusercontent.com/cRz-Shadows/Pokemon_Trainer_Tournament_Simulator/main/Data/UsefulDatasets/gen_1_pokemon_learnsets.json
28,9,TM/HM,0,1,Supplied Gen-I learnset JSON,https://raw.githubusercontent.com/cRz-Shadows/Pokemon_Trainer_Tournament_Simulator/main/Data/UsefulDatasets/gen_1_pokemon_learnsets.json
28,142,TM/HM,0,1,Supplied Gen-I learnset JSON,https://raw.githubusercontent.com/cRz-Shadows/Pokemon_Trainer_Tournament_Simulator/main/Data/UsefulDatasets/gen_1_pokemon_learnsets.json
28,118,TM/HM,0,1,Supplied Gen-I learnset JSON,https://raw.githubusercontent.com/cRz-Shadows/Pokemon_Trainer_Tournament_Simulator/main/Data/UsefulDatasets/gen_1_pokemon_learnsets.json
28,106,TM/HM,0,1,Supplied Gen-I learnset JSON,https://raw.githubusercontent.com/cRz-Shadows/Pokemon_Trainer_Tournament_Simulator/main/Data/UsefulDatasets/gen_1_pokemon_learnsets.json
28,108,TM/HM,0,1,Supplied Gen-I learnset JSON,https://raw.githubusercontent.com/cRz-Shadows/Pokemon_Trainer_Tournament_Simulator/main/Data/UsefulDatasets/gen_1_pokemon_learnsets.json
28,138,TM/HM,0,1,Supplied Gen-I learnset JSON,https://raw.githubusercontent.com/cRz-Shadows/Pokemon_Trainer_Tournament_Simulator/main/Data/UsefulDatasets/gen_1_pokemon_learnsets.json
29,144,level-up,1,1,Supplied Gen-I learnset JSON,https://raw.githubusercontent.com/cRz-Shadows/Pokemon_Trainer_Tournament_Simulator/main/Data/UsefulDatasets/gen_1_pokemon_learnsets.json
29,53,level-up,1,1,Supplied Gen-I learnset JSON,https://raw.githubusercontent.com/cRz-Shadows/Pokemon_Trainer_Tournament_Simulator/main/Data/UsefulDatasets/gen_1_pokemon_learnsets.json
29,112,level-up,8,1,Supplied Gen-I learnset JSON,https://raw.githubusercontent.com/cRz-Shadows/Pokemon_Trainer_Tournament_Simulator/main/Data/UsefulDatasets/gen_1_pokemon_learnsets.json
29,94,level-up,14,1,Supplied Gen-I learnset JSON,https://raw.githubusercontent.com/cRz-Shadows/Pokemon_Trainer_Tournament_Simulator/main/Data/UsefulDatasets/gen_1_pokemon_learnsets.json
29,145,level-up,21,1,Supplied Gen-I learnset JSON,https://raw.githubusercontent.com/cRz-Shadows/Pokemon_Trainer_Tournament_Simulator/main/Data/UsefulDatasets/gen_1_pokemon_learnsets.json
29,11,level-up,29,1,Supplied Gen-I learnset JSON,https://raw.githubusercontent.com/cRz-Shadows/Pokemon_Trainer_Tournament_Simulator/main/Data/UsefulDatasets/gen_1_pokemon_learnsets.json
29,51,level-up,36,1,Supplied Gen-I learnset JSON,https://raw.githubusercontent.com/cRz-Shadows/Pokemon_Trainer_Tournament_Simulator/main/Data/UsefulDatasets/gen_1_pokemon_learnsets.json
29,31,level-up,43,1,Supplied Gen-I learnset JSON,https://raw.githubusercontent.com/cRz-Shadows/Pokemon_Trainer_Tournament_Simulator/main/Data/UsefulDatasets/gen_1_pokemon_learnsets.json
29,13,TM/HM,0,1,Supplied Gen-I learnset JSON,https://raw.githubusercontent.com/cRz-Shadows/Pokemon_Trainer_Tournament_Simulator/main/Data/UsefulDatasets/gen_1_pokemon_learnsets.json
29,146,TM/HM,0,1,Supplied Gen-I learnset JSON,https://raw.githubusercontent.com/cRz-Shadows/Pokemon_Trainer_Tournament_Simulator/main/Data/UsefulDatasets/gen_1_pokemon_learnsets.json
29,33,TM/HM,0,1,Supplied Gen-I learnset JSON,https://raw.githubusercontent.com/cRz-Shadows/Pokemon_Trainer_Tournament_Simulator/main/Data/UsefulDatasets/gen_1_pokemon_learnsets.json
29,12,TM/HM,0,1,Supplied Gen-I learnset JSON,https://raw.githubusercontent.com/cRz-Shadows/Pokemon_Trainer_Tournament_Simulator/main/Data/UsefulDatasets/gen_1_pokemon_learnsets.json
29,151,TM/HM,0,1,Supplied Gen-I learnset JSON,https://raw.githubusercontent.com/cRz-Shadows/Pokemon_Trainer_Tournament_Simulator/main/Data/UsefulDatasets/gen_1_pokemon_learnsets.json
29,149,TM/HM,0,1,Supplied Gen-I learnset JSON,https://raw.githubusercontent.com/cRz-Shadows/Pokemon_Trainer_Tournament_Simulator/main/Data/UsefulDatasets/gen_1_pokemon_learnsets.json
29,154,TM/HM,0,1,Supplied Gen-I learnset JSON,https://raw.githubusercontent.com/cRz-Shadows/Pokemon_Trainer_Tournament_Simulator/main/Data/UsefulDatasets/gen_1_pokemon_learnsets.json
29,101,TM/HM,0,1,Supplied Gen-I learnset JSON,https://raw.githubusercontent.com/cRz-Shadows/Pokemon_Trainer_Tournament_Simulator/main/Data/UsefulDatasets/gen_1_pokemon_learnsets.json
29,84,TM/HM,0,1,Supplied Gen-I learnset JSON,https://raw.githubusercontent.com/cRz-Shadows/Pokemon_Trainer_Tournament_Simulator/main/Data/UsefulDatasets/gen_1_pokemon_learnsets.json
29,32,TM/HM,0,1,Supplied Gen-I learnset JSON,https://raw.githubusercontent.com/cRz-Shadows/Pokemon_Trainer_Tournament_Simulator/main/Data/UsefulDatasets/gen_1_pokemon_learnsets.json
29,105,TM/HM,0,1,Supplied Gen-I learnset JSON,https://raw.githubusercontent.com/cRz-Shadows/Pokemon_Trainer_Tournament_Simulator/main/Data/UsefulDatasets/gen_1_pokemon_learnsets.json
29,9,TM/HM,0,1,Supplied Gen-I learnset JSON,https://raw.githubusercontent.com/cRz-Shadows/Pokemon_Trainer_Tournament_Simulator/main/Data/UsefulDatasets/gen_1_pokemon_learnsets.json
29,118,TM/HM,0,1,Supplied Gen-I learnset JSON,https://raw.githubusercontent.com/cRz-Shadows/Pokemon_Trainer_Tournament_Simulator/main/Data/UsefulDatasets/gen_1_pokemon_learnsets.json
29,106,TM/HM,0,1,Supplied Gen-I learnset JSON,https://raw.githubusercontent.com/cRz-Shadows/Pokemon_Trainer_Tournament_Simulator/main/Data/UsefulDatasets/gen_1_pokemon_learnsets.json
29,138,TM/HM,0,1,Supplied Gen-I learnset JSON,https://raw.githubusercontent.com/cRz-Shadows/Pokemon_Trainer_Tournament_Simulator/main/Data/UsefulDatasets/gen_1_pokemon_learnsets.json
30,144,level-up,1,1,Supplied Gen-I learnset JSON,https://raw.githubusercontent.com/cRz-Shadows/Pokemon_Trainer_Tournament_Simulator/main/Data/UsefulDatasets/gen_1_pokemon_learnsets.json
30,112,level-up,1,1,Supplied Gen-I learnset JSON,https://raw.githubusercontent.com/cRz-Shadows/Pokemon_Trainer_Tournament_Simulator/main/Data/UsefulDatasets/gen_1_pokemon_learnsets.json
30,53,level-up,1,1,Supplied Gen-I learnset JSON,https://raw.githubusercontent.com/cRz-Shadows/Pokemon_Trainer_Tournament_Simulator/main/Data/UsefulDatasets/gen_1_pokemon_learnsets.json
30,112,level-up,8,1,Supplied Gen-I learnset JSON,https://raw.githubusercontent.com/cRz-Shadows/Pokemon_Trainer_Tournament_Simulator/main/Data/UsefulDatasets/gen_1_pokemon_learnsets.json
30,94,level-up,14,1,Supplied Gen-I learnset JSON,https://raw.githubusercontent.com/cRz-Shadows/Pokemon_Trainer_Tournament_Simulator/main/Data/UsefulDatasets/gen_1_pokemon_learnsets.json
30,145,level-up,23,1,Supplied Gen-I learnset JSON,https://raw.githubusercontent.com/cRz-Shadows/Pokemon_Trainer_Tournament_Simulator/main/Data/UsefulDatasets/gen_1_pokemon_learnsets.json
30,11,level-up,32,1,Supplied Gen-I learnset JSON,https://raw.githubusercontent.com/cRz-Shadows/Pokemon_Trainer_Tournament_Simulator/main/Data/UsefulDatasets/gen_1_pokemon_learnsets.json
30,51,level-up,41,1,Supplied Gen-I learnset JSON,https://raw.githubusercontent.com/cRz-Shadows/Pokemon_Trainer_Tournament_Simulator/main/Data/UsefulDatasets/gen_1_pokemon_learnsets.json
30,31,level-up,50,1,Supplied Gen-I learnset JSON,https://raw.githubusercontent.com/cRz-Shadows/Pokemon_Trainer_Tournament_Simulator/main/Data/UsefulDatasets/gen_1_pokemon_learnsets.json
30,62,TM/HM,0,1,Supplied Gen-I learnset JSON,https://raw.githubusercontent.com/cRz-Shadows/Pokemon_Trainer_Tournament_Simulator/main/Data/UsefulDatasets/gen_1_pokemon_learnsets.json
30,13,TM/HM,0,1,Supplied Gen-I learnset JSON,https://raw.githubusercontent.com/cRz-Shadows/Pokemon_Trainer_Tournament_Simulator/main/Data/UsefulDatasets/gen_1_pokemon_learnsets.json
30,146,TM/HM,0,1,Supplied Gen-I learnset JSON,https://raw.githubusercontent.com/cRz-Shadows/Pokemon_Trainer_Tournament_Simulator/main/Data/UsefulDatasets/gen_1_pokemon_learnsets.json
30,33,TM/HM,0,1,Supplied Gen-I learnset JSON,https://raw.githubusercontent.com/cRz-Shadows/Pokemon_Trainer_Tournament_Simulator/main/Data/UsefulDatasets/gen_1_pokemon_learnsets.json
30,160,TM/HM,0,1,Supplied Gen-I learnset JSON,https://raw.githubusercontent.com/cRz-Shadows/Pokemon_Trainer_Tournament_Simulator/main/Data/UsefulDatasets/gen_1_pokemon_learnsets.json
30,67,TM/HM,0,1,Supplied Gen-I learnset JSON,https://raw.githubusercontent.com/cRz-Shadows/Pokemon_Trainer_Tournament_Simulator/main/Data/UsefulDatasets/gen_1_pokemon_learnsets.json
30,12,TM/HM,0,1,Supplied Gen-I learnset JSON,https://raw.githubusercontent.com/cRz-Shadows/Pokemon_Trainer_Tournament_Simulator/main/Data/UsefulDatasets/gen_1_pokemon_learnsets.json
30,17,TM/HM,0,1,Supplied Gen-I learnset JSON,https://raw.githubusercontent.com/cRz-Shadows/Pokemon_Trainer_Tournament_Simulator/main/Data/UsefulDatasets/gen_1_pokemon_learnsets.json
30,151,TM/HM,0,1,Supplied Gen-I learnset JSON,https://raw.githubusercontent.com/cRz-Shadows/Pokemon_Trainer_Tournament_Simulator/main/Data/UsefulDatasets/gen_1_pokemon_learnsets.json
30,149,TM/HM,0,1,Supplied Gen-I learnset JSON,https://raw.githubusercontent.com/cRz-Shadows/Pokemon_Trainer_Tournament_Simulator/main/Data/UsefulDatasets/gen_1_pokemon_learnsets.json
30,154,TM/HM,0,1,Supplied Gen-I learnset JSON,https://raw.githubusercontent.com/cRz-Shadows/Pokemon_Trainer_Tournament_Simulator/main/Data/UsefulDatasets/gen_1_pokemon_learnsets.json
30,101,TM/HM,0,1,Supplied Gen-I learnset JSON,https://raw.githubusercontent.com/cRz-Shadows/Pokemon_Trainer_Tournament_Simulator/main/Data/UsefulDatasets/gen_1_pokemon_learnsets.json
30,84,TM/HM,0,1,Supplied Gen-I learnset JSON,https://raw.githubusercontent.com/cRz-Shadows/Pokemon_Trainer_Tournament_Simulator/main/Data/UsefulDatasets/gen_1_pokemon_learnsets.json
30,32,TM/HM,0,1,Supplied Gen-I learnset JSON,https://raw.githubusercontent.com/cRz-Shadows/Pokemon_Trainer_Tournament_Simulator/main/Data/UsefulDatasets/gen_1_pokemon_learnsets.json
30,105,TM/HM,0,1,Supplied Gen-I learnset JSON,https://raw.githubusercontent.com/cRz-Shadows/Pokemon_Trainer_Tournament_Simulator/main/Data/UsefulDatasets/gen_1_pokemon_learnsets.json
30,9,TM/HM,0,1,Supplied Gen-I learnset JSON,https://raw.githubusercontent.com/cRz-Shadows/Pokemon_Trainer_Tournament_Simulator/main/Data/UsefulDatasets/gen_1_pokemon_learnsets.json
30,118,TM/HM,0,1,Supplied Gen-I learnset JSON,https://raw.githubusercontent.com/cRz-Shadows/Pokemon_Trainer_Tournament_Simulator/main/Data/UsefulDatasets/gen_1_pokemon_learnsets.json
30,106,TM/HM,0,1,Supplied Gen-I learnset JSON,https://raw.githubusercontent.com/cRz-Shadows/Pokemon_Trainer_Tournament_Simulator/main/Data/UsefulDatasets/gen_1_pokemon_learnsets.json
30,138,TM/HM,0,1,Supplied Gen-I learnset JSON,https://raw.githubusercontent.com/cRz-Shadows/Pokemon_Trainer_Tournament_Simulator/main/Data/UsefulDatasets/gen_1_pokemon_learnsets.json
31,144,level-up,1,1,Supplied Gen-I learnset JSON,https://raw.githubusercontent.com/cRz-Shadows/Pokemon_Trainer_Tournament_Simulator/main/Data/UsefulDatasets/gen_1_pokemon_learnsets.json
31,112,level-up,1,1,Supplied Gen-I learnset JSON,https://raw.githubusercontent.com/cRz-Shadows/Pokemon_Trainer_Tournament_Simulator/main/Data/UsefulDatasets/gen_1_pokemon_learnsets.json
31,13,level-up,1,1,Supplied Gen-I learnset JSON,https://raw.githubusercontent.com/cRz-Shadows/Pokemon_Trainer_Tournament_Simulator/main/Data/UsefulDatasets/gen_1_pokemon_learnsets.json
31,145,level-up,1,1,Supplied Gen-I learnset JSON,https://raw.githubusercontent.com/cRz-Shadows/Pokemon_Trainer_Tournament_Simulator/main/Data/UsefulDatasets/gen_1_pokemon_learnsets.json
31,112,level-up,8,1,Supplied Gen-I learnset JSON,https://raw.githubusercontent.com/cRz-Shadows/Pokemon_Trainer_Tournament_Simulator/main/Data/UsefulDatasets/gen_1_pokemon_learnsets.json
31,94,level-up,14,1,Supplied Gen-I learnset JSON,https://raw.githubusercontent.com/cRz-Shadows/Pokemon_Trainer_Tournament_Simulator/main/Data/UsefulDatasets/gen_1_pokemon_learnsets.json
31,13,level-up,23,1,Supplied Gen-I learnset JSON,https://raw.githubusercontent.com/cRz-Shadows/Pokemon_Trainer_Tournament_Simulator/main/Data/UsefulDatasets/gen_1_pokemon_learnsets.json
31,82,TM/HM,0,1,Supplied Gen-I learnset JSON,https://raw.githubusercontent.com/cRz-Shadows/Pokemon_Trainer_Tournament_Simulator/main/Data/UsefulDatasets/gen_1_pokemon_learnsets.json
31,89,TM/HM,0,1,Supplied Gen-I learnset JSON,https://raw.githubusercontent.com/cRz-Shadows/Pokemon_Trainer_Tournament_Simulator/main/Data/UsefulDatasets/gen_1_pokemon_learnsets.json
31,81,TM/HM,0,1,Supplied Gen-I learnset JSON,https://raw.githubusercontent.com/cRz-Shadows/Pokemon_Trainer_Tournament_Simulator/main/Data/UsefulDatasets/gen_1_pokemon_learnsets.json
31,62,TM/HM,0,1,Supplied Gen-I learnset JSON,https://raw.githubusercontent.com/cRz-Shadows/Pokemon_Trainer_Tournament_Simulator/main/Data/UsefulDatasets/gen_1_pokemon_learnsets.json
31,13,TM/HM,0,1,Supplied Gen-I learnset JSON,https://raw.githubusercontent.com/cRz-Shadows/Pokemon_Trainer_Tournament_Simulator/main/Data/UsefulDatasets/gen_1_pokemon_learnsets.json
31,146,TM/HM,0,1,Supplied Gen-I learnset JSON,https://raw.githubusercontent.com/cRz-Shadows/Pokemon_Trainer_Tournament_Simulator/main/Data/UsefulDatasets/gen_1_pokemon_learnsets.json
31,33,TM/HM,0,1,Supplied Gen-I learnset JSON,https://raw.githubusercontent.com/cRz-Shadows/Pokemon_Trainer_Tournament_Simulator/main/Data/UsefulDatasets/gen_1_pokemon_learnsets.json
31,160,TM/HM,0,1,Supplied Gen-I learnset JSON,https://raw.githubusercontent.com/cRz-Shadows/Pokemon_Trainer_Tournament_Simulator/main/Data/UsefulDatasets/gen_1_pokemon_learnsets.json
31,141,TM/HM,0,1,Supplied Gen-I learnset JSON,https://raw.githubusercontent.com/cRz-Shadows/Pokemon_Trainer_Tournament_Simulator/main/Data/UsefulDatasets/gen_1_pokemon_learnsets.json
31,67,TM/HM,0,1,Supplied Gen-I learnset JSON,https://raw.githubusercontent.com/cRz-Shadows/Pokemon_Trainer_Tournament_Simulator/main/Data/UsefulDatasets/gen_1_pokemon_learnsets.json
31,12,TM/HM,0,1,Supplied Gen-I learnset JSON,https://raw.githubusercontent.com/cRz-Shadows/Pokemon_Trainer_Tournament_Simulator/main/Data/UsefulDatasets/gen_1_pokemon_learnsets.json
31,17,TM/HM,0,1,Supplied Gen-I learnset JSON,https://raw.githubusercontent.com/cRz-Shadows/Pokemon_Trainer_Tournament_Simulator/main/Data/UsefulDatasets/gen_1_pokemon_learnsets.json
31,64,TM/HM,0,1,Supplied Gen-I learnset JSON,https://raw.githubusercontent.com/cRz-Shadows/Pokemon_Trainer_Tournament_Simulator/main/Data/UsefulDatasets/gen_1_pokemon_learnsets.json
31,137,TM/HM,0,1,Supplied Gen-I learnset JSON,https://raw.githubusercontent.com/cRz-Shadows/Pokemon_Trainer_Tournament_Simulator/main/Data/UsefulDatasets/gen_1_pokemon_learnsets.json
31,24,TM/HM,0,1,Supplied Gen-I learnset JSON,https://raw.githubusercontent.com/cRz-Shadows/Pokemon_Trainer_Tournament_Simulator/main/Data/UsefulDatasets/gen_1_pokemon_learnsets.json
31,114,TM/HM,0,1,Supplied Gen-I learnset JSON,https://raw.githubusercontent.com/cRz-Shadows/Pokemon_Trainer_Tournament_Simulator/main/Data/UsefulDatasets/gen_1_pokemon_learnsets.json
31,133,TM/HM,0,1,Supplied Gen-I learnset JSON,https://raw.githubusercontent.com/cRz-Shadows/Pokemon_Trainer_Tournament_Simulator/main/Data/UsefulDatasets/gen_1_pokemon_learnsets.json
31,151,TM/HM,0,1,Supplied Gen-I learnset JSON,https://raw.githubusercontent.com/cRz-Shadows/Pokemon_Trainer_Tournament_Simulator/main/Data/UsefulDatasets/gen_1_pokemon_learnsets.json
31,149,TM/HM,0,1,Supplied Gen-I learnset JSON,https://raw.githubusercontent.com/cRz-Shadows/Pokemon_Trainer_Tournament_Simulator/main/Data/UsefulDatasets/gen_1_pokemon_learnsets.json
31,38,TM/HM,0,1,Supplied Gen-I learnset JSON,https://raw.githubusercontent.com/cRz-Shadows/Pokemon_Trainer_Tournament_Simulator/main/Data/UsefulDatasets/gen_1_pokemon_learnsets.json
31,45,TM/HM,0,1,Supplied Gen-I learnset JSON,https://raw.githubusercontent.com/cRz-Shadows/Pokemon_Trainer_Tournament_Simulator/main/Data/UsefulDatasets/gen_1_pokemon_learnsets.json
31,154,TM/HM,0,1,Supplied Gen-I learnset JSON,https://raw.githubusercontent.com/cRz-Shadows/Pokemon_Trainer_Tournament_Simulator/main/Data/UsefulDatasets/gen_1_pokemon_learnsets.json
31,101,TM/HM,0,1,Supplied Gen-I learnset JSON,https://raw.githubusercontent.com/cRz-Shadows/Pokemon_Trainer_Tournament_Simulator/main/Data/UsefulDatasets/gen_1_pokemon_learnsets.json
31,84,TM/HM,0,1,Supplied Gen-I learnset JSON,https://raw.githubusercontent.com/cRz-Shadows/Pokemon_Trainer_Tournament_Simulator/main/Data/UsefulDatasets/gen_1_pokemon_learnsets.json
31,32,TM/HM,0,1,Supplied Gen-I learnset JSON,https://raw.githubusercontent.com/cRz-Shadows/Pokemon_Trainer_Tournament_Simulator/main/Data/UsefulDatasets/gen_1_pokemon_learnsets.json
31,105,TM/HM,0,1,Supplied Gen-I learnset JSON,https://raw.githubusercontent.com/cRz-Shadows/Pokemon_Trainer_Tournament_Simulator/main/Data/UsefulDatasets/gen_1_pokemon_learnsets.json
31,9,TM/HM,0,1,Supplied Gen-I learnset JSON,https://raw.githubusercontent.com/cRz-Shadows/Pokemon_Trainer_Tournament_Simulator/main/Data/UsefulDatasets/gen_1_pokemon_learnsets.json
31,42,TM/HM,0,1,Supplied Gen-I learnset JSON,https://raw.githubusercontent.com/cRz-Shadows/Pokemon_Trainer_Tournament_Simulator/main/Data/UsefulDatasets/gen_1_pokemon_learnsets.json
31,118,TM/HM,0,1,Supplied Gen-I learnset JSON,https://raw.githubusercontent.com/cRz-Shadows/Pokemon_Trainer_Tournament_Simulator/main/Data/UsefulDatasets/gen_1_pokemon_learnsets.json
31,106,TM/HM,0,1,Supplied Gen-I learnset JSON,https://raw.githubusercontent.com/cRz-Shadows/Pokemon_Trainer_Tournament_Simulator/main/Data/UsefulDatasets/gen_1_pokemon_learnsets.json
31,108,TM/HM,0,1,Supplied Gen-I learnset JSON,https://raw.githubusercontent.com/cRz-Shadows/Pokemon_Trainer_Tournament_Simulator/main/Data/UsefulDatasets/gen_1_pokemon_learnsets.json
31,138,TM/HM,0,1,Supplied Gen-I learnset JSON,https://raw.githubusercontent.com/cRz-Shadows/Pokemon_Trainer_Tournament_Simulator/main/Data/UsefulDatasets/gen_1_pokemon_learnsets.json
32,144,level-up,1,1,Supplied Gen-I learnset JSON,https://raw.githubusercontent.com/cRz-Shadows/Pokemon_Trainer_Tournament_Simulator/main/Data/UsefulDatasets/gen_1_pokemon_learnsets.json
32,74,level-up,1,1,Supplied Gen-I learnset JSON,https://raw.githubusercontent.com/cRz-Shadows/Pokemon_Trainer_Tournament_Simulator/main/Data/UsefulDatasets/gen_1_pokemon_learnsets.json
32,61,level-up,8,1,Supplied Gen-I learnset JSON,https://raw.githubusercontent.com/cRz-Shadows/Pokemon_Trainer_Tournament_Simulator/main/Data/UsefulDatasets/gen_1_pokemon_learnsets.json
32,94,level-up,14,1,Supplied Gen-I learnset JSON,https://raw.githubusercontent.com/cRz-Shadows/Pokemon_Trainer_Tournament_Simulator/main/Data/UsefulDatasets/gen_1_pokemon_learnsets.json
32,49,level-up,21,1,Supplied Gen-I learnset JSON,https://raw.githubusercontent.com/cRz-Shadows/Pokemon_Trainer_Tournament_Simulator/main/Data/UsefulDatasets/gen_1_pokemon_learnsets.json
32,50,level-up,29,1,Supplied Gen-I learnset JSON,https://raw.githubusercontent.com/cRz-Shadows/Pokemon_Trainer_Tournament_Simulator/main/Data/UsefulDatasets/gen_1_pokemon_learnsets.json
32,62,level-up,36,1,Supplied Gen-I learnset JSON,https://raw.githubusercontent.com/cRz-Shadows/Pokemon_Trainer_Tournament_Simulator/main/Data/UsefulDatasets/gen_1_pokemon_learnsets.json
32,31,level-up,43,1,Supplied Gen-I learnset JSON,https://raw.githubusercontent.com/cRz-Shadows/Pokemon_Trainer_Tournament_Simulator/main/Data/UsefulDatasets/gen_1_pokemon_learnsets.json
32,62,TM/HM,0,1,Supplied Gen-I learnset JSON,https://raw.githubusercontent.com/cRz-Shadows/Pokemon_Trainer_Tournament_Simulator/main/Data/UsefulDatasets/gen_1_pokemon_learnsets.json
32,13,TM/HM,0,1,Supplied Gen-I learnset JSON,https://raw.githubusercontent.com/cRz-Shadows/Pokemon_Trainer_Tournament_Simulator/main/Data/UsefulDatasets/gen_1_pokemon_learnsets.json
32,146,TM/HM,0,1,Supplied Gen-I learnset JSON,https://raw.githubusercontent.com/cRz-Shadows/Pokemon_Trainer_Tournament_Simulator/main/Data/UsefulDatasets/gen_1_pokemon_learnsets.json
32,33,TM/HM,0,1,Supplied Gen-I learnset JSON,https://raw.githubusercontent.com/cRz-Shadows/Pokemon_Trainer_Tournament_Simulator/main/Data/UsefulDatasets/gen_1_pokemon_learnsets.json
32,12,TM/HM,0,1,Supplied Gen-I learnset JSON,https://raw.githubusercontent.com/cRz-Shadows/Pokemon_Trainer_Tournament_Simulator/main/Data/UsefulDatasets/gen_1_pokemon_learnsets.json
32,151,TM/HM,0,1,Supplied Gen-I learnset JSON,https://raw.githubusercontent.com/cRz-Shadows/Pokemon_Trainer_Tournament_Simulator/main/Data/UsefulDatasets/gen_1_pokemon_learnsets.json
32,149,TM/HM,0,1,Supplied Gen-I learnset JSON,https://raw.githubusercontent.com/cRz-Shadows/Pokemon_Trainer_Tournament_Simulator/main/Data/UsefulDatasets/gen_1_pokemon_learnsets.json
32,154,TM/HM,0,1,Supplied Gen-I learnset JSON,https://raw.githubusercontent.com/cRz-Shadows/Pokemon_Trainer_Tournament_Simulator/main/Data/UsefulDatasets/gen_1_pokemon_learnsets.json
32,101,TM/HM,0,1,Supplied Gen-I learnset JSON,https://raw.githubusercontent.com/cRz-Shadows/Pokemon_Trainer_Tournament_Simulator/main/Data/UsefulDatasets/gen_1_pokemon_learnsets.json
32,84,TM/HM,0,1,Supplied Gen-I learnset JSON,https://raw.githubusercontent.com/cRz-Shadows/Pokemon_Trainer_Tournament_Simulator/main/Data/UsefulDatasets/gen_1_pokemon_learnsets.json
32,32,TM/HM,0,1,Supplied Gen-I learnset JSON,https://raw.githubusercontent.com/cRz-Shadows/Pokemon_Trainer_Tournament_Simulator/main/Data/UsefulDatasets/gen_1_pokemon_learnsets.json
32,105,TM/HM,0,1,Supplied Gen-I learnset JSON,https://raw.githubusercontent.com/cRz-Shadows/Pokemon_Trainer_Tournament_Simulator/main/Data/UsefulDatasets/gen_1_pokemon_learnsets.json
32,9,TM/HM,0,1,Supplied Gen-I learnset JSON,https://raw.githubusercontent.com/cRz-Shadows/Pokemon_Trainer_Tournament_Simulator/main/Data/UsefulDatasets/gen_1_pokemon_learnsets.json
32,118,TM/HM,0,1,Supplied Gen-I learnset JSON,https://raw.githubusercontent.com/cRz-Shadows/Pokemon_Trainer_Tournament_Simulator/main/Data/UsefulDatasets/gen_1_pokemon_learnsets.json
32,106,TM/HM,0,1,Supplied Gen-I learnset JSON,https://raw.githubusercontent.com/cRz-Shadows/Pokemon_Trainer_Tournament_Simulator/main/Data/UsefulDatasets/gen_1_pokemon_learnsets.json
32,138,TM/HM,0,1,Supplied Gen-I learnset JSON,https://raw.githubusercontent.com/cRz-Shadows/Pokemon_Trainer_Tournament_Simulator/main/Data/UsefulDatasets/gen_1_pokemon_learnsets.json
33,144,level-up,1,1,Supplied Gen-I learnset JSON,https://raw.githubusercontent.com/cRz-Shadows/Pokemon_Trainer_Tournament_Simulator/main/Data/UsefulDatasets/gen_1_pokemon_learnsets.json
33,61,level-up,1,1,Supplied Gen-I learnset JSON,https://raw.githubusercontent.com/cRz-Shadows/Pokemon_Trainer_Tournament_Simulator/main/Data/UsefulDatasets/gen_1_pokemon_learnsets.json
33,74,level-up,1,1,Supplied Gen-I learnset JSON,https://raw.githubusercontent.com/cRz-Shadows/Pokemon_Trainer_Tournament_Simulator/main/Data/UsefulDatasets/gen_1_pokemon_learnsets.json
33,61,level-up,8,1,Supplied Gen-I learnset JSON,https://raw.githubusercontent.com/cRz-Shadows/Pokemon_Trainer_Tournament_Simulator/main/Data/UsefulDatasets/gen_1_pokemon_learnsets.json
33,94,level-up,14,1,Supplied Gen-I learnset JSON,https://raw.githubusercontent.com/cRz-Shadows/Pokemon_Trainer_Tournament_Simulator/main/Data/UsefulDatasets/gen_1_pokemon_learnsets.json
33,49,level-up,23,1,Supplied Gen-I learnset JSON,https://raw.githubusercontent.com/cRz-Shadows/Pokemon_Trainer_Tournament_Simulator/main/Data/UsefulDatasets/gen_1_pokemon_learnsets.json
33,50,level-up,32,1,Supplied Gen-I learnset JSON,https://raw.githubusercontent.com/cRz-Shadows/Pokemon_Trainer_Tournament_Simulator/main/Data/UsefulDatasets/gen_1_pokemon_learnsets.json
33,62,level-up,41,1,Supplied Gen-I learnset JSON,https://raw.githubusercontent.com/cRz-Shadows/Pokemon_Trainer_Tournament_Simulator/main/Data/UsefulDatasets/gen_1_pokemon_learnsets.json
33,31,level-up,50,1,Supplied Gen-I learnset JSON,https://raw.githubusercontent.com/cRz-Shadows/Pokemon_Trainer_Tournament_Simulator/main/Data/UsefulDatasets/gen_1_pokemon_learnsets.json
33,62,TM/HM,0,1,Supplied Gen-I learnset JSON,https://raw.githubusercontent.com/cRz-Shadows/Pokemon_Trainer_Tournament_Simulator/main/Data/UsefulDatasets/gen_1_pokemon_learnsets.json
33,13,TM/HM,0,1,Supplied Gen-I learnset JSON,https://raw.githubusercontent.com/cRz-Shadows/Pokemon_Trainer_Tournament_Simulator/main/Data/UsefulDatasets/gen_1_pokemon_learnsets.json
33,146,TM/HM,0,1,Supplied Gen-I learnset JSON,https://raw.githubusercontent.com/cRz-Shadows/Pokemon_Trainer_Tournament_Simulator/main/Data/UsefulDatasets/gen_1_pokemon_learnsets.json
33,33,TM/HM,0,1,Supplied Gen-I learnset JSON,https://raw.githubusercontent.com/cRz-Shadows/Pokemon_Trainer_Tournament_Simulator/main/Data/UsefulDatasets/gen_1_pokemon_learnsets.json
33,160,TM/HM,0,1,Supplied Gen-I learnset JSON,https://raw.githubusercontent.com/cRz-Shadows/Pokemon_Trainer_Tournament_Simulator/main/Data/UsefulDatasets/gen_1_pokemon_learnsets.json
33,67,TM/HM,0,1,Supplied Gen-I learnset JSON,https://raw.githubusercontent.com/cRz-Shadows/Pokemon_Trainer_Tournament_Simulator/main/Data/UsefulDatasets/gen_1_pokemon_learnsets.json
33,12,TM/HM,0,1,Supplied Gen-I learnset JSON,https://raw.githubusercontent.com/cRz-Shadows/Pokemon_Trainer_Tournament_Simulator/main/Data/UsefulDatasets/gen_1_pokemon_learnsets.json
33,17,TM/HM,0,1,Supplied Gen-I learnset JSON,https://raw.githubusercontent.com/cRz-Shadows/Pokemon_Trainer_Tournament_Simulator/main/Data/UsefulDatasets/gen_1_pokemon_learnsets.json
33,151,TM/HM,0,1,Supplied Gen-I learnset JSON,https://raw.githubusercontent.com/cRz-Shadows/Pokemon_Trainer_Tournament_Simulator/main/Data/UsefulDatasets/gen_1_pokemon_learnsets.json
33,149,TM/HM,0,1,Supplied Gen-I learnset JSON,https://raw.githubusercontent.com/cRz-Shadows/Pokemon_Trainer_Tournament_Simulator/main/Data/UsefulDatasets/gen_1_pokemon_learnsets.json
33,154,TM/HM,0,1,Supplied Gen-I learnset JSON,https://raw.githubusercontent.com/cRz-Shadows/Pokemon_Trainer_Tournament_Simulator/main/Data/UsefulDatasets/gen_1_pokemon_learnsets.json
33,101,TM/HM,0,1,Supplied Gen-I learnset JSON,https://raw.githubusercontent.com/cRz-Shadows/Pokemon_Trainer_Tournament_Simulator/main/Data/UsefulDatasets/gen_1_pokemon_learnsets.json
33,84,TM/HM,0,1,Supplied Gen-I learnset JSON,https://raw.githubusercontent.com/cRz-Shadows/Pokemon_Trainer_Tournament_Simulator/main/Data/UsefulDatasets/gen_1_pokemon_learnsets.json
33,32,TM/HM,0,1,Supplied Gen-I learnset JSON,https://raw.githubusercontent.com/cRz-Shadows/Pokemon_Trainer_Tournament_Simulator/main/Data/UsefulDatasets/gen_1_pokemon_learnsets.json
33,105,TM/HM,0,1,Supplied Gen-I learnset JSON,https://raw.githubusercontent.com/cRz-Shadows/Pokemon_Trainer_Tournament_Simulator/main/Data/UsefulDatasets/gen_1_pokemon_learnsets.json
33,9,TM/HM,0,1,Supplied Gen-I learnset JSON,https://raw.githubusercontent.com/cRz-Shadows/Pokemon_Trainer_Tournament_Simulator/main/Data/UsefulDatasets/gen_1_pokemon_learnsets.json
33,118,TM/HM,0,1,Supplied Gen-I learnset JSON,https://raw.githubusercontent.com/cRz-Shadows/Pokemon_Trainer_Tournament_Simulator/main/Data/UsefulDatasets/gen_1_pokemon_learnsets.json
33,106,TM/HM,0,1,Supplied Gen-I learnset JSON,https://raw.githubusercontent.com/cRz-Shadows/Pokemon_Trainer_Tournament_Simulator/main/Data/UsefulDatasets/gen_1_pokemon_learnsets.json
33,138,TM/HM,0,1,Supplied Gen-I learnset JSON,https://raw.githubusercontent.com/cRz-Shadows/Pokemon_Trainer_Tournament_Simulator/main/Data/UsefulDatasets/gen_1_pokemon_learnsets.json
34,94,level-up,1,1,Supplied Gen-I learnset JSON,https://raw.githubusercontent.com/cRz-Shadows/Pokemon_Trainer_Tournament_Simulator/main/Data/UsefulDatasets/gen_1_pokemon_learnsets.json
34,144,level-up,1,1,Supplied Gen-I learnset JSON,https://raw.githubusercontent.com/cRz-Shadows/Pokemon_Trainer_Tournament_Simulator/main/Data/UsefulDatasets/gen_1_pokemon_learnsets.json
34,61,level-up,1,1,Supplied Gen-I learnset JSON,https://raw.githubusercontent.com/cRz-Shadows/Pokemon_Trainer_Tournament_Simulator/main/Data/UsefulDatasets/gen_1_pokemon_learnsets.json
34,148,level-up,1,1,Supplied Gen-I learnset JSON,https://raw.githubusercontent.com/cRz-Shadows/Pokemon_Trainer_Tournament_Simulator/main/Data/UsefulDatasets/gen_1_pokemon_learnsets.json
34,61,level-up,8,1,Supplied Gen-I learnset JSON,https://raw.githubusercontent.com/cRz-Shadows/Pokemon_Trainer_Tournament_Simulator/main/Data/UsefulDatasets/gen_1_pokemon_learnsets.json
34,94,level-up,14,1,Supplied Gen-I learnset JSON,https://raw.githubusercontent.com/cRz-Shadows/Pokemon_Trainer_Tournament_Simulator/main/Data/UsefulDatasets/gen_1_pokemon_learnsets.json
34,148,level-up,23,1,Supplied Gen-I learnset JSON,https://raw.githubusercontent.com/cRz-Shadows/Pokemon_Trainer_Tournament_Simulator/main/Data/UsefulDatasets/gen_1_pokemon_learnsets.json
34,82,TM/HM,0,1,Supplied Gen-I learnset JSON,https://raw.githubusercontent.com/cRz-Shadows/Pokemon_Trainer_Tournament_Simulator/main/Data/UsefulDatasets/gen_1_pokemon_learnsets.json
34,89,TM/HM,0,1,Supplied Gen-I learnset JSON,https://raw.githubusercontent.com/cRz-Shadows/Pokemon_Trainer_Tournament_Simulator/main/Data/UsefulDatasets/gen_1_pokemon_learnsets.json
34,81,TM/HM,0,1,Supplied Gen-I learnset JSON,https://raw.githubusercontent.com/cRz-Shadows/Pokemon_Trainer_Tournament_Simulator/main/Data/UsefulDatasets/gen_1_pokemon_learnsets.json
34,62,TM/HM,0,1,Supplied Gen-I learnset JSON,https://raw.githubusercontent.com/cRz-Shadows/Pokemon_Trainer_Tournament_Simulator/main/Data/UsefulDatasets/gen_1_pokemon_learnsets.json
34,13,TM/HM,0,1,Supplied Gen-I learnset JSON,https://raw.githubusercontent.com/cRz-Shadows/Pokemon_Trainer_Tournament_Simulator/main/Data/UsefulDatasets/gen_1_pokemon_learnsets.json
34,146,TM/HM,0,1,Supplied Gen-I learnset JSON,https://raw.githubusercontent.com/cRz-Shadows/Pokemon_Trainer_Tournament_Simulator/main/Data/UsefulDatasets/gen_1_pokemon_learnsets.json
34,33,TM/HM,0,1,Supplied Gen-I learnset JSON,https://raw.githubusercontent.com/cRz-Shadows/Pokemon_Trainer_Tournament_Simulator/main/Data/UsefulDatasets/gen_1_pokemon_learnsets.json
34,160,TM/HM,0,1,Supplied Gen-I learnset JSON,https://raw.githubusercontent.com/cRz-Shadows/Pokemon_Trainer_Tournament_Simulator/main/Data/UsefulDatasets/gen_1_pokemon_learnsets.json
34,141,TM/HM,0,1,Supplied Gen-I learnset JSON,https://raw.githubusercontent.com/cRz-Shadows/Pokemon_Trainer_Tournament_Simulator/main/Data/UsefulDatasets/gen_1_pokemon_learnsets.json
34,67,TM/HM,0,1,Supplied Gen-I learnset JSON,https://raw.githubusercontent.com/cRz-Shadows/Pokemon_Trainer_Tournament_Simulator/main/Data/UsefulDatasets/gen_1_pokemon_learnsets.json
34,12,TM/HM,0,1,Supplied Gen-I learnset JSON,https://raw.githubusercontent.com/cRz-Shadows/Pokemon_Trainer_Tournament_Simulator/main/Data/UsefulDatasets/gen_1_pokemon_learnsets.json
34,17,TM/HM,0,1,Supplied Gen-I learnset JSON,https://raw.githubusercontent.com/cRz-Shadows/Pokemon_Trainer_Tournament_Simulator/main/Data/UsefulDatasets/gen_1_pokemon_learnsets.json
34,64,TM/HM,0,1,Supplied Gen-I learnset JSON,https://raw.githubusercontent.com/cRz-Shadows/Pokemon_Trainer_Tournament_Simulator/main/Data/UsefulDatasets/gen_1_pokemon_learnsets.json
34,137,TM/HM,0,1,Supplied Gen-I learnset JSON,https://raw.githubusercontent.com/cRz-Shadows/Pokemon_Trainer_Tournament_Simulator/main/Data/UsefulDatasets/gen_1_pokemon_learnsets.json
34,24,TM/HM,0,1,Supplied Gen-I learnset JSON,https://raw.githubusercontent.com/cRz-Shadows/Pokemon_Trainer_Tournament_Simulator/main/Data/UsefulDatasets/gen_1_pokemon_learnsets.json
34,114,TM/HM,0,1,Supplied Gen-I learnset JSON,https://raw.githubusercontent.com/cRz-Shadows/Pokemon_Trainer_Tournament_Simulator/main/Data/UsefulDatasets/gen_1_pokemon_learnsets.json
34,133,TM/HM,0,1,Supplied Gen-I learnset JSON,https://raw.githubusercontent.com/cRz-Shadows/Pokemon_Trainer_Tournament_Simulator/main/Data/UsefulDatasets/gen_1_pokemon_learnsets.json
34,151,TM/HM,0,1,Supplied Gen-I learnset JSON,https://raw.githubusercontent.com/cRz-Shadows/Pokemon_Trainer_Tournament_Simulator/main/Data/UsefulDatasets/gen_1_pokemon_learnsets.json
34,149,TM/HM,0,1,Supplied Gen-I learnset JSON,https://raw.githubusercontent.com/cRz-Shadows/Pokemon_Trainer_Tournament_Simulator/main/Data/UsefulDatasets/gen_1_pokemon_learnsets.json
34,38,TM/HM,0,1,Supplied Gen-I learnset JSON,https://raw.githubusercontent.com/cRz-Shadows/Pokemon_Trainer_Tournament_Simulator/main/Data/UsefulDatasets/gen_1_pokemon_learnsets.json
34,45,TM/HM,0,1,Supplied Gen-I learnset JSON,https://raw.githubusercontent.com/cRz-Shadows/Pokemon_Trainer_Tournament_Simulator/main/Data/UsefulDatasets/gen_1_pokemon_learnsets.json
34,154,TM/HM,0,1,Supplied Gen-I learnset JSON,https://raw.githubusercontent.com/cRz-Shadows/Pokemon_Trainer_Tournament_Simulator/main/Data/UsefulDatasets/gen_1_pokemon_learnsets.json
34,101,TM/HM,0,1,Supplied Gen-I learnset JSON,https://raw.githubusercontent.com/cRz-Shadows/Pokemon_Trainer_Tournament_Simulator/main/Data/UsefulDatasets/gen_1_pokemon_learnsets.json
34,84,TM/HM,0,1,Supplied Gen-I learnset JSON,https://raw.githubusercontent.com/cRz-Shadows/Pokemon_Trainer_Tournament_Simulator/main/Data/UsefulDatasets/gen_1_pokemon_learnsets.json
34,32,TM/HM,0,1,Supplied Gen-I learnset JSON,https://raw.githubusercontent.com/cRz-Shadows/Pokemon_Trainer_Tournament_Simulator/main/Data/UsefulDatasets/gen_1_pokemon_learnsets.json
34,105,TM/HM,0,1,Supplied Gen-I learnset JSON,https://raw.githubusercontent.com/cRz-Shadows/Pokemon_Trainer_Tournament_Simulator/main/Data/UsefulDatasets/gen_1_pokemon_learnsets.json
34,9,TM/HM,0,1,Supplied Gen-I learnset JSON,https://raw.githubusercontent.com/cRz-Shadows/Pokemon_Trainer_Tournament_Simulator/main/Data/UsefulDatasets/gen_1_pokemon_learnsets.json
34,42,TM/HM,0,1,Supplied Gen-I learnset JSON,https://raw.githubusercontent.com/cRz-Shadows/Pokemon_Trainer_Tournament_Simulator/main/Data/UsefulDatasets/gen_1_pokemon_learnsets.json
34,118,TM/HM,0,1,Supplied Gen-I learnset JSON,https://raw.githubusercontent.com/cRz-Shadows/Pokemon_Trainer_Tournament_Simulator/main/Data/UsefulDatasets/gen_1_pokemon_learnsets.json
34,106,TM/HM,0,1,Supplied Gen-I learnset JSON,https://raw.githubusercontent.com/cRz-Shadows/Pokemon_Trainer_Tournament_Simulator/main/Data/UsefulDatasets/gen_1_pokemon_learnsets.json
34,108,TM/HM,0,1,Supplied Gen-I learnset JSON,https://raw.githubusercontent.com/cRz-Shadows/Pokemon_Trainer_Tournament_Simulator/main/Data/UsefulDatasets/gen_1_pokemon_learnsets.json
34,138,TM/HM,0,1,Supplied Gen-I learnset JSON,https://raw.githubusercontent.com/cRz-Shadows/Pokemon_Trainer_Tournament_Simulator/main/Data/UsefulDatasets/gen_1_pokemon_learnsets.json
35,96,level-up,1,1,Supplied Gen-I learnset JSON,https://raw.githubusercontent.com/cRz-Shadows/Pokemon_Trainer_Tournament_Simulator/main/Data/UsefulDatasets/gen_1_pokemon_learnsets.json
35,53,level-up,1,1,Supplied Gen-I learnset JSON,https://raw.githubusercontent.com/cRz-Shadows/Pokemon_Trainer_Tournament_Simulator/main/Data/UsefulDatasets/gen_1_pokemon_learnsets.json
35,117,level-up,13,1,Supplied Gen-I learnset JSON,https://raw.githubusercontent.com/cRz-Shadows/Pokemon_Trainer_Tournament_Simulator/main/Data/UsefulDatasets/gen_1_pokemon_learnsets.json
35,34,level-up,18,1,Supplied Gen-I learnset JSON,https://raw.githubusercontent.com/cRz-Shadows/Pokemon_Trainer_Tournament_Simulator/main/Data/UsefulDatasets/gen_1_pokemon_learnsets.json
35,85,level-up,24,1,Supplied Gen-I learnset JSON,https://raw.githubusercontent.com/cRz-Shadows/Pokemon_Trainer_Tournament_Simulator/main/Data/UsefulDatasets/gen_1_pokemon_learnsets.json
35,83,level-up,31,1,Supplied Gen-I learnset JSON,https://raw.githubusercontent.com/cRz-Shadows/Pokemon_Trainer_Tournament_Simulator/main/Data/UsefulDatasets/gen_1_pokemon_learnsets.json
35,27,level-up,39,1,Supplied Gen-I learnset JSON,https://raw.githubusercontent.com/cRz-Shadows/Pokemon_Trainer_Tournament_Simulator/main/Data/UsefulDatasets/gen_1_pokemon_learnsets.json
35,76,level-up,48,1,Supplied Gen-I learnset JSON,https://raw.githubusercontent.com/cRz-Shadows/Pokemon_Trainer_Tournament_Simulator/main/Data/UsefulDatasets/gen_1_pokemon_learnsets.json
35,82,TM/HM,0,1,Supplied Gen-I learnset JSON,https://raw.githubusercontent.com/cRz-Shadows/Pokemon_Trainer_Tournament_Simulator/main/Data/UsefulDatasets/gen_1_pokemon_learnsets.json
35,81,TM/HM,0,1,Supplied Gen-I learnset JSON,https://raw.githubusercontent.com/cRz-Shadows/Pokemon_Trainer_Tournament_Simulator/main/Data/UsefulDatasets/gen_1_pokemon_learnsets.json
35,13,TM/HM,0,1,Supplied Gen-I learnset JSON,https://raw.githubusercontent.com/cRz-Shadows/Pokemon_Trainer_Tournament_Simulator/main/Data/UsefulDatasets/gen_1_pokemon_learnsets.json
35,146,TM/HM,0,1,Supplied Gen-I learnset JSON,https://raw.githubusercontent.com/cRz-Shadows/Pokemon_Trainer_Tournament_Simulator/main/Data/UsefulDatasets/gen_1_pokemon_learnsets.json
35,33,TM/HM,0,1,Supplied Gen-I learnset JSON,https://raw.githubusercontent.com/cRz-Shadows/Pokemon_Trainer_Tournament_Simulator/main/Data/UsefulDatasets/gen_1_pokemon_learnsets.json
35,160,TM/HM,0,1,Supplied Gen-I learnset JSON,https://raw.githubusercontent.com/cRz-Shadows/Pokemon_Trainer_Tournament_Simulator/main/Data/UsefulDatasets/gen_1_pokemon_learnsets.json
35,67,TM/HM,0,1,Supplied Gen-I learnset JSON,https://raw.githubusercontent.com/cRz-Shadows/Pokemon_Trainer_Tournament_Simulator/main/Data/UsefulDatasets/gen_1_pokemon_learnsets.json
35,12,TM/HM,0,1,Supplied Gen-I learnset JSON,https://raw.githubusercontent.com/cRz-Shadows/Pokemon_Trainer_Tournament_Simulator/main/Data/UsefulDatasets/gen_1_pokemon_learnsets.json
35,17,TM/HM,0,1,Supplied Gen-I learnset JSON,https://raw.githubusercontent.com/cRz-Shadows/Pokemon_Trainer_Tournament_Simulator/main/Data/UsefulDatasets/gen_1_pokemon_learnsets.json
35,137,TM/HM,0,1,Supplied Gen-I learnset JSON,https://raw.githubusercontent.com/cRz-Shadows/Pokemon_Trainer_Tournament_Simulator/main/Data/UsefulDatasets/gen_1_pokemon_learnsets.json
35,24,TM/HM,0,1,Supplied Gen-I learnset JSON,https://raw.githubusercontent.com/cRz-Shadows/Pokemon_Trainer_Tournament_Simulator/main/Data/UsefulDatasets/gen_1_pokemon_learnsets.json
35,114,TM/HM,0,1,Supplied Gen-I learnset JSON,https://raw.githubusercontent.com/cRz-Shadows/Pokemon_Trainer_Tournament_Simulator/main/Data/UsefulDatasets/gen_1_pokemon_learnsets.json
35,133,TM/HM,0,1,Supplied Gen-I learnset JSON,https://raw.githubusercontent.com/cRz-Shadows/Pokemon_Trainer_Tournament_Simulator/main/Data/UsefulDatasets/gen_1_pokemon_learnsets.json
35,127,TM/HM,0,1,Supplied Gen-I learnset JSON,https://raw.githubusercontent.com/cRz-Shadows/Pokemon_Trainer_Tournament_Simulator/main/Data/UsefulDatasets/gen_1_pokemon_learnsets.json
35,151,TM/HM,0,1,Supplied Gen-I learnset JSON,https://raw.githubusercontent.com/cRz-Shadows/Pokemon_Trainer_Tournament_Simulator/main/Data/UsefulDatasets/gen_1_pokemon_learnsets.json
35,150,TM/HM,0,1,Supplied Gen-I learnset JSON,https://raw.githubusercontent.com/cRz-Shadows/Pokemon_Trainer_Tournament_Simulator/main/Data/UsefulDatasets/gen_1_pokemon_learnsets.json
35,149,TM/HM,0,1,Supplied Gen-I learnset JSON,https://raw.githubusercontent.com/cRz-Shadows/Pokemon_Trainer_Tournament_Simulator/main/Data/UsefulDatasets/gen_1_pokemon_learnsets.json
35,154,TM/HM,0,1,Supplied Gen-I learnset JSON,https://raw.githubusercontent.com/cRz-Shadows/Pokemon_Trainer_Tournament_Simulator/main/Data/UsefulDatasets/gen_1_pokemon_learnsets.json
35,98,TM/HM,0,1,Supplied Gen-I learnset JSON,https://raw.githubusercontent.com/cRz-Shadows/Pokemon_Trainer_Tournament_Simulator/main/Data/UsefulDatasets/gen_1_pokemon_learnsets.json
35,101,TM/HM,0,1,Supplied Gen-I learnset JSON,https://raw.githubusercontent.com/cRz-Shadows/Pokemon_Trainer_Tournament_Simulator/main/Data/UsefulDatasets/gen_1_pokemon_learnsets.json
35,147,TM/HM,0,1,Supplied Gen-I learnset JSON,https://raw.githubusercontent.com/cRz-Shadows/Pokemon_Trainer_Tournament_Simulator/main/Data/UsefulDatasets/gen_1_pokemon_learnsets.json
35,84,TM/HM,0,1,Supplied Gen-I learnset JSON,https://raw.githubusercontent.com/cRz-Shadows/Pokemon_Trainer_Tournament_Simulator/main/Data/UsefulDatasets/gen_1_pokemon_learnsets.json
35,32,TM/HM,0,1,Supplied Gen-I learnset JSON,https://raw.githubusercontent.com/cRz-Shadows/Pokemon_Trainer_Tournament_Simulator/main/Data/UsefulDatasets/gen_1_pokemon_learnsets.json
35,105,TM/HM,0,1,Supplied Gen-I learnset JSON,https://raw.githubusercontent.com/cRz-Shadows/Pokemon_Trainer_Tournament_Simulator/main/Data/UsefulDatasets/gen_1_pokemon_learnsets.json
35,9,TM/HM,0,1,Supplied Gen-I learnset JSON,https://raw.githubusercontent.com/cRz-Shadows/Pokemon_Trainer_Tournament_Simulator/main/Data/UsefulDatasets/gen_1_pokemon_learnsets.json
35,83,TM/HM,0,1,Supplied Gen-I learnset JSON,https://raw.githubusercontent.com/cRz-Shadows/Pokemon_Trainer_Tournament_Simulator/main/Data/UsefulDatasets/gen_1_pokemon_learnsets.json
35,42,TM/HM,0,1,Supplied Gen-I learnset JSON,https://raw.githubusercontent.com/cRz-Shadows/Pokemon_Trainer_Tournament_Simulator/main/Data/UsefulDatasets/gen_1_pokemon_learnsets.json
35,118,TM/HM,0,1,Supplied Gen-I learnset JSON,https://raw.githubusercontent.com/cRz-Shadows/Pokemon_Trainer_Tournament_Simulator/main/Data/UsefulDatasets/gen_1_pokemon_learnsets.json
35,47,TM/HM,0,1,Supplied Gen-I learnset JSON,https://raw.githubusercontent.com/cRz-Shadows/Pokemon_Trainer_Tournament_Simulator/main/Data/UsefulDatasets/gen_1_pokemon_learnsets.json
35,99,TM/HM,0,1,Supplied Gen-I learnset JSON,https://raw.githubusercontent.com/cRz-Shadows/Pokemon_Trainer_Tournament_Simulator/main/Data/UsefulDatasets/gen_1_pokemon_learnsets.json
35,106,TM/HM,0,1,Supplied Gen-I learnset JSON,https://raw.githubusercontent.com/cRz-Shadows/Pokemon_Trainer_Tournament_Simulator/main/Data/UsefulDatasets/gen_1_pokemon_learnsets.json
35,156,TM/HM,0,1,Supplied Gen-I learnset JSON,https://raw.githubusercontent.com/cRz-Shadows/Pokemon_Trainer_Tournament_Simulator/main/Data/UsefulDatasets/gen_1_pokemon_learnsets.json
35,138,TM/HM,0,1,Supplied Gen-I learnset JSON,https://raw.githubusercontent.com/cRz-Shadows/Pokemon_Trainer_Tournament_Simulator/main/Data/UsefulDatasets/gen_1_pokemon_learnsets.json
36,34,level-up,1,1,Supplied Gen-I learnset JSON,https://raw.githubusercontent.com/cRz-Shadows/Pokemon_Trainer_Tournament_Simulator/main/Data/UsefulDatasets/gen_1_pokemon_learnsets.json
36,117,level-up,1,1,Supplied Gen-I learnset JSON,https://raw.githubusercontent.com/cRz-Shadows/Pokemon_Trainer_Tournament_Simulator/main/Data/UsefulDatasets/gen_1_pokemon_learnsets.json
36,85,level-up,1,1,Supplied Gen-I learnset JSON,https://raw.githubusercontent.com/cRz-Shadows/Pokemon_Trainer_Tournament_Simulator/main/Data/UsefulDatasets/gen_1_pokemon_learnsets.json
36,83,level-up,1,1,Supplied Gen-I learnset JSON,https://raw.githubusercontent.com/cRz-Shadows/Pokemon_Trainer_Tournament_Simulator/main/Data/UsefulDatasets/gen_1_pokemon_learnsets.json
36,82,TM/HM,0,1,Supplied Gen-I learnset JSON,https://raw.githubusercontent.com/cRz-Shadows/Pokemon_Trainer_Tournament_Simulator/main/Data/UsefulDatasets/gen_1_pokemon_learnsets.json
36,81,TM/HM,0,1,Supplied Gen-I learnset JSON,https://raw.githubusercontent.com/cRz-Shadows/Pokemon_Trainer_Tournament_Simulator/main/Data/UsefulDatasets/gen_1_pokemon_learnsets.json
36,13,TM/HM,0,1,Supplied Gen-I learnset JSON,https://raw.githubusercontent.com/cRz-Shadows/Pokemon_Trainer_Tournament_Simulator/main/Data/UsefulDatasets/gen_1_pokemon_learnsets.json
36,146,TM/HM,0,1,Supplied Gen-I learnset JSON,https://raw.githubusercontent.com/cRz-Shadows/Pokemon_Trainer_Tournament_Simulator/main/Data/UsefulDatasets/gen_1_pokemon_learnsets.json
36,33,TM/HM,0,1,Supplied Gen-I learnset JSON,https://raw.githubusercontent.com/cRz-Shadows/Pokemon_Trainer_Tournament_Simulator/main/Data/UsefulDatasets/gen_1_pokemon_learnsets.json
36,160,TM/HM,0,1,Supplied Gen-I learnset JSON,https://raw.githubusercontent.com/cRz-Shadows/Pokemon_Trainer_Tournament_Simulator/main/Data/UsefulDatasets/gen_1_pokemon_learnsets.json
36,67,TM/HM,0,1,Supplied Gen-I learnset JSON,https://raw.githubusercontent.com/cRz-Shadows/Pokemon_Trainer_Tournament_Simulator/main/Data/UsefulDatasets/gen_1_pokemon_learnsets.json
36,12,TM/HM,0,1,Supplied Gen-I learnset JSON,https://raw.githubusercontent.com/cRz-Shadows/Pokemon_Trainer_Tournament_Simulator/main/Data/UsefulDatasets/gen_1_pokemon_learnsets.json
36,17,TM/HM,0,1,Supplied Gen-I learnset JSON,https://raw.githubusercontent.com/cRz-Shadows/Pokemon_Trainer_Tournament_Simulator/main/Data/UsefulDatasets/gen_1_pokemon_learnsets.json
36,64,TM/HM,0,1,Supplied Gen-I learnset JSON,https://raw.githubusercontent.com/cRz-Shadows/Pokemon_Trainer_Tournament_Simulator/main/Data/UsefulDatasets/gen_1_pokemon_learnsets.json
36,137,TM/HM,0,1,Supplied Gen-I learnset JSON,https://raw.githubusercontent.com/cRz-Shadows/Pokemon_Trainer_Tournament_Simulator/main/Data/UsefulDatasets/gen_1_pokemon_learnsets.json
36,24,TM/HM,0,1,Supplied Gen-I learnset JSON,https://raw.githubusercontent.com/cRz-Shadows/Pokemon_Trainer_Tournament_Simulator/main/Data/UsefulDatasets/gen_1_pokemon_learnsets.json
36,114,TM/HM,0,1,Supplied Gen-I learnset JSON,https://raw.githubusercontent.com/cRz-Shadows/Pokemon_Trainer_Tournament_Simulator/main/Data/UsefulDatasets/gen_1_pokemon_learnsets.json
36,133,TM/HM,0,1,Supplied Gen-I learnset JSON,https://raw.githubusercontent.com/cRz-Shadows/Pokemon_Trainer_Tournament_Simulator/main/Data/UsefulDatasets/gen_1_pokemon_learnsets.json
36,127,TM/HM,0,1,Supplied Gen-I learnset JSON,https://raw.githubusercontent.com/cRz-Shadows/Pokemon_Trainer_Tournament_Simulator/main/Data/UsefulDatasets/gen_1_pokemon_learnsets.json
36,151,TM/HM,0,1,Supplied Gen-I learnset JSON,https://raw.githubusercontent.com/cRz-Shadows/Pokemon_Trainer_Tournament_Simulator/main/Data/UsefulDatasets/gen_1_pokemon_learnsets.json
36,150,TM/HM,0,1,Supplied Gen-I learnset JSON,https://raw.githubusercontent.com/cRz-Shadows/Pokemon_Trainer_Tournament_Simulator/main/Data/UsefulDatasets/gen_1_pokemon_learnsets.json
36,149,TM/HM,0,1,Supplied Gen-I learnset JSON,https://raw.githubusercontent.com/cRz-Shadows/Pokemon_Trainer_Tournament_Simulator/main/Data/UsefulDatasets/gen_1_pokemon_learnsets.json
36,154,TM/HM,0,1,Supplied Gen-I learnset JSON,https://raw.githubusercontent.com/cRz-Shadows/Pokemon_Trainer_Tournament_Simulator/main/Data/UsefulDatasets/gen_1_pokemon_learnsets.json
36,98,TM/HM,0,1,Supplied Gen-I learnset JSON,https://raw.githubusercontent.com/cRz-Shadows/Pokemon_Trainer_Tournament_Simulator/main/Data/UsefulDatasets/gen_1_pokemon_learnsets.json
36,101,TM/HM,0,1,Supplied Gen-I learnset JSON,https://raw.githubusercontent.com/cRz-Shadows/Pokemon_Trainer_Tournament_Simulator/main/Data/UsefulDatasets/gen_1_pokemon_learnsets.json
36,147,TM/HM,0,1,Supplied Gen-I learnset JSON,https://raw.githubusercontent.com/cRz-Shadows/Pokemon_Trainer_Tournament_Simulator/main/Data/UsefulDatasets/gen_1_pokemon_learnsets.json
36,84,TM/HM,0,1,Supplied Gen-I learnset JSON,https://raw.githubusercontent.com/cRz-Shadows/Pokemon_Trainer_Tournament_Simulator/main/Data/UsefulDatasets/gen_1_pokemon_learnsets.json
36,32,TM/HM,0,1,Supplied Gen-I learnset JSON,https://raw.githubusercontent.com/cRz-Shadows/Pokemon_Trainer_Tournament_Simulator/main/Data/UsefulDatasets/gen_1_pokemon_learnsets.json
36,105,TM/HM,0,1,Supplied Gen-I learnset JSON,https://raw.githubusercontent.com/cRz-Shadows/Pokemon_Trainer_Tournament_Simulator/main/Data/UsefulDatasets/gen_1_pokemon_learnsets.json
36,9,TM/HM,0,1,Supplied Gen-I learnset JSON,https://raw.githubusercontent.com/cRz-Shadows/Pokemon_Trainer_Tournament_Simulator/main/Data/UsefulDatasets/gen_1_pokemon_learnsets.json
36,83,TM/HM,0,1,Supplied Gen-I learnset JSON,https://raw.githubusercontent.com/cRz-Shadows/Pokemon_Trainer_Tournament_Simulator/main/Data/UsefulDatasets/gen_1_pokemon_learnsets.json
36,42,TM/HM,0,1,Supplied Gen-I learnset JSON,https://raw.githubusercontent.com/cRz-Shadows/Pokemon_Trainer_Tournament_Simulator/main/Data/UsefulDatasets/gen_1_pokemon_learnsets.json
36,118,TM/HM,0,1,Supplied Gen-I learnset JSON,https://raw.githubusercontent.com/cRz-Shadows/Pokemon_Trainer_Tournament_Simulator/main/Data/UsefulDatasets/gen_1_pokemon_learnsets.json
36,47,TM/HM,0,1,Supplied Gen-I learnset JSON,https://raw.githubusercontent.com/cRz-Shadows/Pokemon_Trainer_Tournament_Simulator/main/Data/UsefulDatasets/gen_1_pokemon_learnsets.json
36,99,TM/HM,0,1,Supplied Gen-I learnset JSON,https://raw.githubusercontent.com/cRz-Shadows/Pokemon_Trainer_Tournament_Simulator/main/Data/UsefulDatasets/gen_1_pokemon_learnsets.json
36,106,TM/HM,0,1,Supplied Gen-I learnset JSON,https://raw.githubusercontent.com/cRz-Shadows/Pokemon_Trainer_Tournament_Simulator/main/Data/UsefulDatasets/gen_1_pokemon_learnsets.json
36,156,TM/HM,0,1,Supplied Gen-I learnset JSON,https://raw.githubusercontent.com/cRz-Shadows/Pokemon_Trainer_Tournament_Simulator/main/Data/UsefulDatasets/gen_1_pokemon_learnsets.json
36,138,TM/HM,0,1,Supplied Gen-I learnset JSON,https://raw.githubusercontent.com/cRz-Shadows/Pokemon_Trainer_Tournament_Simulator/main/Data/UsefulDatasets/gen_1_pokemon_learnsets.json
37,40,level-up,1,1,Supplied Gen-I learnset JSON,https://raw.githubusercontent.com/cRz-Shadows/Pokemon_Trainer_Tournament_Simulator/main/Data/UsefulDatasets/gen_1_pokemon_learnsets.json
37,145,level-up,1,1,Supplied Gen-I learnset JSON,https://raw.githubusercontent.com/cRz-Shadows/Pokemon_Trainer_Tournament_Simulator/main/Data/UsefulDatasets/gen_1_pokemon_learnsets.json
37,100,level-up,16,1,Supplied Gen-I learnset JSON,https://raw.githubusercontent.com/cRz-Shadows/Pokemon_Trainer_Tournament_Simulator/main/Data/UsefulDatasets/gen_1_pokemon_learnsets.json
37,107,level-up,21,1,Supplied Gen-I learnset JSON,https://raw.githubusercontent.com/cRz-Shadows/Pokemon_Trainer_Tournament_Simulator/main/Data/UsefulDatasets/gen_1_pokemon_learnsets.json
37,20,level-up,28,1,Supplied Gen-I learnset JSON,https://raw.githubusercontent.com/cRz-Shadows/Pokemon_Trainer_Tournament_Simulator/main/Data/UsefulDatasets/gen_1_pokemon_learnsets.json
37,46,level-up,35,1,Supplied Gen-I learnset JSON,https://raw.githubusercontent.com/cRz-Shadows/Pokemon_Trainer_Tournament_Simulator/main/Data/UsefulDatasets/gen_1_pokemon_learnsets.json
37,44,level-up,42,1,Supplied Gen-I learnset JSON,https://raw.githubusercontent.com/cRz-Shadows/Pokemon_Trainer_Tournament_Simulator/main/Data/UsefulDatasets/gen_1_pokemon_learnsets.json
37,13,TM/HM,0,1,Supplied Gen-I learnset JSON,https://raw.githubusercontent.com/cRz-Shadows/Pokemon_Trainer_Tournament_Simulator/main/Data/UsefulDatasets/gen_1_pokemon_learnsets.json
37,146,TM/HM,0,1,Supplied Gen-I learnset JSON,https://raw.githubusercontent.com/cRz-Shadows/Pokemon_Trainer_Tournament_Simulator/main/Data/UsefulDatasets/gen_1_pokemon_learnsets.json
37,33,TM/HM,0,1,Supplied Gen-I learnset JSON,https://raw.githubusercontent.com/cRz-Shadows/Pokemon_Trainer_Tournament_Simulator/main/Data/UsefulDatasets/gen_1_pokemon_learnsets.json
37,28,TM/HM,0,1,Supplied Gen-I learnset JSON,https://raw.githubusercontent.com/cRz-Shadows/Pokemon_Trainer_Tournament_Simulator/main/Data/UsefulDatasets/gen_1_pokemon_learnsets.json
37,154,TM/HM,0,1,Supplied Gen-I learnset JSON,https://raw.githubusercontent.com/cRz-Shadows/Pokemon_Trainer_Tournament_Simulator/main/Data/UsefulDatasets/gen_1_pokemon_learnsets.json
37,101,TM/HM,0,1,Supplied Gen-I learnset JSON,https://raw.githubusercontent.com/cRz-Shadows/Pokemon_Trainer_Tournament_Simulator/main/Data/UsefulDatasets/gen_1_pokemon_learnsets.json
37,84,TM/HM,0,1,Supplied Gen-I learnset JSON,https://raw.githubusercontent.com/cRz-Shadows/Pokemon_Trainer_Tournament_Simulator/main/Data/UsefulDatasets/gen_1_pokemon_learnsets.json
37,32,TM/HM,0,1,Supplied Gen-I learnset JSON,https://raw.githubusercontent.com/cRz-Shadows/Pokemon_Trainer_Tournament_Simulator/main/Data/UsefulDatasets/gen_1_pokemon_learnsets.json
37,105,TM/HM,0,1,Supplied Gen-I learnset JSON,https://raw.githubusercontent.com/cRz-Shadows/Pokemon_Trainer_Tournament_Simulator/main/Data/UsefulDatasets/gen_1_pokemon_learnsets.json
37,9,TM/HM,0,1,Supplied Gen-I learnset JSON,https://raw.githubusercontent.com/cRz-Shadows/Pokemon_Trainer_Tournament_Simulator/main/Data/UsefulDatasets/gen_1_pokemon_learnsets.json
37,42,TM/HM,0,1,Supplied Gen-I learnset JSON,https://raw.githubusercontent.com/cRz-Shadows/Pokemon_Trainer_Tournament_Simulator/main/Data/UsefulDatasets/gen_1_pokemon_learnsets.json
37,142,TM/HM,0,1,Supplied Gen-I learnset JSON,https://raw.githubusercontent.com/cRz-Shadows/Pokemon_Trainer_Tournament_Simulator/main/Data/UsefulDatasets/gen_1_pokemon_learnsets.json
37,118,TM/HM,0,1,Supplied Gen-I learnset JSON,https://raw.githubusercontent.com/cRz-Shadows/Pokemon_Trainer_Tournament_Simulator/main/Data/UsefulDatasets/gen_1_pokemon_learnsets.json
37,106,TM/HM,0,1,Supplied Gen-I learnset JSON,https://raw.githubusercontent.com/cRz-Shadows/Pokemon_Trainer_Tournament_Simulator/main/Data/UsefulDatasets/gen_1_pokemon_learnsets.json
37,138,TM/HM,0,1,Supplied Gen-I learnset JSON,https://raw.githubusercontent.com/cRz-Shadows/Pokemon_Trainer_Tournament_Simulator/main/Data/UsefulDatasets/gen_1_pokemon_learnsets.json
38,40,level-up,1,1,Supplied Gen-I learnset JSON,https://raw.githubusercontent.com/cRz-Shadows/Pokemon_Trainer_Tournament_Simulator/main/Data/UsefulDatasets/gen_1_pokemon_learnsets.json
38,100,level-up,1,1,Supplied Gen-I learnset JSON,https://raw.githubusercontent.com/cRz-Shadows/Pokemon_Trainer_Tournament_Simulator/main/Data/UsefulDatasets/gen_1_pokemon_learnsets.json
38,145,level-up,1,1,Supplied Gen-I learnset JSON,https://raw.githubusercontent.com/cRz-Shadows/Pokemon_Trainer_Tournament_Simulator/main/Data/UsefulDatasets/gen_1_pokemon_learnsets.json
38,107,level-up,1,1,Supplied Gen-I learnset JSON,https://raw.githubusercontent.com/cRz-Shadows/Pokemon_Trainer_Tournament_Simulator/main/Data/UsefulDatasets/gen_1_pokemon_learnsets.json
38,13,TM/HM,0,1,Supplied Gen-I learnset JSON,https://raw.githubusercontent.com/cRz-Shadows/Pokemon_Trainer_Tournament_Simulator/main/Data/UsefulDatasets/gen_1_pokemon_learnsets.json
38,146,TM/HM,0,1,Supplied Gen-I learnset JSON,https://raw.githubusercontent.com/cRz-Shadows/Pokemon_Trainer_Tournament_Simulator/main/Data/UsefulDatasets/gen_1_pokemon_learnsets.json
38,33,TM/HM,0,1,Supplied Gen-I learnset JSON,https://raw.githubusercontent.com/cRz-Shadows/Pokemon_Trainer_Tournament_Simulator/main/Data/UsefulDatasets/gen_1_pokemon_learnsets.json
38,64,TM/HM,0,1,Supplied Gen-I learnset JSON,https://raw.githubusercontent.com/cRz-Shadows/Pokemon_Trainer_Tournament_Simulator/main/Data/UsefulDatasets/gen_1_pokemon_learnsets.json
38,28,TM/HM,0,1,Supplied Gen-I learnset JSON,https://raw.githubusercontent.com/cRz-Shadows/Pokemon_Trainer_Tournament_Simulator/main/Data/UsefulDatasets/gen_1_pokemon_learnsets.json
38,154,TM/HM,0,1,Supplied Gen-I learnset JSON,https://raw.githubusercontent.com/cRz-Shadows/Pokemon_Trainer_Tournament_Simulator/main/Data/UsefulDatasets/gen_1_pokemon_learnsets.json
38,101,TM/HM,0,1,Supplied Gen-I learnset JSON,https://raw.githubusercontent.com/cRz-Shadows/Pokemon_Trainer_Tournament_Simulator/main/Data/UsefulDatasets/gen_1_pokemon_learnsets.json
38,84,TM/HM,0,1,Supplied Gen-I learnset JSON,https://raw.githubusercontent.com/cRz-Shadows/Pokemon_Trainer_Tournament_Simulator/main/Data/UsefulDatasets/gen_1_pokemon_learnsets.json
38,32,TM/HM,0,1,Supplied Gen-I learnset JSON,https://raw.githubusercontent.com/cRz-Shadows/Pokemon_Trainer_Tournament_Simulator/main/Data/UsefulDatasets/gen_1_pokemon_learnsets.json
38,105,TM/HM,0,1,Supplied Gen-I learnset JSON,https://raw.githubusercontent.com/cRz-Shadows/Pokemon_Trainer_Tournament_Simulator/main/Data/UsefulDatasets/gen_1_pokemon_learnsets.json
38,9,TM/HM,0,1,Supplied Gen-I learnset JSON,https://raw.githubusercontent.com/cRz-Shadows/Pokemon_Trainer_Tournament_Simulator/main/Data/UsefulDatasets/gen_1_pokemon_learnsets.json
38,42,TM/HM,0,1,Supplied Gen-I learnset JSON,https://raw.githubusercontent.com/cRz-Shadows/Pokemon_Trainer_Tournament_Simulator/main/Data/UsefulDatasets/gen_1_pokemon_learnsets.json
38,142,TM/HM,0,1,Supplied Gen-I learnset JSON,https://raw.githubusercontent.com/cRz-Shadows/Pokemon_Trainer_Tournament_Simulator/main/Data/UsefulDatasets/gen_1_pokemon_learnsets.json
38,118,TM/HM,0,1,Supplied Gen-I learnset JSON,https://raw.githubusercontent.com/cRz-Shadows/Pokemon_Trainer_Tournament_Simulator/main/Data/UsefulDatasets/gen_1_pokemon_learnsets.json
38,106,TM/HM,0,1,Supplied Gen-I learnset JSON,https://raw.githubusercontent.com/cRz-Shadows/Pokemon_Trainer_Tournament_Simulator/main/Data/UsefulDatasets/gen_1_pokemon_learnsets.json
38,138,TM/HM,0,1,Supplied Gen-I learnset JSON,https://raw.githubusercontent.com/cRz-Shadows/Pokemon_Trainer_Tournament_Simulator/main/Data/UsefulDatasets/gen_1_pokemon_learnsets.json
39,117,level-up,1,1,Supplied Gen-I learnset JSON,https://raw.githubusercontent.com/cRz-Shadows/Pokemon_Trainer_Tournament_Simulator/main/Data/UsefulDatasets/gen_1_pokemon_learnsets.json
39,96,level-up,9,1,Supplied Gen-I learnset JSON,https://raw.githubusercontent.com/cRz-Shadows/Pokemon_Trainer_Tournament_Simulator/main/Data/UsefulDatasets/gen_1_pokemon_learnsets.json
39,29,level-up,14,1,Supplied Gen-I learnset JSON,https://raw.githubusercontent.com/cRz-Shadows/Pokemon_Trainer_Tournament_Simulator/main/Data/UsefulDatasets/gen_1_pokemon_learnsets.json
39,27,level-up,19,1,Supplied Gen-I learnset JSON,https://raw.githubusercontent.com/cRz-Shadows/Pokemon_Trainer_Tournament_Simulator/main/Data/UsefulDatasets/gen_1_pokemon_learnsets.json
39,34,level-up,24,1,Supplied Gen-I learnset JSON,https://raw.githubusercontent.com/cRz-Shadows/Pokemon_Trainer_Tournament_Simulator/main/Data/UsefulDatasets/gen_1_pokemon_learnsets.json
39,106,level-up,29,1,Supplied Gen-I learnset JSON,https://raw.githubusercontent.com/cRz-Shadows/Pokemon_Trainer_Tournament_Simulator/main/Data/UsefulDatasets/gen_1_pokemon_learnsets.json
39,13,level-up,34,1,Supplied Gen-I learnset JSON,https://raw.githubusercontent.com/cRz-Shadows/Pokemon_Trainer_Tournament_Simulator/main/Data/UsefulDatasets/gen_1_pokemon_learnsets.json
39,33,level-up,39,1,Supplied Gen-I learnset JSON,https://raw.githubusercontent.com/cRz-Shadows/Pokemon_Trainer_Tournament_Simulator/main/Data/UsefulDatasets/gen_1_pokemon_learnsets.json
39,82,TM/HM,0,1,Supplied Gen-I learnset JSON,https://raw.githubusercontent.com/cRz-Shadows/Pokemon_Trainer_Tournament_Simulator/main/Data/UsefulDatasets/gen_1_pokemon_learnsets.json
39,81,TM/HM,0,1,Supplied Gen-I learnset JSON,https://raw.githubusercontent.com/cRz-Shadows/Pokemon_Trainer_Tournament_Simulator/main/Data/UsefulDatasets/gen_1_pokemon_learnsets.json
39,13,TM/HM,0,1,Supplied Gen-I learnset JSON,https://raw.githubusercontent.com/cRz-Shadows/Pokemon_Trainer_Tournament_Simulator/main/Data/UsefulDatasets/gen_1_pokemon_learnsets.json
39,146,TM/HM,0,1,Supplied Gen-I learnset JSON,https://raw.githubusercontent.com/cRz-Shadows/Pokemon_Trainer_Tournament_Simulator/main/Data/UsefulDatasets/gen_1_pokemon_learnsets.json
39,33,TM/HM,0,1,Supplied Gen-I learnset JSON,https://raw.githubusercontent.com/cRz-Shadows/Pokemon_Trainer_Tournament_Simulator/main/Data/UsefulDatasets/gen_1_pokemon_learnsets.json
39,160,TM/HM,0,1,Supplied Gen-I learnset JSON,https://raw.githubusercontent.com/cRz-Shadows/Pokemon_Trainer_Tournament_Simulator/main/Data/UsefulDatasets/gen_1_pokemon_learnsets.json
39,67,TM/HM,0,1,Supplied Gen-I learnset JSON,https://raw.githubusercontent.com/cRz-Shadows/Pokemon_Trainer_Tournament_Simulator/main/Data/UsefulDatasets/gen_1_pokemon_learnsets.json
39,12,TM/HM,0,1,Supplied Gen-I learnset JSON,https://raw.githubusercontent.com/cRz-Shadows/Pokemon_Trainer_Tournament_Simulator/main/Data/UsefulDatasets/gen_1_pokemon_learnsets.json
39,17,TM/HM,0,1,Supplied Gen-I learnset JSON,https://raw.githubusercontent.com/cRz-Shadows/Pokemon_Trainer_Tournament_Simulator/main/Data/UsefulDatasets/gen_1_pokemon_learnsets.json
39,137,TM/HM,0,1,Supplied Gen-I learnset JSON,https://raw.githubusercontent.com/cRz-Shadows/Pokemon_Trainer_Tournament_Simulator/main/Data/UsefulDatasets/gen_1_pokemon_learnsets.json
39,24,TM/HM,0,1,Supplied Gen-I learnset JSON,https://raw.githubusercontent.com/cRz-Shadows/Pokemon_Trainer_Tournament_Simulator/main/Data/UsefulDatasets/gen_1_pokemon_learnsets.json
39,114,TM/HM,0,1,Supplied Gen-I learnset JSON,https://raw.githubusercontent.com/cRz-Shadows/Pokemon_Trainer_Tournament_Simulator/main/Data/UsefulDatasets/gen_1_pokemon_learnsets.json
39,133,TM/HM,0,1,Supplied Gen-I learnset JSON,https://raw.githubusercontent.com/cRz-Shadows/Pokemon_Trainer_Tournament_Simulator/main/Data/UsefulDatasets/gen_1_pokemon_learnsets.json
39,127,TM/HM,0,1,Supplied Gen-I learnset JSON,https://raw.githubusercontent.com/cRz-Shadows/Pokemon_Trainer_Tournament_Simulator/main/Data/UsefulDatasets/gen_1_pokemon_learnsets.json
39,151,TM/HM,0,1,Supplied Gen-I learnset JSON,https://raw.githubusercontent.com/cRz-Shadows/Pokemon_Trainer_Tournament_Simulator/main/Data/UsefulDatasets/gen_1_pokemon_learnsets.json
39,150,TM/HM,0,1,Supplied Gen-I learnset JSON,https://raw.githubusercontent.com/cRz-Shadows/Pokemon_Trainer_Tournament_Simulator/main/Data/UsefulDatasets/gen_1_pokemon_learnsets.json
39,149,TM/HM,0,1,Supplied Gen-I learnset JSON,https://raw.githubusercontent.com/cRz-Shadows/Pokemon_Trainer_Tournament_Simulator/main/Data/UsefulDatasets/gen_1_pokemon_learnsets.json
39,154,TM/HM,0,1,Supplied Gen-I learnset JSON,https://raw.githubusercontent.com/cRz-Shadows/Pokemon_Trainer_Tournament_Simulator/main/Data/UsefulDatasets/gen_1_pokemon_learnsets.json
39,98,TM/HM,0,1,Supplied Gen-I learnset JSON,https://raw.githubusercontent.com/cRz-Shadows/Pokemon_Trainer_Tournament_Simulator/main/Data/UsefulDatasets/gen_1_pokemon_learnsets.json
39,101,TM/HM,0,1,Supplied Gen-I learnset JSON,https://raw.githubusercontent.com/cRz-Shadows/Pokemon_Trainer_Tournament_Simulator/main/Data/UsefulDatasets/gen_1_pokemon_learnsets.json
39,147,TM/HM,0,1,Supplied Gen-I learnset JSON,https://raw.githubusercontent.com/cRz-Shadows/Pokemon_Trainer_Tournament_Simulator/main/Data/UsefulDatasets/gen_1_pokemon_learnsets.json
39,84,TM/HM,0,1,Supplied Gen-I learnset JSON,https://raw.githubusercontent.com/cRz-Shadows/Pokemon_Trainer_Tournament_Simulator/main/Data/UsefulDatasets/gen_1_pokemon_learnsets.json
39,32,TM/HM,0,1,Supplied Gen-I learnset JSON,https://raw.githubusercontent.com/cRz-Shadows/Pokemon_Trainer_Tournament_Simulator/main/Data/UsefulDatasets/gen_1_pokemon_learnsets.json
39,105,TM/HM,0,1,Supplied Gen-I learnset JSON,https://raw.githubusercontent.com/cRz-Shadows/Pokemon_Trainer_Tournament_Simulator/main/Data/UsefulDatasets/gen_1_pokemon_learnsets.json
39,9,TM/HM,0,1,Supplied Gen-I learnset JSON,https://raw.githubusercontent.com/cRz-Shadows/Pokemon_Trainer_Tournament_Simulator/main/Data/UsefulDatasets/gen_1_pokemon_learnsets.json
39,42,TM/HM,0,1,Supplied Gen-I learnset JSON,https://raw.githubusercontent.com/cRz-Shadows/Pokemon_Trainer_Tournament_Simulator/main/Data/UsefulDatasets/gen_1_pokemon_learnsets.json
39,118,TM/HM,0,1,Supplied Gen-I learnset JSON,https://raw.githubusercontent.com/cRz-Shadows/Pokemon_Trainer_Tournament_Simulator/main/Data/UsefulDatasets/gen_1_pokemon_learnsets.json
39,47,TM/HM,0,1,Supplied Gen-I learnset JSON,https://raw.githubusercontent.com/cRz-Shadows/Pokemon_Trainer_Tournament_Simulator/main/Data/UsefulDatasets/gen_1_pokemon_learnsets.json
39,99,TM/HM,0,1,Supplied Gen-I learnset JSON,https://raw.githubusercontent.com/cRz-Shadows/Pokemon_Trainer_Tournament_Simulator/main/Data/UsefulDatasets/gen_1_pokemon_learnsets.json
39,106,TM/HM,0,1,Supplied Gen-I learnset JSON,https://raw.githubusercontent.com/cRz-Shadows/Pokemon_Trainer_Tournament_Simulator/main/Data/UsefulDatasets/gen_1_pokemon_learnsets.json
39,156,TM/HM,0,1,Supplied Gen-I learnset JSON,https://raw.githubusercontent.com/cRz-Shadows/Pokemon_Trainer_Tournament_Simulator/main/Data/UsefulDatasets/gen_1_pokemon_learnsets.json
39,138,TM/HM,0,1,Supplied Gen-I learnset JSON,https://raw.githubusercontent.com/cRz-Shadows/Pokemon_Trainer_Tournament_Simulator/main/Data/UsefulDatasets/gen_1_pokemon_learnsets.json
40,34,level-up,1,1,Supplied Gen-I learnset JSON,https://raw.githubusercontent.com/cRz-Shadows/Pokemon_Trainer_Tournament_Simulator/main/Data/UsefulDatasets/gen_1_pokemon_learnsets.json
40,117,level-up,1,1,Supplied Gen-I learnset JSON,https://raw.githubusercontent.com/cRz-Shadows/Pokemon_Trainer_Tournament_Simulator/main/Data/UsefulDatasets/gen_1_pokemon_learnsets.json
40,29,level-up,1,1,Supplied Gen-I learnset JSON,https://raw.githubusercontent.com/cRz-Shadows/Pokemon_Trainer_Tournament_Simulator/main/Data/UsefulDatasets/gen_1_pokemon_learnsets.json
40,27,level-up,1,1,Supplied Gen-I learnset JSON,https://raw.githubusercontent.com/cRz-Shadows/Pokemon_Trainer_Tournament_Simulator/main/Data/UsefulDatasets/gen_1_pokemon_learnsets.json
40,82,TM/HM,0,1,Supplied Gen-I learnset JSON,https://raw.githubusercontent.com/cRz-Shadows/Pokemon_Trainer_Tournament_Simulator/main/Data/UsefulDatasets/gen_1_pokemon_learnsets.json
40,81,TM/HM,0,1,Supplied Gen-I learnset JSON,https://raw.githubusercontent.com/cRz-Shadows/Pokemon_Trainer_Tournament_Simulator/main/Data/UsefulDatasets/gen_1_pokemon_learnsets.json
40,13,TM/HM,0,1,Supplied Gen-I learnset JSON,https://raw.githubusercontent.com/cRz-Shadows/Pokemon_Trainer_Tournament_Simulator/main/Data/UsefulDatasets/gen_1_pokemon_learnsets.json
40,146,TM/HM,0,1,Supplied Gen-I learnset JSON,https://raw.githubusercontent.com/cRz-Shadows/Pokemon_Trainer_Tournament_Simulator/main/Data/UsefulDatasets/gen_1_pokemon_learnsets.json
40,33,TM/HM,0,1,Supplied Gen-I learnset JSON,https://raw.githubusercontent.com/cRz-Shadows/Pokemon_Trainer_Tournament_Simulator/main/Data/UsefulDatasets/gen_1_pokemon_learnsets.json
40,160,TM/HM,0,1,Supplied Gen-I learnset JSON,https://raw.githubusercontent.com/cRz-Shadows/Pokemon_Trainer_Tournament_Simulator/main/Data/UsefulDatasets/gen_1_pokemon_learnsets.json
40,67,TM/HM,0,1,Supplied Gen-I learnset JSON,https://raw.githubusercontent.com/cRz-Shadows/Pokemon_Trainer_Tournament_Simulator/main/Data/UsefulDatasets/gen_1_pokemon_learnsets.json
40,12,TM/HM,0,1,Supplied Gen-I learnset JSON,https://raw.githubusercontent.com/cRz-Shadows/Pokemon_Trainer_Tournament_Simulator/main/Data/UsefulDatasets/gen_1_pokemon_learnsets.json
40,17,TM/HM,0,1,Supplied Gen-I learnset JSON,https://raw.githubusercontent.com/cRz-Shadows/Pokemon_Trainer_Tournament_Simulator/main/Data/UsefulDatasets/gen_1_pokemon_learnsets.json
40,64,TM/HM,0,1,Supplied Gen-I learnset JSON,https://raw.githubusercontent.com/cRz-Shadows/Pokemon_Trainer_Tournament_Simulator/main/Data/UsefulDatasets/gen_1_pokemon_learnsets.json
40,137,TM/HM,0,1,Supplied Gen-I learnset JSON,https://raw.githubusercontent.com/cRz-Shadows/Pokemon_Trainer_Tournament_Simulator/main/Data/UsefulDatasets/gen_1_pokemon_learnsets.json
40,24,TM/HM,0,1,Supplied Gen-I learnset JSON,https://raw.githubusercontent.com/cRz-Shadows/Pokemon_Trainer_Tournament_Simulator/main/Data/UsefulDatasets/gen_1_pokemon_learnsets.json
40,114,TM/HM,0,1,Supplied Gen-I learnset JSON,https://raw.githubusercontent.com/cRz-Shadows/Pokemon_Trainer_Tournament_Simulator/main/Data/UsefulDatasets/gen_1_pokemon_learnsets.json
40,133,TM/HM,0,1,Supplied Gen-I learnset JSON,https://raw.githubusercontent.com/cRz-Shadows/Pokemon_Trainer_Tournament_Simulator/main/Data/UsefulDatasets/gen_1_pokemon_learnsets.json
40,127,TM/HM,0,1,Supplied Gen-I learnset JSON,https://raw.githubusercontent.com/cRz-Shadows/Pokemon_Trainer_Tournament_Simulator/main/Data/UsefulDatasets/gen_1_pokemon_learnsets.json
40,151,TM/HM,0,1,Supplied Gen-I learnset JSON,https://raw.githubusercontent.com/cRz-Shadows/Pokemon_Trainer_Tournament_Simulator/main/Data/UsefulDatasets/gen_1_pokemon_learnsets.json
40,150,TM/HM,0,1,Supplied Gen-I learnset JSON,https://raw.githubusercontent.com/cRz-Shadows/Pokemon_Trainer_Tournament_Simulator/main/Data/UsefulDatasets/gen_1_pokemon_learnsets.json
40,149,TM/HM,0,1,Supplied Gen-I learnset JSON,https://raw.githubusercontent.com/cRz-Shadows/Pokemon_Trainer_Tournament_Simulator/main/Data/UsefulDatasets/gen_1_pokemon_learnsets.json
40,154,TM/HM,0,1,Supplied Gen-I learnset JSON,https://raw.githubusercontent.com/cRz-Shadows/Pokemon_Trainer_Tournament_Simulator/main/Data/UsefulDatasets/gen_1_pokemon_learnsets.json
40,98,TM/HM,0,1,Supplied Gen-I learnset JSON,https://raw.githubusercontent.com/cRz-Shadows/Pokemon_Trainer_Tournament_Simulator/main/Data/UsefulDatasets/gen_1_pokemon_learnsets.json
40,101,TM/HM,0,1,Supplied Gen-I learnset JSON,https://raw.githubusercontent.com/cRz-Shadows/Pokemon_Trainer_Tournament_Simulator/main/Data/UsefulDatasets/gen_1_pokemon_learnsets.json
40,147,TM/HM,0,1,Supplied Gen-I learnset JSON,https://raw.githubusercontent.com/cRz-Shadows/Pokemon_Trainer_Tournament_Simulator/main/Data/UsefulDatasets/gen_1_pokemon_learnsets.json
40,84,TM/HM,0,1,Supplied Gen-I learnset JSON,https://raw.githubusercontent.com/cRz-Shadows/Pokemon_Trainer_Tournament_Simulator/main/Data/UsefulDatasets/gen_1_pokemon_learnsets.json
40,32,TM/HM,0,1,Supplied Gen-I learnset JSON,https://raw.githubusercontent.com/cRz-Shadows/Pokemon_Trainer_Tournament_Simulator/main/Data/UsefulDatasets/gen_1_pokemon_learnsets.json
40,105,TM/HM,0,1,Supplied Gen-I learnset JSON,https://raw.githubusercontent.com/cRz-Shadows/Pokemon_Trainer_Tournament_Simulator/main/Data/UsefulDatasets/gen_1_pokemon_learnsets.json
40,9,TM/HM,0,1,Supplied Gen-I learnset JSON,https://raw.githubusercontent.com/cRz-Shadows/Pokemon_Trainer_Tournament_Simulator/main/Data/UsefulDatasets/gen_1_pokemon_learnsets.json
40,42,TM/HM,0,1,Supplied Gen-I learnset JSON,https://raw.githubusercontent.com/cRz-Shadows/Pokemon_Trainer_Tournament_Simulator/main/Data/UsefulDatasets/gen_1_pokemon_learnsets.json
40,118,TM/HM,0,1,Supplied Gen-I learnset JSON,https://raw.githubusercontent.com/cRz-Shadows/Pokemon_Trainer_Tournament_Simulator/main/Data/UsefulDatasets/gen_1_pokemon_learnsets.json
40,47,TM/HM,0,1,Supplied Gen-I learnset JSON,https://raw.githubusercontent.com/cRz-Shadows/Pokemon_Trainer_Tournament_Simulator/main/Data/UsefulDatasets/gen_1_pokemon_learnsets.json
40,99,TM/HM,0,1,Supplied Gen-I learnset JSON,https://raw.githubusercontent.com/cRz-Shadows/Pokemon_Trainer_Tournament_Simulator/main/Data/UsefulDatasets/gen_1_pokemon_learnsets.json
40,106,TM/HM,0,1,Supplied Gen-I learnset JSON,https://raw.githubusercontent.com/cRz-Shadows/Pokemon_Trainer_Tournament_Simulator/main/Data/UsefulDatasets/gen_1_pokemon_learnsets.json
40,156,TM/HM,0,1,Supplied Gen-I learnset JSON,https://raw.githubusercontent.com/cRz-Shadows/Pokemon_Trainer_Tournament_Simulator/main/Data/UsefulDatasets/gen_1_pokemon_learnsets.json
40,138,TM/HM,0,1,Supplied Gen-I learnset JSON,https://raw.githubusercontent.com/cRz-Shadows/Pokemon_Trainer_Tournament_Simulator/main/Data/UsefulDatasets/gen_1_pokemon_learnsets.json
41,72,level-up,1,1,Supplied Gen-I learnset JSON,https://raw.githubusercontent.com/cRz-Shadows/Pokemon_Trainer_Tournament_Simulator/main/Data/UsefulDatasets/gen_1_pokemon_learnsets.json
41,140,level-up,10,1,Supplied Gen-I learnset JSON,https://raw.githubusercontent.com/cRz-Shadows/Pokemon_Trainer_Tournament_Simulator/main/Data/UsefulDatasets/gen_1_pokemon_learnsets.json
41,11,level-up,15,1,Supplied Gen-I learnset JSON,https://raw.githubusercontent.com/cRz-Shadows/Pokemon_Trainer_Tournament_Simulator/main/Data/UsefulDatasets/gen_1_pokemon_learnsets.json
41,20,level-up,21,1,Supplied Gen-I learnset JSON,https://raw.githubusercontent.com/cRz-Shadows/Pokemon_Trainer_Tournament_Simulator/main/Data/UsefulDatasets/gen_1_pokemon_learnsets.json
41,163,level-up,28,1,Supplied Gen-I learnset JSON,https://raw.githubusercontent.com/cRz-Shadows/Pokemon_Trainer_Tournament_Simulator/main/Data/UsefulDatasets/gen_1_pokemon_learnsets.json
41,58,level-up,36,1,Supplied Gen-I learnset JSON,https://raw.githubusercontent.com/cRz-Shadows/Pokemon_Trainer_Tournament_Simulator/main/Data/UsefulDatasets/gen_1_pokemon_learnsets.json
41,103,TM/HM,0,1,Supplied Gen-I learnset JSON,https://raw.githubusercontent.com/cRz-Shadows/Pokemon_Trainer_Tournament_Simulator/main/Data/UsefulDatasets/gen_1_pokemon_learnsets.json
41,162,TM/HM,0,1,Supplied Gen-I learnset JSON,https://raw.githubusercontent.com/cRz-Shadows/Pokemon_Trainer_Tournament_Simulator/main/Data/UsefulDatasets/gen_1_pokemon_learnsets.json
41,146,TM/HM,0,1,Supplied Gen-I learnset JSON,https://raw.githubusercontent.com/cRz-Shadows/Pokemon_Trainer_Tournament_Simulator/main/Data/UsefulDatasets/gen_1_pokemon_learnsets.json
41,33,TM/HM,0,1,Supplied Gen-I learnset JSON,https://raw.githubusercontent.com/cRz-Shadows/Pokemon_Trainer_Tournament_Simulator/main/Data/UsefulDatasets/gen_1_pokemon_learnsets.json
41,80,TM/HM,0,1,Supplied Gen-I learnset JSON,https://raw.githubusercontent.com/cRz-Shadows/Pokemon_Trainer_Tournament_Simulator/main/Data/UsefulDatasets/gen_1_pokemon_learnsets.json
41,154,TM/HM,0,1,Supplied Gen-I learnset JSON,https://raw.githubusercontent.com/cRz-Shadows/Pokemon_Trainer_Tournament_Simulator/main/Data/UsefulDatasets/gen_1_pokemon_learnsets.json
41,101,TM/HM,0,1,Supplied Gen-I learnset JSON,https://raw.githubusercontent.com/cRz-Shadows/Pokemon_Trainer_Tournament_Simulator/main/Data/UsefulDatasets/gen_1_pokemon_learnsets.json
41,84,TM/HM,0,1,Supplied Gen-I learnset JSON,https://raw.githubusercontent.com/cRz-Shadows/Pokemon_Trainer_Tournament_Simulator/main/Data/UsefulDatasets/gen_1_pokemon_learnsets.json
41,32,TM/HM,0,1,Supplied Gen-I learnset JSON,https://raw.githubusercontent.com/cRz-Shadows/Pokemon_Trainer_Tournament_Simulator/main/Data/UsefulDatasets/gen_1_pokemon_learnsets.json
41,9,TM/HM,0,1,Supplied Gen-I learnset JSON,https://raw.githubusercontent.com/cRz-Shadows/Pokemon_Trainer_Tournament_Simulator/main/Data/UsefulDatasets/gen_1_pokemon_learnsets.json
41,142,TM/HM,0,1,Supplied Gen-I learnset JSON,https://raw.githubusercontent.com/cRz-Shadows/Pokemon_Trainer_Tournament_Simulator/main/Data/UsefulDatasets/gen_1_pokemon_learnsets.json
41,106,TM/HM,0,1,Supplied Gen-I learnset JSON,https://raw.githubusercontent.com/cRz-Shadows/Pokemon_Trainer_Tournament_Simulator/main/Data/UsefulDatasets/gen_1_pokemon_learnsets.json
41,138,TM/HM,0,1,Supplied Gen-I learnset JSON,https://raw.githubusercontent.com/cRz-Shadows/Pokemon_Trainer_Tournament_Simulator/main/Data/UsefulDatasets/gen_1_pokemon_learnsets.json
42,72,level-up,1,1,Supplied Gen-I learnset JSON,https://raw.githubusercontent.com/cRz-Shadows/Pokemon_Trainer_Tournament_Simulator/main/Data/UsefulDatasets/gen_1_pokemon_learnsets.json
42,11,level-up,1,1,Supplied Gen-I learnset JSON,https://raw.githubusercontent.com/cRz-Shadows/Pokemon_Trainer_Tournament_Simulator/main/Data/UsefulDatasets/gen_1_pokemon_learnsets.json
42,113,level-up,1,1,Supplied Gen-I learnset JSON,https://raw.githubusercontent.com/cRz-Shadows/Pokemon_Trainer_Tournament_Simulator/main/Data/UsefulDatasets/gen_1_pokemon_learnsets.json
42,140,level-up,10,1,Supplied Gen-I learnset JSON,https://raw.githubusercontent.com/cRz-Shadows/Pokemon_Trainer_Tournament_Simulator/main/Data/UsefulDatasets/gen_1_pokemon_learnsets.json
42,11,level-up,15,1,Supplied Gen-I learnset JSON,https://raw.githubusercontent.com/cRz-Shadows/Pokemon_Trainer_Tournament_Simulator/main/Data/UsefulDatasets/gen_1_pokemon_learnsets.json
42,20,level-up,21,1,Supplied Gen-I learnset JSON,https://raw.githubusercontent.com/cRz-Shadows/Pokemon_Trainer_Tournament_Simulator/main/Data/UsefulDatasets/gen_1_pokemon_learnsets.json
42,163,level-up,32,1,Supplied Gen-I learnset JSON,https://raw.githubusercontent.com/cRz-Shadows/Pokemon_Trainer_Tournament_Simulator/main/Data/UsefulDatasets/gen_1_pokemon_learnsets.json
42,58,level-up,43,1,Supplied Gen-I learnset JSON,https://raw.githubusercontent.com/cRz-Shadows/Pokemon_Trainer_Tournament_Simulator/main/Data/UsefulDatasets/gen_1_pokemon_learnsets.json
42,103,TM/HM,0,1,Supplied Gen-I learnset JSON,https://raw.githubusercontent.com/cRz-Shadows/Pokemon_Trainer_Tournament_Simulator/main/Data/UsefulDatasets/gen_1_pokemon_learnsets.json
42,162,TM/HM,0,1,Supplied Gen-I learnset JSON,https://raw.githubusercontent.com/cRz-Shadows/Pokemon_Trainer_Tournament_Simulator/main/Data/UsefulDatasets/gen_1_pokemon_learnsets.json
42,146,TM/HM,0,1,Supplied Gen-I learnset JSON,https://raw.githubusercontent.com/cRz-Shadows/Pokemon_Trainer_Tournament_Simulator/main/Data/UsefulDatasets/gen_1_pokemon_learnsets.json
42,33,TM/HM,0,1,Supplied Gen-I learnset JSON,https://raw.githubusercontent.com/cRz-Shadows/Pokemon_Trainer_Tournament_Simulator/main/Data/UsefulDatasets/gen_1_pokemon_learnsets.json
42,64,TM/HM,0,1,Supplied Gen-I learnset JSON,https://raw.githubusercontent.com/cRz-Shadows/Pokemon_Trainer_Tournament_Simulator/main/Data/UsefulDatasets/gen_1_pokemon_learnsets.json
42,80,TM/HM,0,1,Supplied Gen-I learnset JSON,https://raw.githubusercontent.com/cRz-Shadows/Pokemon_Trainer_Tournament_Simulator/main/Data/UsefulDatasets/gen_1_pokemon_learnsets.json
42,154,TM/HM,0,1,Supplied Gen-I learnset JSON,https://raw.githubusercontent.com/cRz-Shadows/Pokemon_Trainer_Tournament_Simulator/main/Data/UsefulDatasets/gen_1_pokemon_learnsets.json
42,101,TM/HM,0,1,Supplied Gen-I learnset JSON,https://raw.githubusercontent.com/cRz-Shadows/Pokemon_Trainer_Tournament_Simulator/main/Data/UsefulDatasets/gen_1_pokemon_learnsets.json
42,84,TM/HM,0,1,Supplied Gen-I learnset JSON,https://raw.githubusercontent.com/cRz-Shadows/Pokemon_Trainer_Tournament_Simulator/main/Data/UsefulDatasets/gen_1_pokemon_learnsets.json
42,32,TM/HM,0,1,Supplied Gen-I learnset JSON,https://raw.githubusercontent.com/cRz-Shadows/Pokemon_Trainer_Tournament_Simulator/main/Data/UsefulDatasets/gen_1_pokemon_learnsets.json
42,9,TM/HM,0,1,Supplied Gen-I learnset JSON,https://raw.githubusercontent.com/cRz-Shadows/Pokemon_Trainer_Tournament_Simulator/main/Data/UsefulDatasets/gen_1_pokemon_learnsets.json
42,142,TM/HM,0,1,Supplied Gen-I learnset JSON,https://raw.githubusercontent.com/cRz-Shadows/Pokemon_Trainer_Tournament_Simulator/main/Data/UsefulDatasets/gen_1_pokemon_learnsets.json
42,106,TM/HM,0,1,Supplied Gen-I learnset JSON,https://raw.githubusercontent.com/cRz-Shadows/Pokemon_Trainer_Tournament_Simulator/main/Data/UsefulDatasets/gen_1_pokemon_learnsets.json
42,138,TM/HM,0,1,Supplied Gen-I learnset JSON,https://raw.githubusercontent.com/cRz-Shadows/Pokemon_Trainer_Tournament_Simulator/main/Data/UsefulDatasets/gen_1_pokemon_learnsets.json
43,1,level-up,1,1,Supplied Gen-I learnset JSON,https://raw.githubusercontent.com/cRz-Shadows/Pokemon_Trainer_Tournament_Simulator/main/Data/UsefulDatasets/gen_1_pokemon_learnsets.json
43,95,level-up,15,1,Supplied Gen-I learnset JSON,https://raw.githubusercontent.com/cRz-Shadows/Pokemon_Trainer_Tournament_Simulator/main/Data/UsefulDatasets/gen_1_pokemon_learnsets.json
43,136,level-up,17,1,Supplied Gen-I learnset JSON,https://raw.githubusercontent.com/cRz-Shadows/Pokemon_Trainer_Tournament_Simulator/main/Data/UsefulDatasets/gen_1_pokemon_learnsets.json
43,122,level-up,19,1,Supplied Gen-I learnset JSON,https://raw.githubusercontent.com/cRz-Shadows/Pokemon_Trainer_Tournament_Simulator/main/Data/UsefulDatasets/gen_1_pokemon_learnsets.json
43,2,level-up,24,1,Supplied Gen-I learnset JSON,https://raw.githubusercontent.com/cRz-Shadows/Pokemon_Trainer_Tournament_Simulator/main/Data/UsefulDatasets/gen_1_pokemon_learnsets.json
43,91,level-up,33,1,Supplied Gen-I learnset JSON,https://raw.githubusercontent.com/cRz-Shadows/Pokemon_Trainer_Tournament_Simulator/main/Data/UsefulDatasets/gen_1_pokemon_learnsets.json
43,127,level-up,46,1,Supplied Gen-I learnset JSON,https://raw.githubusercontent.com/cRz-Shadows/Pokemon_Trainer_Tournament_Simulator/main/Data/UsefulDatasets/gen_1_pokemon_learnsets.json
43,143,TM/HM,0,1,Supplied Gen-I learnset JSON,https://raw.githubusercontent.com/cRz-Shadows/Pokemon_Trainer_Tournament_Simulator/main/Data/UsefulDatasets/gen_1_pokemon_learnsets.json
43,26,TM/HM,0,1,Supplied Gen-I learnset JSON,https://raw.githubusercontent.com/cRz-Shadows/Pokemon_Trainer_Tournament_Simulator/main/Data/UsefulDatasets/gen_1_pokemon_learnsets.json
43,146,TM/HM,0,1,Supplied Gen-I learnset JSON,https://raw.githubusercontent.com/cRz-Shadows/Pokemon_Trainer_Tournament_Simulator/main/Data/UsefulDatasets/gen_1_pokemon_learnsets.json
43,33,TM/HM,0,1,Supplied Gen-I learnset JSON,https://raw.githubusercontent.com/cRz-Shadows/Pokemon_Trainer_Tournament_Simulator/main/Data/UsefulDatasets/gen_1_pokemon_learnsets.json
43,80,TM/HM,0,1,Supplied Gen-I learnset JSON,https://raw.githubusercontent.com/cRz-Shadows/Pokemon_Trainer_Tournament_Simulator/main/Data/UsefulDatasets/gen_1_pokemon_learnsets.json
43,127,TM/HM,0,1,Supplied Gen-I learnset JSON,https://raw.githubusercontent.com/cRz-Shadows/Pokemon_Trainer_Tournament_Simulator/main/Data/UsefulDatasets/gen_1_pokemon_learnsets.json
43,154,TM/HM,0,1,Supplied Gen-I learnset JSON,https://raw.githubusercontent.com/cRz-Shadows/Pokemon_Trainer_Tournament_Simulator/main/Data/UsefulDatasets/gen_1_pokemon_learnsets.json
43,101,TM/HM,0,1,Supplied Gen-I learnset JSON,https://raw.githubusercontent.com/cRz-Shadows/Pokemon_Trainer_Tournament_Simulator/main/Data/UsefulDatasets/gen_1_pokemon_learnsets.json
43,84,TM/HM,0,1,Supplied Gen-I learnset JSON,https://raw.githubusercontent.com/cRz-Shadows/Pokemon_Trainer_Tournament_Simulator/main/Data/UsefulDatasets/gen_1_pokemon_learnsets.json
43,32,TM/HM,0,1,Supplied Gen-I learnset JSON,https://raw.githubusercontent.com/cRz-Shadows/Pokemon_Trainer_Tournament_Simulator/main/Data/UsefulDatasets/gen_1_pokemon_learnsets.json
43,105,TM/HM,0,1,Supplied Gen-I learnset JSON,https://raw.githubusercontent.com/cRz-Shadows/Pokemon_Trainer_Tournament_Simulator/main/Data/UsefulDatasets/gen_1_pokemon_learnsets.json
43,9,TM/HM,0,1,Supplied Gen-I learnset JSON,https://raw.githubusercontent.com/cRz-Shadows/Pokemon_Trainer_Tournament_Simulator/main/Data/UsefulDatasets/gen_1_pokemon_learnsets.json
43,106,TM/HM,0,1,Supplied Gen-I learnset JSON,https://raw.githubusercontent.com/cRz-Shadows/Pokemon_Trainer_Tournament_Simulator/main/Data/UsefulDatasets/gen_1_pokemon_learnsets.json
43,138,TM/HM,0,1,Supplied Gen-I learnset JSON,https://raw.githubusercontent.com/cRz-Shadows/Pokemon_Trainer_Tournament_Simulator/main/Data/UsefulDatasets/gen_1_pokemon_learnsets.json
44,1,level-up,1,1,Supplied Gen-I learnset JSON,https://raw.githubusercontent.com/cRz-Shadows/Pokemon_Trainer_Tournament_Simulator/main/Data/UsefulDatasets/gen_1_pokemon_learnsets.json
44,95,level-up,1,1,Supplied Gen-I learnset JSON,https://raw.githubusercontent.com/cRz-Shadows/Pokemon_Trainer_Tournament_Simulator/main/Data/UsefulDatasets/gen_1_pokemon_learnsets.json
44,136,level-up,1,1,Supplied Gen-I learnset JSON,https://raw.githubusercontent.com/cRz-Shadows/Pokemon_Trainer_Tournament_Simulator/main/Data/UsefulDatasets/gen_1_pokemon_learnsets.json
44,95,level-up,15,1,Supplied Gen-I learnset JSON,https://raw.githubusercontent.com/cRz-Shadows/Pokemon_Trainer_Tournament_Simulator/main/Data/UsefulDatasets/gen_1_pokemon_learnsets.json
44,136,level-up,17,1,Supplied Gen-I learnset JSON,https://raw.githubusercontent.com/cRz-Shadows/Pokemon_Trainer_Tournament_Simulator/main/Data/UsefulDatasets/gen_1_pokemon_learnsets.json
44,122,level-up,19,1,Supplied Gen-I learnset JSON,https://raw.githubusercontent.com/cRz-Shadows/Pokemon_Trainer_Tournament_Simulator/main/Data/UsefulDatasets/gen_1_pokemon_learnsets.json
44,2,level-up,28,1,Supplied Gen-I learnset JSON,https://raw.githubusercontent.com/cRz-Shadows/Pokemon_Trainer_Tournament_Simulator/main/Data/UsefulDatasets/gen_1_pokemon_learnsets.json
44,91,level-up,38,1,Supplied Gen-I learnset JSON,https://raw.githubusercontent.com/cRz-Shadows/Pokemon_Trainer_Tournament_Simulator/main/Data/UsefulDatasets/gen_1_pokemon_learnsets.json
44,127,level-up,52,1,Supplied Gen-I learnset JSON,https://raw.githubusercontent.com/cRz-Shadows/Pokemon_Trainer_Tournament_Simulator/main/Data/UsefulDatasets/gen_1_pokemon_learnsets.json
44,143,TM/HM,0,1,Supplied Gen-I learnset JSON,https://raw.githubusercontent.com/cRz-Shadows/Pokemon_Trainer_Tournament_Simulator/main/Data/UsefulDatasets/gen_1_pokemon_learnsets.json
44,26,TM/HM,0,1,Supplied Gen-I learnset JSON,https://raw.githubusercontent.com/cRz-Shadows/Pokemon_Trainer_Tournament_Simulator/main/Data/UsefulDatasets/gen_1_pokemon_learnsets.json
44,146,TM/HM,0,1,Supplied Gen-I learnset JSON,https://raw.githubusercontent.com/cRz-Shadows/Pokemon_Trainer_Tournament_Simulator/main/Data/UsefulDatasets/gen_1_pokemon_learnsets.json
44,33,TM/HM,0,1,Supplied Gen-I learnset JSON,https://raw.githubusercontent.com/cRz-Shadows/Pokemon_Trainer_Tournament_Simulator/main/Data/UsefulDatasets/gen_1_pokemon_learnsets.json
44,80,TM/HM,0,1,Supplied Gen-I learnset JSON,https://raw.githubusercontent.com/cRz-Shadows/Pokemon_Trainer_Tournament_Simulator/main/Data/UsefulDatasets/gen_1_pokemon_learnsets.json
44,127,TM/HM,0,1,Supplied Gen-I learnset JSON,https://raw.githubusercontent.com/cRz-Shadows/Pokemon_Trainer_Tournament_Simulator/main/Data/UsefulDatasets/gen_1_pokemon_learnsets.json
44,154,TM/HM,0,1,Supplied Gen-I learnset JSON,https://raw.githubusercontent.com/cRz-Shadows/Pokemon_Trainer_Tournament_Simulator/main/Data/UsefulDatasets/gen_1_pokemon_learnsets.json
44,101,TM/HM,0,1,Supplied Gen-I learnset JSON,https://raw.githubusercontent.com/cRz-Shadows/Pokemon_Trainer_Tournament_Simulator/main/Data/UsefulDatasets/gen_1_pokemon_learnsets.json
44,84,TM/HM,0,1,Supplied Gen-I learnset JSON,https://raw.githubusercontent.com/cRz-Shadows/Pokemon_Trainer_Tournament_Simulator/main/Data/UsefulDatasets/gen_1_pokemon_learnsets.json
44,32,TM/HM,0,1,Supplied Gen-I learnset JSON,https://raw.githubusercontent.com/cRz-Shadows/Pokemon_Trainer_Tournament_Simulator/main/Data/UsefulDatasets/gen_1_pokemon_learnsets.json
44,105,TM/HM,0,1,Supplied Gen-I learnset JSON,https://raw.githubusercontent.com/cRz-Shadows/Pokemon_Trainer_Tournament_Simulator/main/Data/UsefulDatasets/gen_1_pokemon_learnsets.json
44,9,TM/HM,0,1,Supplied Gen-I learnset JSON,https://raw.githubusercontent.com/cRz-Shadows/Pokemon_Trainer_Tournament_Simulator/main/Data/UsefulDatasets/gen_1_pokemon_learnsets.json
44,106,TM/HM,0,1,Supplied Gen-I learnset JSON,https://raw.githubusercontent.com/cRz-Shadows/Pokemon_Trainer_Tournament_Simulator/main/Data/UsefulDatasets/gen_1_pokemon_learnsets.json
44,138,TM/HM,0,1,Supplied Gen-I learnset JSON,https://raw.githubusercontent.com/cRz-Shadows/Pokemon_Trainer_Tournament_Simulator/main/Data/UsefulDatasets/gen_1_pokemon_learnsets.json
45,2,level-up,1,1,Supplied Gen-I learnset JSON,https://raw.githubusercontent.com/cRz-Shadows/Pokemon_Trainer_Tournament_Simulator/main/Data/UsefulDatasets/gen_1_pokemon_learnsets.json
45,91,level-up,1,1,Supplied Gen-I learnset JSON,https://raw.githubusercontent.com/cRz-Shadows/Pokemon_Trainer_Tournament_Simulator/main/Data/UsefulDatasets/gen_1_pokemon_learnsets.json
45,136,level-up,1,1,Supplied Gen-I learnset JSON,https://raw.githubusercontent.com/cRz-Shadows/Pokemon_Trainer_Tournament_Simulator/main/Data/UsefulDatasets/gen_1_pokemon_learnsets.json
45,122,level-up,1,1,Supplied Gen-I learnset JSON,https://raw.githubusercontent.com/cRz-Shadows/Pokemon_Trainer_Tournament_Simulator/main/Data/UsefulDatasets/gen_1_pokemon_learnsets.json
45,95,level-up,15,1,Supplied Gen-I learnset JSON,https://raw.githubusercontent.com/cRz-Shadows/Pokemon_Trainer_Tournament_Simulator/main/Data/UsefulDatasets/gen_1_pokemon_learnsets.json
45,136,level-up,17,1,Supplied Gen-I learnset JSON,https://raw.githubusercontent.com/cRz-Shadows/Pokemon_Trainer_Tournament_Simulator/main/Data/UsefulDatasets/gen_1_pokemon_learnsets.json
45,122,level-up,19,1,Supplied Gen-I learnset JSON,https://raw.githubusercontent.com/cRz-Shadows/Pokemon_Trainer_Tournament_Simulator/main/Data/UsefulDatasets/gen_1_pokemon_learnsets.json
45,143,TM/HM,0,1,Supplied Gen-I learnset JSON,https://raw.githubusercontent.com/cRz-Shadows/Pokemon_Trainer_Tournament_Simulator/main/Data/UsefulDatasets/gen_1_pokemon_learnsets.json
45,26,TM/HM,0,1,Supplied Gen-I learnset JSON,https://raw.githubusercontent.com/cRz-Shadows/Pokemon_Trainer_Tournament_Simulator/main/Data/UsefulDatasets/gen_1_pokemon_learnsets.json
45,13,TM/HM,0,1,Supplied Gen-I learnset JSON,https://raw.githubusercontent.com/cRz-Shadows/Pokemon_Trainer_Tournament_Simulator/main/Data/UsefulDatasets/gen_1_pokemon_learnsets.json
45,146,TM/HM,0,1,Supplied Gen-I learnset JSON,https://raw.githubusercontent.com/cRz-Shadows/Pokemon_Trainer_Tournament_Simulator/main/Data/UsefulDatasets/gen_1_pokemon_learnsets.json
45,33,TM/HM,0,1,Supplied Gen-I learnset JSON,https://raw.githubusercontent.com/cRz-Shadows/Pokemon_Trainer_Tournament_Simulator/main/Data/UsefulDatasets/gen_1_pokemon_learnsets.json
45,64,TM/HM,0,1,Supplied Gen-I learnset JSON,https://raw.githubusercontent.com/cRz-Shadows/Pokemon_Trainer_Tournament_Simulator/main/Data/UsefulDatasets/gen_1_pokemon_learnsets.json
45,80,TM/HM,0,1,Supplied Gen-I learnset JSON,https://raw.githubusercontent.com/cRz-Shadows/Pokemon_Trainer_Tournament_Simulator/main/Data/UsefulDatasets/gen_1_pokemon_learnsets.json
45,127,TM/HM,0,1,Supplied Gen-I learnset JSON,https://raw.githubusercontent.com/cRz-Shadows/Pokemon_Trainer_Tournament_Simulator/main/Data/UsefulDatasets/gen_1_pokemon_learnsets.json
45,154,TM/HM,0,1,Supplied Gen-I learnset JSON,https://raw.githubusercontent.com/cRz-Shadows/Pokemon_Trainer_Tournament_Simulator/main/Data/UsefulDatasets/gen_1_pokemon_learnsets.json
45,101,TM/HM,0,1,Supplied Gen-I learnset JSON,https://raw.githubusercontent.com/cRz-Shadows/Pokemon_Trainer_Tournament_Simulator/main/Data/UsefulDatasets/gen_1_pokemon_learnsets.json
45,84,TM/HM,0,1,Supplied Gen-I learnset JSON,https://raw.githubusercontent.com/cRz-Shadows/Pokemon_Trainer_Tournament_Simulator/main/Data/UsefulDatasets/gen_1_pokemon_learnsets.json
45,32,TM/HM,0,1,Supplied Gen-I learnset JSON,https://raw.githubusercontent.com/cRz-Shadows/Pokemon_Trainer_Tournament_Simulator/main/Data/UsefulDatasets/gen_1_pokemon_learnsets.json
45,105,TM/HM,0,1,Supplied Gen-I learnset JSON,https://raw.githubusercontent.com/cRz-Shadows/Pokemon_Trainer_Tournament_Simulator/main/Data/UsefulDatasets/gen_1_pokemon_learnsets.json
45,9,TM/HM,0,1,Supplied Gen-I learnset JSON,https://raw.githubusercontent.com/cRz-Shadows/Pokemon_Trainer_Tournament_Simulator/main/Data/UsefulDatasets/gen_1_pokemon_learnsets.json
45,106,TM/HM,0,1,Supplied Gen-I learnset JSON,https://raw.githubusercontent.com/cRz-Shadows/Pokemon_Trainer_Tournament_Simulator/main/Data/UsefulDatasets/gen_1_pokemon_learnsets.json
45,138,TM/HM,0,1,Supplied Gen-I learnset JSON,https://raw.githubusercontent.com/cRz-Shadows/Pokemon_Trainer_Tournament_Simulator/main/Data/UsefulDatasets/gen_1_pokemon_learnsets.json
46,112,level-up,1,1,Supplied Gen-I learnset JSON,https://raw.githubusercontent.com/cRz-Shadows/Pokemon_Trainer_Tournament_Simulator/main/Data/UsefulDatasets/gen_1_pokemon_learnsets.json
46,136,level-up,13,1,Supplied Gen-I learnset JSON,https://raw.githubusercontent.com/cRz-Shadows/Pokemon_Trainer_Tournament_Simulator/main/Data/UsefulDatasets/gen_1_pokemon_learnsets.json
46,72,level-up,20,1,Supplied Gen-I learnset JSON,https://raw.githubusercontent.com/cRz-Shadows/Pokemon_Trainer_Tournament_Simulator/main/Data/UsefulDatasets/gen_1_pokemon_learnsets.json
46,131,level-up,27,1,Supplied Gen-I learnset JSON,https://raw.githubusercontent.com/cRz-Shadows/Pokemon_Trainer_Tournament_Simulator/main/Data/UsefulDatasets/gen_1_pokemon_learnsets.json
46,121,level-up,34,1,Supplied Gen-I learnset JSON,https://raw.githubusercontent.com/cRz-Shadows/Pokemon_Trainer_Tournament_Simulator/main/Data/UsefulDatasets/gen_1_pokemon_learnsets.json
46,54,level-up,41,1,Supplied Gen-I learnset JSON,https://raw.githubusercontent.com/cRz-Shadows/Pokemon_Trainer_Tournament_Simulator/main/Data/UsefulDatasets/gen_1_pokemon_learnsets.json
46,143,TM/HM,0,1,Supplied Gen-I learnset JSON,https://raw.githubusercontent.com/cRz-Shadows/Pokemon_Trainer_Tournament_Simulator/main/Data/UsefulDatasets/gen_1_pokemon_learnsets.json
46,26,TM/HM,0,1,Supplied Gen-I learnset JSON,https://raw.githubusercontent.com/cRz-Shadows/Pokemon_Trainer_Tournament_Simulator/main/Data/UsefulDatasets/gen_1_pokemon_learnsets.json
46,13,TM/HM,0,1,Supplied Gen-I learnset JSON,https://raw.githubusercontent.com/cRz-Shadows/Pokemon_Trainer_Tournament_Simulator/main/Data/UsefulDatasets/gen_1_pokemon_learnsets.json
46,146,TM/HM,0,1,Supplied Gen-I learnset JSON,https://raw.githubusercontent.com/cRz-Shadows/Pokemon_Trainer_Tournament_Simulator/main/Data/UsefulDatasets/gen_1_pokemon_learnsets.json
46,33,TM/HM,0,1,Supplied Gen-I learnset JSON,https://raw.githubusercontent.com/cRz-Shadows/Pokemon_Trainer_Tournament_Simulator/main/Data/UsefulDatasets/gen_1_pokemon_learnsets.json
46,80,TM/HM,0,1,Supplied Gen-I learnset JSON,https://raw.githubusercontent.com/cRz-Shadows/Pokemon_Trainer_Tournament_Simulator/main/Data/UsefulDatasets/gen_1_pokemon_learnsets.json
46,127,TM/HM,0,1,Supplied Gen-I learnset JSON,https://raw.githubusercontent.com/cRz-Shadows/Pokemon_Trainer_Tournament_Simulator/main/Data/UsefulDatasets/gen_1_pokemon_learnsets.json
46,28,TM/HM,0,1,Supplied Gen-I learnset JSON,https://raw.githubusercontent.com/cRz-Shadows/Pokemon_Trainer_Tournament_Simulator/main/Data/UsefulDatasets/gen_1_pokemon_learnsets.json
46,154,TM/HM,0,1,Supplied Gen-I learnset JSON,https://raw.githubusercontent.com/cRz-Shadows/Pokemon_Trainer_Tournament_Simulator/main/Data/UsefulDatasets/gen_1_pokemon_learnsets.json
46,101,TM/HM,0,1,Supplied Gen-I learnset JSON,https://raw.githubusercontent.com/cRz-Shadows/Pokemon_Trainer_Tournament_Simulator/main/Data/UsefulDatasets/gen_1_pokemon_learnsets.json
46,84,TM/HM,0,1,Supplied Gen-I learnset JSON,https://raw.githubusercontent.com/cRz-Shadows/Pokemon_Trainer_Tournament_Simulator/main/Data/UsefulDatasets/gen_1_pokemon_learnsets.json
46,32,TM/HM,0,1,Supplied Gen-I learnset JSON,https://raw.githubusercontent.com/cRz-Shadows/Pokemon_Trainer_Tournament_Simulator/main/Data/UsefulDatasets/gen_1_pokemon_learnsets.json
46,105,TM/HM,0,1,Supplied Gen-I learnset JSON,https://raw.githubusercontent.com/cRz-Shadows/Pokemon_Trainer_Tournament_Simulator/main/Data/UsefulDatasets/gen_1_pokemon_learnsets.json
46,9,TM/HM,0,1,Supplied Gen-I learnset JSON,https://raw.githubusercontent.com/cRz-Shadows/Pokemon_Trainer_Tournament_Simulator/main/Data/UsefulDatasets/gen_1_pokemon_learnsets.json
46,118,TM/HM,0,1,Supplied Gen-I learnset JSON,https://raw.githubusercontent.com/cRz-Shadows/Pokemon_Trainer_Tournament_Simulator/main/Data/UsefulDatasets/gen_1_pokemon_learnsets.json
46,106,TM/HM,0,1,Supplied Gen-I learnset JSON,https://raw.githubusercontent.com/cRz-Shadows/Pokemon_Trainer_Tournament_Simulator/main/Data/UsefulDatasets/gen_1_pokemon_learnsets.json
46,138,TM/HM,0,1,Supplied Gen-I learnset JSON,https://raw.githubusercontent.com/cRz-Shadows/Pokemon_Trainer_Tournament_Simulator/main/Data/UsefulDatasets/gen_1_pokemon_learnsets.json
47,72,level-up,1,1,Supplied Gen-I learnset JSON,https://raw.githubusercontent.com/cRz-Shadows/Pokemon_Trainer_Tournament_Simulator/main/Data/UsefulDatasets/gen_1_pokemon_learnsets.json
47,112,level-up,1,1,Supplied Gen-I learnset JSON,https://raw.githubusercontent.com/cRz-Shadows/Pokemon_Trainer_Tournament_Simulator/main/Data/UsefulDatasets/gen_1_pokemon_learnsets.json
47,136,level-up,1,1,Supplied Gen-I learnset JSON,https://raw.githubusercontent.com/cRz-Shadows/Pokemon_Trainer_Tournament_Simulator/main/Data/UsefulDatasets/gen_1_pokemon_learnsets.json
47,136,level-up,13,1,Supplied Gen-I learnset JSON,https://raw.githubusercontent.com/cRz-Shadows/Pokemon_Trainer_Tournament_Simulator/main/Data/UsefulDatasets/gen_1_pokemon_learnsets.json
47,72,level-up,20,1,Supplied Gen-I learnset JSON,https://raw.githubusercontent.com/cRz-Shadows/Pokemon_Trainer_Tournament_Simulator/main/Data/UsefulDatasets/gen_1_pokemon_learnsets.json
47,131,level-up,30,1,Supplied Gen-I learnset JSON,https://raw.githubusercontent.com/cRz-Shadows/Pokemon_Trainer_Tournament_Simulator/main/Data/UsefulDatasets/gen_1_pokemon_learnsets.json
47,121,level-up,39,1,Supplied Gen-I learnset JSON,https://raw.githubusercontent.com/cRz-Shadows/Pokemon_Trainer_Tournament_Simulator/main/Data/UsefulDatasets/gen_1_pokemon_learnsets.json
47,54,level-up,48,1,Supplied Gen-I learnset JSON,https://raw.githubusercontent.com/cRz-Shadows/Pokemon_Trainer_Tournament_Simulator/main/Data/UsefulDatasets/gen_1_pokemon_learnsets.json
47,143,TM/HM,0,1,Supplied Gen-I learnset JSON,https://raw.githubusercontent.com/cRz-Shadows/Pokemon_Trainer_Tournament_Simulator/main/Data/UsefulDatasets/gen_1_pokemon_learnsets.json
47,26,TM/HM,0,1,Supplied Gen-I learnset JSON,https://raw.githubusercontent.com/cRz-Shadows/Pokemon_Trainer_Tournament_Simulator/main/Data/UsefulDatasets/gen_1_pokemon_learnsets.json
47,13,TM/HM,0,1,Supplied Gen-I learnset JSON,https://raw.githubusercontent.com/cRz-Shadows/Pokemon_Trainer_Tournament_Simulator/main/Data/UsefulDatasets/gen_1_pokemon_learnsets.json
47,146,TM/HM,0,1,Supplied Gen-I learnset JSON,https://raw.githubusercontent.com/cRz-Shadows/Pokemon_Trainer_Tournament_Simulator/main/Data/UsefulDatasets/gen_1_pokemon_learnsets.json
47,33,TM/HM,0,1,Supplied Gen-I learnset JSON,https://raw.githubusercontent.com/cRz-Shadows/Pokemon_Trainer_Tournament_Simulator/main/Data/UsefulDatasets/gen_1_pokemon_learnsets.json
47,64,TM/HM,0,1,Supplied Gen-I learnset JSON,https://raw.githubusercontent.com/cRz-Shadows/Pokemon_Trainer_Tournament_Simulator/main/Data/UsefulDatasets/gen_1_pokemon_learnsets.json
47,80,TM/HM,0,1,Supplied Gen-I learnset JSON,https://raw.githubusercontent.com/cRz-Shadows/Pokemon_Trainer_Tournament_Simulator/main/Data/UsefulDatasets/gen_1_pokemon_learnsets.json
47,127,TM/HM,0,1,Supplied Gen-I learnset JSON,https://raw.githubusercontent.com/cRz-Shadows/Pokemon_Trainer_Tournament_Simulator/main/Data/UsefulDatasets/gen_1_pokemon_learnsets.json
47,28,TM/HM,0,1,Supplied Gen-I learnset JSON,https://raw.githubusercontent.com/cRz-Shadows/Pokemon_Trainer_Tournament_Simulator/main/Data/UsefulDatasets/gen_1_pokemon_learnsets.json
47,154,TM/HM,0,1,Supplied Gen-I learnset JSON,https://raw.githubusercontent.com/cRz-Shadows/Pokemon_Trainer_Tournament_Simulator/main/Data/UsefulDatasets/gen_1_pokemon_learnsets.json
47,101,TM/HM,0,1,Supplied Gen-I learnset JSON,https://raw.githubusercontent.com/cRz-Shadows/Pokemon_Trainer_Tournament_Simulator/main/Data/UsefulDatasets/gen_1_pokemon_learnsets.json
47,84,TM/HM,0,1,Supplied Gen-I learnset JSON,https://raw.githubusercontent.com/cRz-Shadows/Pokemon_Trainer_Tournament_Simulator/main/Data/UsefulDatasets/gen_1_pokemon_learnsets.json
47,32,TM/HM,0,1,Supplied Gen-I learnset JSON,https://raw.githubusercontent.com/cRz-Shadows/Pokemon_Trainer_Tournament_Simulator/main/Data/UsefulDatasets/gen_1_pokemon_learnsets.json
47,105,TM/HM,0,1,Supplied Gen-I learnset JSON,https://raw.githubusercontent.com/cRz-Shadows/Pokemon_Trainer_Tournament_Simulator/main/Data/UsefulDatasets/gen_1_pokemon_learnsets.json
47,9,TM/HM,0,1,Supplied Gen-I learnset JSON,https://raw.githubusercontent.com/cRz-Shadows/Pokemon_Trainer_Tournament_Simulator/main/Data/UsefulDatasets/gen_1_pokemon_learnsets.json
47,118,TM/HM,0,1,Supplied Gen-I learnset JSON,https://raw.githubusercontent.com/cRz-Shadows/Pokemon_Trainer_Tournament_Simulator/main/Data/UsefulDatasets/gen_1_pokemon_learnsets.json
47,106,TM/HM,0,1,Supplied Gen-I learnset JSON,https://raw.githubusercontent.com/cRz-Shadows/Pokemon_Trainer_Tournament_Simulator/main/Data/UsefulDatasets/gen_1_pokemon_learnsets.json
47,138,TM/HM,0,1,Supplied Gen-I learnset JSON,https://raw.githubusercontent.com/cRz-Shadows/Pokemon_Trainer_Tournament_Simulator/main/Data/UsefulDatasets/gen_1_pokemon_learnsets.json
48,144,level-up,1,1,Supplied Gen-I learnset JSON,https://raw.githubusercontent.com/cRz-Shadows/Pokemon_Trainer_Tournament_Simulator/main/Data/UsefulDatasets/gen_1_pokemon_learnsets.json
48,29,level-up,1,1,Supplied Gen-I learnset JSON,https://raw.githubusercontent.com/cRz-Shadows/Pokemon_Trainer_Tournament_Simulator/main/Data/UsefulDatasets/gen_1_pokemon_learnsets.json
48,95,level-up,24,1,Supplied Gen-I learnset JSON,https://raw.githubusercontent.com/cRz-Shadows/Pokemon_Trainer_Tournament_Simulator/main/Data/UsefulDatasets/gen_1_pokemon_learnsets.json
48,72,level-up,27,1,Supplied Gen-I learnset JSON,https://raw.githubusercontent.com/cRz-Shadows/Pokemon_Trainer_Tournament_Simulator/main/Data/UsefulDatasets/gen_1_pokemon_learnsets.json
48,136,level-up,30,1,Supplied Gen-I learnset JSON,https://raw.githubusercontent.com/cRz-Shadows/Pokemon_Trainer_Tournament_Simulator/main/Data/UsefulDatasets/gen_1_pokemon_learnsets.json
48,97,level-up,35,1,Supplied Gen-I learnset JSON,https://raw.githubusercontent.com/cRz-Shadows/Pokemon_Trainer_Tournament_Simulator/main/Data/UsefulDatasets/gen_1_pokemon_learnsets.json
48,122,level-up,38,1,Supplied Gen-I learnset JSON,https://raw.githubusercontent.com/cRz-Shadows/Pokemon_Trainer_Tournament_Simulator/main/Data/UsefulDatasets/gen_1_pokemon_learnsets.json
48,98,level-up,43,1,Supplied Gen-I learnset JSON,https://raw.githubusercontent.com/cRz-Shadows/Pokemon_Trainer_Tournament_Simulator/main/Data/UsefulDatasets/gen_1_pokemon_learnsets.json
48,146,TM/HM,0,1,Supplied Gen-I learnset JSON,https://raw.githubusercontent.com/cRz-Shadows/Pokemon_Trainer_Tournament_Simulator/main/Data/UsefulDatasets/gen_1_pokemon_learnsets.json
48,33,TM/HM,0,1,Supplied Gen-I learnset JSON,https://raw.githubusercontent.com/cRz-Shadows/Pokemon_Trainer_Tournament_Simulator/main/Data/UsefulDatasets/gen_1_pokemon_learnsets.json
48,80,TM/HM,0,1,Supplied Gen-I learnset JSON,https://raw.githubusercontent.com/cRz-Shadows/Pokemon_Trainer_Tournament_Simulator/main/Data/UsefulDatasets/gen_1_pokemon_learnsets.json
48,127,TM/HM,0,1,Supplied Gen-I learnset JSON,https://raw.githubusercontent.com/cRz-Shadows/Pokemon_Trainer_Tournament_Simulator/main/Data/UsefulDatasets/gen_1_pokemon_learnsets.json
48,154,TM/HM,0,1,Supplied Gen-I learnset JSON,https://raw.githubusercontent.com/cRz-Shadows/Pokemon_Trainer_Tournament_Simulator/main/Data/UsefulDatasets/gen_1_pokemon_learnsets.json
48,98,TM/HM,0,1,Supplied Gen-I learnset JSON,https://raw.githubusercontent.com/cRz-Shadows/Pokemon_Trainer_Tournament_Simulator/main/Data/UsefulDatasets/gen_1_pokemon_learnsets.json
48,101,TM/HM,0,1,Supplied Gen-I learnset JSON,https://raw.githubusercontent.com/cRz-Shadows/Pokemon_Trainer_Tournament_Simulator/main/Data/UsefulDatasets/gen_1_pokemon_learnsets.json
48,84,TM/HM,0,1,Supplied Gen-I learnset JSON,https://raw.githubusercontent.com/cRz-Shadows/Pokemon_Trainer_Tournament_Simulator/main/Data/UsefulDatasets/gen_1_pokemon_learnsets.json
48,32,TM/HM,0,1,Supplied Gen-I learnset JSON,https://raw.githubusercontent.com/cRz-Shadows/Pokemon_Trainer_Tournament_Simulator/main/Data/UsefulDatasets/gen_1_pokemon_learnsets.json
48,105,TM/HM,0,1,Supplied Gen-I learnset JSON,https://raw.githubusercontent.com/cRz-Shadows/Pokemon_Trainer_Tournament_Simulator/main/Data/UsefulDatasets/gen_1_pokemon_learnsets.json
48,9,TM/HM,0,1,Supplied Gen-I learnset JSON,https://raw.githubusercontent.com/cRz-Shadows/Pokemon_Trainer_Tournament_Simulator/main/Data/UsefulDatasets/gen_1_pokemon_learnsets.json
48,99,TM/HM,0,1,Supplied Gen-I learnset JSON,https://raw.githubusercontent.com/cRz-Shadows/Pokemon_Trainer_Tournament_Simulator/main/Data/UsefulDatasets/gen_1_pokemon_learnsets.json
48,106,TM/HM,0,1,Supplied Gen-I learnset JSON,https://raw.githubusercontent.com/cRz-Shadows/Pokemon_Trainer_Tournament_Simulator/main/Data/UsefulDatasets/gen_1_pokemon_learnsets.json
48,138,TM/HM,0,1,Supplied Gen-I learnset JSON,https://raw.githubusercontent.com/cRz-Shadows/Pokemon_Trainer_Tournament_Simulator/main/Data/UsefulDatasets/gen_1_pokemon_learnsets.json
49,72,level-up,1,1,Supplied Gen-I learnset JSON,https://raw.githubusercontent.com/cRz-Shadows/Pokemon_Trainer_Tournament_Simulator/main/Data/UsefulDatasets/gen_1_pokemon_learnsets.json
49,144,level-up,1,1,Supplied Gen-I learnset JSON,https://raw.githubusercontent.com/cRz-Shadows/Pokemon_Trainer_Tournament_Simulator/main/Data/UsefulDatasets/gen_1_pokemon_learnsets.json
49,29,level-up,1,1,Supplied Gen-I learnset JSON,https://raw.githubusercontent.com/cRz-Shadows/Pokemon_Trainer_Tournament_Simulator/main/Data/UsefulDatasets/gen_1_pokemon_learnsets.json
49,95,level-up,1,1,Supplied Gen-I learnset JSON,https://raw.githubusercontent.com/cRz-Shadows/Pokemon_Trainer_Tournament_Simulator/main/Data/UsefulDatasets/gen_1_pokemon_learnsets.json
49,95,level-up,24,1,Supplied Gen-I learnset JSON,https://raw.githubusercontent.com/cRz-Shadows/Pokemon_Trainer_Tournament_Simulator/main/Data/UsefulDatasets/gen_1_pokemon_learnsets.json
49,72,level-up,27,1,Supplied Gen-I learnset JSON,https://raw.githubusercontent.com/cRz-Shadows/Pokemon_Trainer_Tournament_Simulator/main/Data/UsefulDatasets/gen_1_pokemon_learnsets.json
49,136,level-up,30,1,Supplied Gen-I learnset JSON,https://raw.githubusercontent.com/cRz-Shadows/Pokemon_Trainer_Tournament_Simulator/main/Data/UsefulDatasets/gen_1_pokemon_learnsets.json
49,97,level-up,38,1,Supplied Gen-I learnset JSON,https://raw.githubusercontent.com/cRz-Shadows/Pokemon_Trainer_Tournament_Simulator/main/Data/UsefulDatasets/gen_1_pokemon_learnsets.json
49,122,level-up,43,1,Supplied Gen-I learnset JSON,https://raw.githubusercontent.com/cRz-Shadows/Pokemon_Trainer_Tournament_Simulator/main/Data/UsefulDatasets/gen_1_pokemon_learnsets.json
49,98,level-up,50,1,Supplied Gen-I learnset JSON,https://raw.githubusercontent.com/cRz-Shadows/Pokemon_Trainer_Tournament_Simulator/main/Data/UsefulDatasets/gen_1_pokemon_learnsets.json
49,103,TM/HM,0,1,Supplied Gen-I learnset JSON,https://raw.githubusercontent.com/cRz-Shadows/Pokemon_Trainer_Tournament_Simulator/main/Data/UsefulDatasets/gen_1_pokemon_learnsets.json
49,162,TM/HM,0,1,Supplied Gen-I learnset JSON,https://raw.githubusercontent.com/cRz-Shadows/Pokemon_Trainer_Tournament_Simulator/main/Data/UsefulDatasets/gen_1_pokemon_learnsets.json
49,146,TM/HM,0,1,Supplied Gen-I learnset JSON,https://raw.githubusercontent.com/cRz-Shadows/Pokemon_Trainer_Tournament_Simulator/main/Data/UsefulDatasets/gen_1_pokemon_learnsets.json
49,33,TM/HM,0,1,Supplied Gen-I learnset JSON,https://raw.githubusercontent.com/cRz-Shadows/Pokemon_Trainer_Tournament_Simulator/main/Data/UsefulDatasets/gen_1_pokemon_learnsets.json
49,64,TM/HM,0,1,Supplied Gen-I learnset JSON,https://raw.githubusercontent.com/cRz-Shadows/Pokemon_Trainer_Tournament_Simulator/main/Data/UsefulDatasets/gen_1_pokemon_learnsets.json
49,80,TM/HM,0,1,Supplied Gen-I learnset JSON,https://raw.githubusercontent.com/cRz-Shadows/Pokemon_Trainer_Tournament_Simulator/main/Data/UsefulDatasets/gen_1_pokemon_learnsets.json
49,127,TM/HM,0,1,Supplied Gen-I learnset JSON,https://raw.githubusercontent.com/cRz-Shadows/Pokemon_Trainer_Tournament_Simulator/main/Data/UsefulDatasets/gen_1_pokemon_learnsets.json
49,154,TM/HM,0,1,Supplied Gen-I learnset JSON,https://raw.githubusercontent.com/cRz-Shadows/Pokemon_Trainer_Tournament_Simulator/main/Data/UsefulDatasets/gen_1_pokemon_learnsets.json
49,98,TM/HM,0,1,Supplied Gen-I learnset JSON,https://raw.githubusercontent.com/cRz-Shadows/Pokemon_Trainer_Tournament_Simulator/main/Data/UsefulDatasets/gen_1_pokemon_learnsets.json
49,101,TM/HM,0,1,Supplied Gen-I learnset JSON,https://raw.githubusercontent.com/cRz-Shadows/Pokemon_Trainer_Tournament_Simulator/main/Data/UsefulDatasets/gen_1_pokemon_learnsets.json
49,147,TM/HM,0,1,Supplied Gen-I learnset JSON,https://raw.githubusercontent.com/cRz-Shadows/Pokemon_Trainer_Tournament_Simulator/main/Data/UsefulDatasets/gen_1_pokemon_learnsets.json
49,84,TM/HM,0,1,Supplied Gen-I learnset JSON,https://raw.githubusercontent.com/cRz-Shadows/Pokemon_Trainer_Tournament_Simulator/main/Data/UsefulDatasets/gen_1_pokemon_learnsets.json
49,32,TM/HM,0,1,Supplied Gen-I learnset JSON,https://raw.githubusercontent.com/cRz-Shadows/Pokemon_Trainer_Tournament_Simulator/main/Data/UsefulDatasets/gen_1_pokemon_learnsets.json
49,105,TM/HM,0,1,Supplied Gen-I learnset JSON,https://raw.githubusercontent.com/cRz-Shadows/Pokemon_Trainer_Tournament_Simulator/main/Data/UsefulDatasets/gen_1_pokemon_learnsets.json
49,9,TM/HM,0,1,Supplied Gen-I learnset JSON,https://raw.githubusercontent.com/cRz-Shadows/Pokemon_Trainer_Tournament_Simulator/main/Data/UsefulDatasets/gen_1_pokemon_learnsets.json
49,142,TM/HM,0,1,Supplied Gen-I learnset JSON,https://raw.githubusercontent.com/cRz-Shadows/Pokemon_Trainer_Tournament_Simulator/main/Data/UsefulDatasets/gen_1_pokemon_learnsets.json
49,99,TM/HM,0,1,Supplied Gen-I learnset JSON,https://raw.githubusercontent.com/cRz-Shadows/Pokemon_Trainer_Tournament_Simulator/main/Data/UsefulDatasets/gen_1_pokemon_learnsets.json
49,106,TM/HM,0,1,Supplied Gen-I learnset JSON,https://raw.githubusercontent.com/cRz-Shadows/Pokemon_Trainer_Tournament_Simulator/main/Data/UsefulDatasets/gen_1_pokemon_learnsets.json
49,138,TM/HM,0,1,Supplied Gen-I learnset JSON,https://raw.githubusercontent.com/cRz-Shadows/Pokemon_Trainer_Tournament_Simulator/main/Data/UsefulDatasets/gen_1_pokemon_learnsets.json
50,112,level-up,1,1,Supplied Gen-I learnset JSON,https://raw.githubusercontent.com/cRz-Shadows/Pokemon_Trainer_Tournament_Simulator/main/Data/UsefulDatasets/gen_1_pokemon_learnsets.json
50,53,level-up,15,1,Supplied Gen-I learnset JSON,https://raw.githubusercontent.com/cRz-Shadows/Pokemon_Trainer_Tournament_Simulator/main/Data/UsefulDatasets/gen_1_pokemon_learnsets.json
50,28,level-up,19,1,Supplied Gen-I learnset JSON,https://raw.githubusercontent.com/cRz-Shadows/Pokemon_Trainer_Tournament_Simulator/main/Data/UsefulDatasets/gen_1_pokemon_learnsets.json
50,111,level-up,24,1,Supplied Gen-I learnset JSON,https://raw.githubusercontent.com/cRz-Shadows/Pokemon_Trainer_Tournament_Simulator/main/Data/UsefulDatasets/gen_1_pokemon_learnsets.json
50,121,level-up,31,1,Supplied Gen-I learnset JSON,https://raw.githubusercontent.com/cRz-Shadows/Pokemon_Trainer_Tournament_Simulator/main/Data/UsefulDatasets/gen_1_pokemon_learnsets.json
50,38,level-up,40,1,Supplied Gen-I learnset JSON,https://raw.githubusercontent.com/cRz-Shadows/Pokemon_Trainer_Tournament_Simulator/main/Data/UsefulDatasets/gen_1_pokemon_learnsets.json
50,13,TM/HM,0,1,Supplied Gen-I learnset JSON,https://raw.githubusercontent.com/cRz-Shadows/Pokemon_Trainer_Tournament_Simulator/main/Data/UsefulDatasets/gen_1_pokemon_learnsets.json
50,146,TM/HM,0,1,Supplied Gen-I learnset JSON,https://raw.githubusercontent.com/cRz-Shadows/Pokemon_Trainer_Tournament_Simulator/main/Data/UsefulDatasets/gen_1_pokemon_learnsets.json
50,33,TM/HM,0,1,Supplied Gen-I learnset JSON,https://raw.githubusercontent.com/cRz-Shadows/Pokemon_Trainer_Tournament_Simulator/main/Data/UsefulDatasets/gen_1_pokemon_learnsets.json
50,38,TM/HM,0,1,Supplied Gen-I learnset JSON,https://raw.githubusercontent.com/cRz-Shadows/Pokemon_Trainer_Tournament_Simulator/main/Data/UsefulDatasets/gen_1_pokemon_learnsets.json
50,45,TM/HM,0,1,Supplied Gen-I learnset JSON,https://raw.githubusercontent.com/cRz-Shadows/Pokemon_Trainer_Tournament_Simulator/main/Data/UsefulDatasets/gen_1_pokemon_learnsets.json
50,28,TM/HM,0,1,Supplied Gen-I learnset JSON,https://raw.githubusercontent.com/cRz-Shadows/Pokemon_Trainer_Tournament_Simulator/main/Data/UsefulDatasets/gen_1_pokemon_learnsets.json
50,154,TM/HM,0,1,Supplied Gen-I learnset JSON,https://raw.githubusercontent.com/cRz-Shadows/Pokemon_Trainer_Tournament_Simulator/main/Data/UsefulDatasets/gen_1_pokemon_learnsets.json
50,101,TM/HM,0,1,Supplied Gen-I learnset JSON,https://raw.githubusercontent.com/cRz-Shadows/Pokemon_Trainer_Tournament_Simulator/main/Data/UsefulDatasets/gen_1_pokemon_learnsets.json
50,84,TM/HM,0,1,Supplied Gen-I learnset JSON,https://raw.githubusercontent.com/cRz-Shadows/Pokemon_Trainer_Tournament_Simulator/main/Data/UsefulDatasets/gen_1_pokemon_learnsets.json
50,32,TM/HM,0,1,Supplied Gen-I learnset JSON,https://raw.githubusercontent.com/cRz-Shadows/Pokemon_Trainer_Tournament_Simulator/main/Data/UsefulDatasets/gen_1_pokemon_learnsets.json
50,9,TM/HM,0,1,Supplied Gen-I learnset JSON,https://raw.githubusercontent.com/cRz-Shadows/Pokemon_Trainer_Tournament_Simulator/main/Data/UsefulDatasets/gen_1_pokemon_learnsets.json
50,106,TM/HM,0,1,Supplied Gen-I learnset JSON,https://raw.githubusercontent.com/cRz-Shadows/Pokemon_Trainer_Tournament_Simulator/main/Data/UsefulDatasets/gen_1_pokemon_learnsets.json
50,108,TM/HM,0,1,Supplied Gen-I learnset JSON,https://raw.githubusercontent.com/cRz-Shadows/Pokemon_Trainer_Tournament_Simulator/main/Data/UsefulDatasets/gen_1_pokemon_learnsets.json
50,138,TM/HM,0,1,Supplied Gen-I learnset JSON,https://raw.githubusercontent.com/cRz-Shadows/Pokemon_Trainer_Tournament_Simulator/main/Data/UsefulDatasets/gen_1_pokemon_learnsets.json
51,112,level-up,1,1,Supplied Gen-I learnset JSON,https://raw.githubusercontent.com/cRz-Shadows/Pokemon_Trainer_Tournament_Simulator/main/Data/UsefulDatasets/gen_1_pokemon_learnsets.json
51,28,level-up,1,1,Supplied Gen-I learnset JSON,https://raw.githubusercontent.com/cRz-Shadows/Pokemon_Trainer_Tournament_Simulator/main/Data/UsefulDatasets/gen_1_pokemon_learnsets.json
51,53,level-up,1,1,Supplied Gen-I learnset JSON,https://raw.githubusercontent.com/cRz-Shadows/Pokemon_Trainer_Tournament_Simulator/main/Data/UsefulDatasets/gen_1_pokemon_learnsets.json
51,53,level-up,15,1,Supplied Gen-I learnset JSON,https://raw.githubusercontent.com/cRz-Shadows/Pokemon_Trainer_Tournament_Simulator/main/Data/UsefulDatasets/gen_1_pokemon_learnsets.json
51,28,level-up,19,1,Supplied Gen-I learnset JSON,https://raw.githubusercontent.com/cRz-Shadows/Pokemon_Trainer_Tournament_Simulator/main/Data/UsefulDatasets/gen_1_pokemon_learnsets.json
51,111,level-up,24,1,Supplied Gen-I learnset JSON,https://raw.githubusercontent.com/cRz-Shadows/Pokemon_Trainer_Tournament_Simulator/main/Data/UsefulDatasets/gen_1_pokemon_learnsets.json
51,121,level-up,35,1,Supplied Gen-I learnset JSON,https://raw.githubusercontent.com/cRz-Shadows/Pokemon_Trainer_Tournament_Simulator/main/Data/UsefulDatasets/gen_1_pokemon_learnsets.json
51,38,level-up,47,1,Supplied Gen-I learnset JSON,https://raw.githubusercontent.com/cRz-Shadows/Pokemon_Trainer_Tournament_Simulator/main/Data/UsefulDatasets/gen_1_pokemon_learnsets.json
51,13,TM/HM,0,1,Supplied Gen-I learnset JSON,https://raw.githubusercontent.com/cRz-Shadows/Pokemon_Trainer_Tournament_Simulator/main/Data/UsefulDatasets/gen_1_pokemon_learnsets.json
51,146,TM/HM,0,1,Supplied Gen-I learnset JSON,https://raw.githubusercontent.com/cRz-Shadows/Pokemon_Trainer_Tournament_Simulator/main/Data/UsefulDatasets/gen_1_pokemon_learnsets.json
51,33,TM/HM,0,1,Supplied Gen-I learnset JSON,https://raw.githubusercontent.com/cRz-Shadows/Pokemon_Trainer_Tournament_Simulator/main/Data/UsefulDatasets/gen_1_pokemon_learnsets.json
51,64,TM/HM,0,1,Supplied Gen-I learnset JSON,https://raw.githubusercontent.com/cRz-Shadows/Pokemon_Trainer_Tournament_Simulator/main/Data/UsefulDatasets/gen_1_pokemon_learnsets.json
51,38,TM/HM,0,1,Supplied Gen-I learnset JSON,https://raw.githubusercontent.com/cRz-Shadows/Pokemon_Trainer_Tournament_Simulator/main/Data/UsefulDatasets/gen_1_pokemon_learnsets.json
51,45,TM/HM,0,1,Supplied Gen-I learnset JSON,https://raw.githubusercontent.com/cRz-Shadows/Pokemon_Trainer_Tournament_Simulator/main/Data/UsefulDatasets/gen_1_pokemon_learnsets.json
51,28,TM/HM,0,1,Supplied Gen-I learnset JSON,https://raw.githubusercontent.com/cRz-Shadows/Pokemon_Trainer_Tournament_Simulator/main/Data/UsefulDatasets/gen_1_pokemon_learnsets.json
51,154,TM/HM,0,1,Supplied Gen-I learnset JSON,https://raw.githubusercontent.com/cRz-Shadows/Pokemon_Trainer_Tournament_Simulator/main/Data/UsefulDatasets/gen_1_pokemon_learnsets.json
51,101,TM/HM,0,1,Supplied Gen-I learnset JSON,https://raw.githubusercontent.com/cRz-Shadows/Pokemon_Trainer_Tournament_Simulator/main/Data/UsefulDatasets/gen_1_pokemon_learnsets.json
51,84,TM/HM,0,1,Supplied Gen-I learnset JSON,https://raw.githubusercontent.com/cRz-Shadows/Pokemon_Trainer_Tournament_Simulator/main/Data/UsefulDatasets/gen_1_pokemon_learnsets.json
51,32,TM/HM,0,1,Supplied Gen-I learnset JSON,https://raw.githubusercontent.com/cRz-Shadows/Pokemon_Trainer_Tournament_Simulator/main/Data/UsefulDatasets/gen_1_pokemon_learnsets.json
51,9,TM/HM,0,1,Supplied Gen-I learnset JSON,https://raw.githubusercontent.com/cRz-Shadows/Pokemon_Trainer_Tournament_Simulator/main/Data/UsefulDatasets/gen_1_pokemon_learnsets.json
51,106,TM/HM,0,1,Supplied Gen-I learnset JSON,https://raw.githubusercontent.com/cRz-Shadows/Pokemon_Trainer_Tournament_Simulator/main/Data/UsefulDatasets/gen_1_pokemon_learnsets.json
51,108,TM/HM,0,1,Supplied Gen-I learnset JSON,https://raw.githubusercontent.com/cRz-Shadows/Pokemon_Trainer_Tournament_Simulator/main/Data/UsefulDatasets/gen_1_pokemon_learnsets.json
51,138,TM/HM,0,1,Supplied Gen-I learnset JSON,https://raw.githubusercontent.com/cRz-Shadows/Pokemon_Trainer_Tournament_Simulator/main/Data/UsefulDatasets/gen_1_pokemon_learnsets.json
52,112,level-up,1,1,Supplied Gen-I learnset JSON,https://raw.githubusercontent.com/cRz-Shadows/Pokemon_Trainer_Tournament_Simulator/main/Data/UsefulDatasets/gen_1_pokemon_learnsets.json
52,53,level-up,1,1,Supplied Gen-I learnset JSON,https://raw.githubusercontent.com/cRz-Shadows/Pokemon_Trainer_Tournament_Simulator/main/Data/UsefulDatasets/gen_1_pokemon_learnsets.json
52,11,level-up,12,1,Supplied Gen-I learnset JSON,https://raw.githubusercontent.com/cRz-Shadows/Pokemon_Trainer_Tournament_Simulator/main/Data/UsefulDatasets/gen_1_pokemon_learnsets.json
52,89,level-up,17,1,Supplied Gen-I learnset JSON,https://raw.githubusercontent.com/cRz-Shadows/Pokemon_Trainer_Tournament_Simulator/main/Data/UsefulDatasets/gen_1_pokemon_learnsets.json
52,113,level-up,24,1,Supplied Gen-I learnset JSON,https://raw.githubusercontent.com/cRz-Shadows/Pokemon_Trainer_Tournament_Simulator/main/Data/UsefulDatasets/gen_1_pokemon_learnsets.json
52,51,level-up,33,1,Supplied Gen-I learnset JSON,https://raw.githubusercontent.com/cRz-Shadows/Pokemon_Trainer_Tournament_Simulator/main/Data/UsefulDatasets/gen_1_pokemon_learnsets.json
52,121,level-up,44,1,Supplied Gen-I learnset JSON,https://raw.githubusercontent.com/cRz-Shadows/Pokemon_Trainer_Tournament_Simulator/main/Data/UsefulDatasets/gen_1_pokemon_learnsets.json
52,89,TM/HM,0,1,Supplied Gen-I learnset JSON,https://raw.githubusercontent.com/cRz-Shadows/Pokemon_Trainer_Tournament_Simulator/main/Data/UsefulDatasets/gen_1_pokemon_learnsets.json
52,13,TM/HM,0,1,Supplied Gen-I learnset JSON,https://raw.githubusercontent.com/cRz-Shadows/Pokemon_Trainer_Tournament_Simulator/main/Data/UsefulDatasets/gen_1_pokemon_learnsets.json
52,146,TM/HM,0,1,Supplied Gen-I learnset JSON,https://raw.githubusercontent.com/cRz-Shadows/Pokemon_Trainer_Tournament_Simulator/main/Data/UsefulDatasets/gen_1_pokemon_learnsets.json
52,33,TM/HM,0,1,Supplied Gen-I learnset JSON,https://raw.githubusercontent.com/cRz-Shadows/Pokemon_Trainer_Tournament_Simulator/main/Data/UsefulDatasets/gen_1_pokemon_learnsets.json
52,160,TM/HM,0,1,Supplied Gen-I learnset JSON,https://raw.githubusercontent.com/cRz-Shadows/Pokemon_Trainer_Tournament_Simulator/main/Data/UsefulDatasets/gen_1_pokemon_learnsets.json
52,17,TM/HM,0,1,Supplied Gen-I learnset JSON,https://raw.githubusercontent.com/cRz-Shadows/Pokemon_Trainer_Tournament_Simulator/main/Data/UsefulDatasets/gen_1_pokemon_learnsets.json
52,151,TM/HM,0,1,Supplied Gen-I learnset JSON,https://raw.githubusercontent.com/cRz-Shadows/Pokemon_Trainer_Tournament_Simulator/main/Data/UsefulDatasets/gen_1_pokemon_learnsets.json
52,149,TM/HM,0,1,Supplied Gen-I learnset JSON,https://raw.githubusercontent.com/cRz-Shadows/Pokemon_Trainer_Tournament_Simulator/main/Data/UsefulDatasets/gen_1_pokemon_learnsets.json
52,154,TM/HM,0,1,Supplied Gen-I learnset JSON,https://raw.githubusercontent.com/cRz-Shadows/Pokemon_Trainer_Tournament_Simulator/main/Data/UsefulDatasets/gen_1_pokemon_learnsets.json
52,101,TM/HM,0,1,Supplied Gen-I learnset JSON,https://raw.githubusercontent.com/cRz-Shadows/Pokemon_Trainer_Tournament_Simulator/main/Data/UsefulDatasets/gen_1_pokemon_learnsets.json
52,84,TM/HM,0,1,Supplied Gen-I learnset JSON,https://raw.githubusercontent.com/cRz-Shadows/Pokemon_Trainer_Tournament_Simulator/main/Data/UsefulDatasets/gen_1_pokemon_learnsets.json
52,32,TM/HM,0,1,Supplied Gen-I learnset JSON,https://raw.githubusercontent.com/cRz-Shadows/Pokemon_Trainer_Tournament_Simulator/main/Data/UsefulDatasets/gen_1_pokemon_learnsets.json
52,9,TM/HM,0,1,Supplied Gen-I learnset JSON,https://raw.githubusercontent.com/cRz-Shadows/Pokemon_Trainer_Tournament_Simulator/main/Data/UsefulDatasets/gen_1_pokemon_learnsets.json
52,142,TM/HM,0,1,Supplied Gen-I learnset JSON,https://raw.githubusercontent.com/cRz-Shadows/Pokemon_Trainer_Tournament_Simulator/main/Data/UsefulDatasets/gen_1_pokemon_learnsets.json
52,118,TM/HM,0,1,Supplied Gen-I learnset JSON,https://raw.githubusercontent.com/cRz-Shadows/Pokemon_Trainer_Tournament_Simulator/main/Data/UsefulDatasets/gen_1_pokemon_learnsets.json
52,106,TM/HM,0,1,Supplied Gen-I learnset JSON,https://raw.githubusercontent.com/cRz-Shadows/Pokemon_Trainer_Tournament_Simulator/main/Data/UsefulDatasets/gen_1_pokemon_learnsets.json
52,138,TM/HM,0,1,Supplied Gen-I learnset JSON,https://raw.githubusercontent.com/cRz-Shadows/Pokemon_Trainer_Tournament_Simulator/main/Data/UsefulDatasets/gen_1_pokemon_learnsets.json
53,112,level-up,1,1,Supplied Gen-I learnset JSON,https://raw.githubusercontent.com/cRz-Shadows/Pokemon_Trainer_Tournament_Simulator/main/Data/UsefulDatasets/gen_1_pokemon_learnsets.json
53,11,level-up,1,1,Supplied Gen-I learnset JSON,https://raw.githubusercontent.com/cRz-Shadows/Pokemon_Trainer_Tournament_Simulator/main/Data/UsefulDatasets/gen_1_pokemon_learnsets.json
53,53,level-up,1,1,Supplied Gen-I learnset JSON,https://raw.githubusercontent.com/cRz-Shadows/Pokemon_Trainer_Tournament_Simulator/main/Data/UsefulDatasets/gen_1_pokemon_learnsets.json
53,113,level-up,1,1,Supplied Gen-I learnset JSON,https://raw.githubusercontent.com/cRz-Shadows/Pokemon_Trainer_Tournament_Simulator/main/Data/UsefulDatasets/gen_1_pokemon_learnsets.json
53,11,level-up,12,1,Supplied Gen-I learnset JSON,https://raw.githubusercontent.com/cRz-Shadows/Pokemon_Trainer_Tournament_Simulator/main/Data/UsefulDatasets/gen_1_pokemon_learnsets.json
53,89,level-up,17,1,Supplied Gen-I learnset JSON,https://raw.githubusercontent.com/cRz-Shadows/Pokemon_Trainer_Tournament_Simulator/main/Data/UsefulDatasets/gen_1_pokemon_learnsets.json
53,113,level-up,24,1,Supplied Gen-I learnset JSON,https://raw.githubusercontent.com/cRz-Shadows/Pokemon_Trainer_Tournament_Simulator/main/Data/UsefulDatasets/gen_1_pokemon_learnsets.json
53,51,level-up,37,1,Supplied Gen-I learnset JSON,https://raw.githubusercontent.com/cRz-Shadows/Pokemon_Trainer_Tournament_Simulator/main/Data/UsefulDatasets/gen_1_pokemon_learnsets.json
53,121,level-up,51,1,Supplied Gen-I learnset JSON,https://raw.githubusercontent.com/cRz-Shadows/Pokemon_Trainer_Tournament_Simulator/main/Data/UsefulDatasets/gen_1_pokemon_learnsets.json
53,89,TM/HM,0,1,Supplied Gen-I learnset JSON,https://raw.githubusercontent.com/cRz-Shadows/Pokemon_Trainer_Tournament_Simulator/main/Data/UsefulDatasets/gen_1_pokemon_learnsets.json
53,13,TM/HM,0,1,Supplied Gen-I learnset JSON,https://raw.githubusercontent.com/cRz-Shadows/Pokemon_Trainer_Tournament_Simulator/main/Data/UsefulDatasets/gen_1_pokemon_learnsets.json
53,146,TM/HM,0,1,Supplied Gen-I learnset JSON,https://raw.githubusercontent.com/cRz-Shadows/Pokemon_Trainer_Tournament_Simulator/main/Data/UsefulDatasets/gen_1_pokemon_learnsets.json
53,33,TM/HM,0,1,Supplied Gen-I learnset JSON,https://raw.githubusercontent.com/cRz-Shadows/Pokemon_Trainer_Tournament_Simulator/main/Data/UsefulDatasets/gen_1_pokemon_learnsets.json
53,160,TM/HM,0,1,Supplied Gen-I learnset JSON,https://raw.githubusercontent.com/cRz-Shadows/Pokemon_Trainer_Tournament_Simulator/main/Data/UsefulDatasets/gen_1_pokemon_learnsets.json
53,17,TM/HM,0,1,Supplied Gen-I learnset JSON,https://raw.githubusercontent.com/cRz-Shadows/Pokemon_Trainer_Tournament_Simulator/main/Data/UsefulDatasets/gen_1_pokemon_learnsets.json
53,64,TM/HM,0,1,Supplied Gen-I learnset JSON,https://raw.githubusercontent.com/cRz-Shadows/Pokemon_Trainer_Tournament_Simulator/main/Data/UsefulDatasets/gen_1_pokemon_learnsets.json
53,151,TM/HM,0,1,Supplied Gen-I learnset JSON,https://raw.githubusercontent.com/cRz-Shadows/Pokemon_Trainer_Tournament_Simulator/main/Data/UsefulDatasets/gen_1_pokemon_learnsets.json
53,149,TM/HM,0,1,Supplied Gen-I learnset JSON,https://raw.githubusercontent.com/cRz-Shadows/Pokemon_Trainer_Tournament_Simulator/main/Data/UsefulDatasets/gen_1_pokemon_learnsets.json
53,154,TM/HM,0,1,Supplied Gen-I learnset JSON,https://raw.githubusercontent.com/cRz-Shadows/Pokemon_Trainer_Tournament_Simulator/main/Data/UsefulDatasets/gen_1_pokemon_learnsets.json
53,101,TM/HM,0,1,Supplied Gen-I learnset JSON,https://raw.githubusercontent.com/cRz-Shadows/Pokemon_Trainer_Tournament_Simulator/main/Data/UsefulDatasets/gen_1_pokemon_learnsets.json
53,84,TM/HM,0,1,Supplied Gen-I learnset JSON,https://raw.githubusercontent.com/cRz-Shadows/Pokemon_Trainer_Tournament_Simulator/main/Data/UsefulDatasets/gen_1_pokemon_learnsets.json
53,32,TM/HM,0,1,Supplied Gen-I learnset JSON,https://raw.githubusercontent.com/cRz-Shadows/Pokemon_Trainer_Tournament_Simulator/main/Data/UsefulDatasets/gen_1_pokemon_learnsets.json
53,9,TM/HM,0,1,Supplied Gen-I learnset JSON,https://raw.githubusercontent.com/cRz-Shadows/Pokemon_Trainer_Tournament_Simulator/main/Data/UsefulDatasets/gen_1_pokemon_learnsets.json
53,142,TM/HM,0,1,Supplied Gen-I learnset JSON,https://raw.githubusercontent.com/cRz-Shadows/Pokemon_Trainer_Tournament_Simulator/main/Data/UsefulDatasets/gen_1_pokemon_learnsets.json
53,118,TM/HM,0,1,Supplied Gen-I learnset JSON,https://raw.githubusercontent.com/cRz-Shadows/Pokemon_Trainer_Tournament_Simulator/main/Data/UsefulDatasets/gen_1_pokemon_learnsets.json
53,106,TM/HM,0,1,Supplied Gen-I learnset JSON,https://raw.githubusercontent.com/cRz-Shadows/Pokemon_Trainer_Tournament_Simulator/main/Data/UsefulDatasets/gen_1_pokemon_learnsets.json
53,138,TM/HM,0,1,Supplied Gen-I learnset JSON,https://raw.githubusercontent.com/cRz-Shadows/Pokemon_Trainer_Tournament_Simulator/main/Data/UsefulDatasets/gen_1_pokemon_learnsets.json
54,112,level-up,1,1,Supplied Gen-I learnset JSON,https://raw.githubusercontent.com/cRz-Shadows/Pokemon_Trainer_Tournament_Simulator/main/Data/UsefulDatasets/gen_1_pokemon_learnsets.json
54,145,level-up,28,1,Supplied Gen-I learnset JSON,https://raw.githubusercontent.com/cRz-Shadows/Pokemon_Trainer_Tournament_Simulator/main/Data/UsefulDatasets/gen_1_pokemon_learnsets.json
54,29,level-up,31,1,Supplied Gen-I learnset JSON,https://raw.githubusercontent.com/cRz-Shadows/Pokemon_Trainer_Tournament_Simulator/main/Data/UsefulDatasets/gen_1_pokemon_learnsets.json
54,21,level-up,36,1,Supplied Gen-I learnset JSON,https://raw.githubusercontent.com/cRz-Shadows/Pokemon_Trainer_Tournament_Simulator/main/Data/UsefulDatasets/gen_1_pokemon_learnsets.json
54,51,level-up,43,1,Supplied Gen-I learnset JSON,https://raw.githubusercontent.com/cRz-Shadows/Pokemon_Trainer_Tournament_Simulator/main/Data/UsefulDatasets/gen_1_pokemon_learnsets.json
54,63,level-up,52,1,Supplied Gen-I learnset JSON,https://raw.githubusercontent.com/cRz-Shadows/Pokemon_Trainer_Tournament_Simulator/main/Data/UsefulDatasets/gen_1_pokemon_learnsets.json
54,82,TM/HM,0,1,Supplied Gen-I learnset JSON,https://raw.githubusercontent.com/cRz-Shadows/Pokemon_Trainer_Tournament_Simulator/main/Data/UsefulDatasets/gen_1_pokemon_learnsets.json
54,89,TM/HM,0,1,Supplied Gen-I learnset JSON,https://raw.githubusercontent.com/cRz-Shadows/Pokemon_Trainer_Tournament_Simulator/main/Data/UsefulDatasets/gen_1_pokemon_learnsets.json
54,81,TM/HM,0,1,Supplied Gen-I learnset JSON,https://raw.githubusercontent.com/cRz-Shadows/Pokemon_Trainer_Tournament_Simulator/main/Data/UsefulDatasets/gen_1_pokemon_learnsets.json
54,13,TM/HM,0,1,Supplied Gen-I learnset JSON,https://raw.githubusercontent.com/cRz-Shadows/Pokemon_Trainer_Tournament_Simulator/main/Data/UsefulDatasets/gen_1_pokemon_learnsets.json
54,146,TM/HM,0,1,Supplied Gen-I learnset JSON,https://raw.githubusercontent.com/cRz-Shadows/Pokemon_Trainer_Tournament_Simulator/main/Data/UsefulDatasets/gen_1_pokemon_learnsets.json
54,33,TM/HM,0,1,Supplied Gen-I learnset JSON,https://raw.githubusercontent.com/cRz-Shadows/Pokemon_Trainer_Tournament_Simulator/main/Data/UsefulDatasets/gen_1_pokemon_learnsets.json
54,160,TM/HM,0,1,Supplied Gen-I learnset JSON,https://raw.githubusercontent.com/cRz-Shadows/Pokemon_Trainer_Tournament_Simulator/main/Data/UsefulDatasets/gen_1_pokemon_learnsets.json
54,141,TM/HM,0,1,Supplied Gen-I learnset JSON,https://raw.githubusercontent.com/cRz-Shadows/Pokemon_Trainer_Tournament_Simulator/main/Data/UsefulDatasets/gen_1_pokemon_learnsets.json
54,67,TM/HM,0,1,Supplied Gen-I learnset JSON,https://raw.githubusercontent.com/cRz-Shadows/Pokemon_Trainer_Tournament_Simulator/main/Data/UsefulDatasets/gen_1_pokemon_learnsets.json
54,12,TM/HM,0,1,Supplied Gen-I learnset JSON,https://raw.githubusercontent.com/cRz-Shadows/Pokemon_Trainer_Tournament_Simulator/main/Data/UsefulDatasets/gen_1_pokemon_learnsets.json
54,17,TM/HM,0,1,Supplied Gen-I learnset JSON,https://raw.githubusercontent.com/cRz-Shadows/Pokemon_Trainer_Tournament_Simulator/main/Data/UsefulDatasets/gen_1_pokemon_learnsets.json
54,137,TM/HM,0,1,Supplied Gen-I learnset JSON,https://raw.githubusercontent.com/cRz-Shadows/Pokemon_Trainer_Tournament_Simulator/main/Data/UsefulDatasets/gen_1_pokemon_learnsets.json
54,24,TM/HM,0,1,Supplied Gen-I learnset JSON,https://raw.githubusercontent.com/cRz-Shadows/Pokemon_Trainer_Tournament_Simulator/main/Data/UsefulDatasets/gen_1_pokemon_learnsets.json
54,114,TM/HM,0,1,Supplied Gen-I learnset JSON,https://raw.githubusercontent.com/cRz-Shadows/Pokemon_Trainer_Tournament_Simulator/main/Data/UsefulDatasets/gen_1_pokemon_learnsets.json
54,133,TM/HM,0,1,Supplied Gen-I learnset JSON,https://raw.githubusercontent.com/cRz-Shadows/Pokemon_Trainer_Tournament_Simulator/main/Data/UsefulDatasets/gen_1_pokemon_learnsets.json
54,28,TM/HM,0,1,Supplied Gen-I learnset JSON,https://raw.githubusercontent.com/cRz-Shadows/Pokemon_Trainer_Tournament_Simulator/main/Data/UsefulDatasets/gen_1_pokemon_learnsets.json
54,154,TM/HM,0,1,Supplied Gen-I learnset JSON,https://raw.githubusercontent.com/cRz-Shadows/Pokemon_Trainer_Tournament_Simulator/main/Data/UsefulDatasets/gen_1_pokemon_learnsets.json
54,101,TM/HM,0,1,Supplied Gen-I learnset JSON,https://raw.githubusercontent.com/cRz-Shadows/Pokemon_Trainer_Tournament_Simulator/main/Data/UsefulDatasets/gen_1_pokemon_learnsets.json
54,84,TM/HM,0,1,Supplied Gen-I learnset JSON,https://raw.githubusercontent.com/cRz-Shadows/Pokemon_Trainer_Tournament_Simulator/main/Data/UsefulDatasets/gen_1_pokemon_learnsets.json
54,32,TM/HM,0,1,Supplied Gen-I learnset JSON,https://raw.githubusercontent.com/cRz-Shadows/Pokemon_Trainer_Tournament_Simulator/main/Data/UsefulDatasets/gen_1_pokemon_learnsets.json
54,9,TM/HM,0,1,Supplied Gen-I learnset JSON,https://raw.githubusercontent.com/cRz-Shadows/Pokemon_Trainer_Tournament_Simulator/main/Data/UsefulDatasets/gen_1_pokemon_learnsets.json
54,142,TM/HM,0,1,Supplied Gen-I learnset JSON,https://raw.githubusercontent.com/cRz-Shadows/Pokemon_Trainer_Tournament_Simulator/main/Data/UsefulDatasets/gen_1_pokemon_learnsets.json
54,118,TM/HM,0,1,Supplied Gen-I learnset JSON,https://raw.githubusercontent.com/cRz-Shadows/Pokemon_Trainer_Tournament_Simulator/main/Data/UsefulDatasets/gen_1_pokemon_learnsets.json
54,106,TM/HM,0,1,Supplied Gen-I learnset JSON,https://raw.githubusercontent.com/cRz-Shadows/Pokemon_Trainer_Tournament_Simulator/main/Data/UsefulDatasets/gen_1_pokemon_learnsets.json
54,138,TM/HM,0,1,Supplied Gen-I learnset JSON,https://raw.githubusercontent.com/cRz-Shadows/Pokemon_Trainer_Tournament_Simulator/main/Data/UsefulDatasets/gen_1_pokemon_learnsets.json
55,112,level-up,1,1,Supplied Gen-I learnset JSON,https://raw.githubusercontent.com/cRz-Shadows/Pokemon_Trainer_Tournament_Simulator/main/Data/UsefulDatasets/gen_1_pokemon_learnsets.json
55,145,level-up,1,1,Supplied Gen-I learnset JSON,https://raw.githubusercontent.com/cRz-Shadows/Pokemon_Trainer_Tournament_Simulator/main/Data/UsefulDatasets/gen_1_pokemon_learnsets.json
55,29,level-up,1,1,Supplied Gen-I learnset JSON,https://raw.githubusercontent.com/cRz-Shadows/Pokemon_Trainer_Tournament_Simulator/main/Data/UsefulDatasets/gen_1_pokemon_learnsets.json
55,145,level-up,28,1,Supplied Gen-I learnset JSON,https://raw.githubusercontent.com/cRz-Shadows/Pokemon_Trainer_Tournament_Simulator/main/Data/UsefulDatasets/gen_1_pokemon_learnsets.json
55,29,level-up,31,1,Supplied Gen-I learnset JSON,https://raw.githubusercontent.com/cRz-Shadows/Pokemon_Trainer_Tournament_Simulator/main/Data/UsefulDatasets/gen_1_pokemon_learnsets.json
55,21,level-up,39,1,Supplied Gen-I learnset JSON,https://raw.githubusercontent.com/cRz-Shadows/Pokemon_Trainer_Tournament_Simulator/main/Data/UsefulDatasets/gen_1_pokemon_learnsets.json
55,51,level-up,48,1,Supplied Gen-I learnset JSON,https://raw.githubusercontent.com/cRz-Shadows/Pokemon_Trainer_Tournament_Simulator/main/Data/UsefulDatasets/gen_1_pokemon_learnsets.json
55,63,level-up,59,1,Supplied Gen-I learnset JSON,https://raw.githubusercontent.com/cRz-Shadows/Pokemon_Trainer_Tournament_Simulator/main/Data/UsefulDatasets/gen_1_pokemon_learnsets.json
55,82,TM/HM,0,1,Supplied Gen-I learnset JSON,https://raw.githubusercontent.com/cRz-Shadows/Pokemon_Trainer_Tournament_Simulator/main/Data/UsefulDatasets/gen_1_pokemon_learnsets.json
55,89,TM/HM,0,1,Supplied Gen-I learnset JSON,https://raw.githubusercontent.com/cRz-Shadows/Pokemon_Trainer_Tournament_Simulator/main/Data/UsefulDatasets/gen_1_pokemon_learnsets.json
55,81,TM/HM,0,1,Supplied Gen-I learnset JSON,https://raw.githubusercontent.com/cRz-Shadows/Pokemon_Trainer_Tournament_Simulator/main/Data/UsefulDatasets/gen_1_pokemon_learnsets.json
55,13,TM/HM,0,1,Supplied Gen-I learnset JSON,https://raw.githubusercontent.com/cRz-Shadows/Pokemon_Trainer_Tournament_Simulator/main/Data/UsefulDatasets/gen_1_pokemon_learnsets.json
55,146,TM/HM,0,1,Supplied Gen-I learnset JSON,https://raw.githubusercontent.com/cRz-Shadows/Pokemon_Trainer_Tournament_Simulator/main/Data/UsefulDatasets/gen_1_pokemon_learnsets.json
55,33,TM/HM,0,1,Supplied Gen-I learnset JSON,https://raw.githubusercontent.com/cRz-Shadows/Pokemon_Trainer_Tournament_Simulator/main/Data/UsefulDatasets/gen_1_pokemon_learnsets.json
55,160,TM/HM,0,1,Supplied Gen-I learnset JSON,https://raw.githubusercontent.com/cRz-Shadows/Pokemon_Trainer_Tournament_Simulator/main/Data/UsefulDatasets/gen_1_pokemon_learnsets.json
55,141,TM/HM,0,1,Supplied Gen-I learnset JSON,https://raw.githubusercontent.com/cRz-Shadows/Pokemon_Trainer_Tournament_Simulator/main/Data/UsefulDatasets/gen_1_pokemon_learnsets.json
55,67,TM/HM,0,1,Supplied Gen-I learnset JSON,https://raw.githubusercontent.com/cRz-Shadows/Pokemon_Trainer_Tournament_Simulator/main/Data/UsefulDatasets/gen_1_pokemon_learnsets.json
55,12,TM/HM,0,1,Supplied Gen-I learnset JSON,https://raw.githubusercontent.com/cRz-Shadows/Pokemon_Trainer_Tournament_Simulator/main/Data/UsefulDatasets/gen_1_pokemon_learnsets.json
55,17,TM/HM,0,1,Supplied Gen-I learnset JSON,https://raw.githubusercontent.com/cRz-Shadows/Pokemon_Trainer_Tournament_Simulator/main/Data/UsefulDatasets/gen_1_pokemon_learnsets.json
55,64,TM/HM,0,1,Supplied Gen-I learnset JSON,https://raw.githubusercontent.com/cRz-Shadows/Pokemon_Trainer_Tournament_Simulator/main/Data/UsefulDatasets/gen_1_pokemon_learnsets.json
55,137,TM/HM,0,1,Supplied Gen-I learnset JSON,https://raw.githubusercontent.com/cRz-Shadows/Pokemon_Trainer_Tournament_Simulator/main/Data/UsefulDatasets/gen_1_pokemon_learnsets.json
55,24,TM/HM,0,1,Supplied Gen-I learnset JSON,https://raw.githubusercontent.com/cRz-Shadows/Pokemon_Trainer_Tournament_Simulator/main/Data/UsefulDatasets/gen_1_pokemon_learnsets.json
55,114,TM/HM,0,1,Supplied Gen-I learnset JSON,https://raw.githubusercontent.com/cRz-Shadows/Pokemon_Trainer_Tournament_Simulator/main/Data/UsefulDatasets/gen_1_pokemon_learnsets.json
55,133,TM/HM,0,1,Supplied Gen-I learnset JSON,https://raw.githubusercontent.com/cRz-Shadows/Pokemon_Trainer_Tournament_Simulator/main/Data/UsefulDatasets/gen_1_pokemon_learnsets.json
55,28,TM/HM,0,1,Supplied Gen-I learnset JSON,https://raw.githubusercontent.com/cRz-Shadows/Pokemon_Trainer_Tournament_Simulator/main/Data/UsefulDatasets/gen_1_pokemon_learnsets.json
55,154,TM/HM,0,1,Supplied Gen-I learnset JSON,https://raw.githubusercontent.com/cRz-Shadows/Pokemon_Trainer_Tournament_Simulator/main/Data/UsefulDatasets/gen_1_pokemon_learnsets.json
55,101,TM/HM,0,1,Supplied Gen-I learnset JSON,https://raw.githubusercontent.com/cRz-Shadows/Pokemon_Trainer_Tournament_Simulator/main/Data/UsefulDatasets/gen_1_pokemon_learnsets.json
55,84,TM/HM,0,1,Supplied Gen-I learnset JSON,https://raw.githubusercontent.com/cRz-Shadows/Pokemon_Trainer_Tournament_Simulator/main/Data/UsefulDatasets/gen_1_pokemon_learnsets.json
55,32,TM/HM,0,1,Supplied Gen-I learnset JSON,https://raw.githubusercontent.com/cRz-Shadows/Pokemon_Trainer_Tournament_Simulator/main/Data/UsefulDatasets/gen_1_pokemon_learnsets.json
55,9,TM/HM,0,1,Supplied Gen-I learnset JSON,https://raw.githubusercontent.com/cRz-Shadows/Pokemon_Trainer_Tournament_Simulator/main/Data/UsefulDatasets/gen_1_pokemon_learnsets.json
55,142,TM/HM,0,1,Supplied Gen-I learnset JSON,https://raw.githubusercontent.com/cRz-Shadows/Pokemon_Trainer_Tournament_Simulator/main/Data/UsefulDatasets/gen_1_pokemon_learnsets.json
55,118,TM/HM,0,1,Supplied Gen-I learnset JSON,https://raw.githubusercontent.com/cRz-Shadows/Pokemon_Trainer_Tournament_Simulator/main/Data/UsefulDatasets/gen_1_pokemon_learnsets.json
55,106,TM/HM,0,1,Supplied Gen-I learnset JSON,https://raw.githubusercontent.com/cRz-Shadows/Pokemon_Trainer_Tournament_Simulator/main/Data/UsefulDatasets/gen_1_pokemon_learnsets.json
55,138,TM/HM,0,1,Supplied Gen-I learnset JSON,https://raw.githubusercontent.com/cRz-Shadows/Pokemon_Trainer_Tournament_Simulator/main/Data/UsefulDatasets/gen_1_pokemon_learnsets.json
56,112,level-up,1,1,Supplied Gen-I learnset JSON,https://raw.githubusercontent.com/cRz-Shadows/Pokemon_Trainer_Tournament_Simulator/main/Data/UsefulDatasets/gen_1_pokemon_learnsets.json
56,74,level-up,1,1,Supplied Gen-I learnset JSON,https://raw.githubusercontent.com/cRz-Shadows/Pokemon_Trainer_Tournament_Simulator/main/Data/UsefulDatasets/gen_1_pokemon_learnsets.json
56,70,level-up,15,1,Supplied Gen-I learnset JSON,https://raw.githubusercontent.com/cRz-Shadows/Pokemon_Trainer_Tournament_Simulator/main/Data/UsefulDatasets/gen_1_pokemon_learnsets.json
56,51,level-up,21,1,Supplied Gen-I learnset JSON,https://raw.githubusercontent.com/cRz-Shadows/Pokemon_Trainer_Tournament_Simulator/main/Data/UsefulDatasets/gen_1_pokemon_learnsets.json
56,49,level-up,27,1,Supplied Gen-I learnset JSON,https://raw.githubusercontent.com/cRz-Shadows/Pokemon_Trainer_Tournament_Simulator/main/Data/UsefulDatasets/gen_1_pokemon_learnsets.json
56,114,level-up,33,1,Supplied Gen-I learnset JSON,https://raw.githubusercontent.com/cRz-Shadows/Pokemon_Trainer_Tournament_Simulator/main/Data/UsefulDatasets/gen_1_pokemon_learnsets.json
56,148,level-up,39,1,Supplied Gen-I learnset JSON,https://raw.githubusercontent.com/cRz-Shadows/Pokemon_Trainer_Tournament_Simulator/main/Data/UsefulDatasets/gen_1_pokemon_learnsets.json
56,82,TM/HM,0,1,Supplied Gen-I learnset JSON,https://raw.githubusercontent.com/cRz-Shadows/Pokemon_Trainer_Tournament_Simulator/main/Data/UsefulDatasets/gen_1_pokemon_learnsets.json
56,89,TM/HM,0,1,Supplied Gen-I learnset JSON,https://raw.githubusercontent.com/cRz-Shadows/Pokemon_Trainer_Tournament_Simulator/main/Data/UsefulDatasets/gen_1_pokemon_learnsets.json
56,81,TM/HM,0,1,Supplied Gen-I learnset JSON,https://raw.githubusercontent.com/cRz-Shadows/Pokemon_Trainer_Tournament_Simulator/main/Data/UsefulDatasets/gen_1_pokemon_learnsets.json
56,13,TM/HM,0,1,Supplied Gen-I learnset JSON,https://raw.githubusercontent.com/cRz-Shadows/Pokemon_Trainer_Tournament_Simulator/main/Data/UsefulDatasets/gen_1_pokemon_learnsets.json
56,146,TM/HM,0,1,Supplied Gen-I learnset JSON,https://raw.githubusercontent.com/cRz-Shadows/Pokemon_Trainer_Tournament_Simulator/main/Data/UsefulDatasets/gen_1_pokemon_learnsets.json
56,33,TM/HM,0,1,Supplied Gen-I learnset JSON,https://raw.githubusercontent.com/cRz-Shadows/Pokemon_Trainer_Tournament_Simulator/main/Data/UsefulDatasets/gen_1_pokemon_learnsets.json
56,137,TM/HM,0,1,Supplied Gen-I learnset JSON,https://raw.githubusercontent.com/cRz-Shadows/Pokemon_Trainer_Tournament_Simulator/main/Data/UsefulDatasets/gen_1_pokemon_learnsets.json
56,24,TM/HM,0,1,Supplied Gen-I learnset JSON,https://raw.githubusercontent.com/cRz-Shadows/Pokemon_Trainer_Tournament_Simulator/main/Data/UsefulDatasets/gen_1_pokemon_learnsets.json
56,114,TM/HM,0,1,Supplied Gen-I learnset JSON,https://raw.githubusercontent.com/cRz-Shadows/Pokemon_Trainer_Tournament_Simulator/main/Data/UsefulDatasets/gen_1_pokemon_learnsets.json
56,133,TM/HM,0,1,Supplied Gen-I learnset JSON,https://raw.githubusercontent.com/cRz-Shadows/Pokemon_Trainer_Tournament_Simulator/main/Data/UsefulDatasets/gen_1_pokemon_learnsets.json
56,151,TM/HM,0,1,Supplied Gen-I learnset JSON,https://raw.githubusercontent.com/cRz-Shadows/Pokemon_Trainer_Tournament_Simulator/main/Data/UsefulDatasets/gen_1_pokemon_learnsets.json
56,149,TM/HM,0,1,Supplied Gen-I learnset JSON,https://raw.githubusercontent.com/cRz-Shadows/Pokemon_Trainer_Tournament_Simulator/main/Data/UsefulDatasets/gen_1_pokemon_learnsets.json
56,28,TM/HM,0,1,Supplied Gen-I learnset JSON,https://raw.githubusercontent.com/cRz-Shadows/Pokemon_Trainer_Tournament_Simulator/main/Data/UsefulDatasets/gen_1_pokemon_learnsets.json
56,154,TM/HM,0,1,Supplied Gen-I learnset JSON,https://raw.githubusercontent.com/cRz-Shadows/Pokemon_Trainer_Tournament_Simulator/main/Data/UsefulDatasets/gen_1_pokemon_learnsets.json
56,101,TM/HM,0,1,Supplied Gen-I learnset JSON,https://raw.githubusercontent.com/cRz-Shadows/Pokemon_Trainer_Tournament_Simulator/main/Data/UsefulDatasets/gen_1_pokemon_learnsets.json
56,84,TM/HM,0,1,Supplied Gen-I learnset JSON,https://raw.githubusercontent.com/cRz-Shadows/Pokemon_Trainer_Tournament_Simulator/main/Data/UsefulDatasets/gen_1_pokemon_learnsets.json
56,32,TM/HM,0,1,Supplied Gen-I learnset JSON,https://raw.githubusercontent.com/cRz-Shadows/Pokemon_Trainer_Tournament_Simulator/main/Data/UsefulDatasets/gen_1_pokemon_learnsets.json
56,9,TM/HM,0,1,Supplied Gen-I learnset JSON,https://raw.githubusercontent.com/cRz-Shadows/Pokemon_Trainer_Tournament_Simulator/main/Data/UsefulDatasets/gen_1_pokemon_learnsets.json
56,83,TM/HM,0,1,Supplied Gen-I learnset JSON,https://raw.githubusercontent.com/cRz-Shadows/Pokemon_Trainer_Tournament_Simulator/main/Data/UsefulDatasets/gen_1_pokemon_learnsets.json
56,142,TM/HM,0,1,Supplied Gen-I learnset JSON,https://raw.githubusercontent.com/cRz-Shadows/Pokemon_Trainer_Tournament_Simulator/main/Data/UsefulDatasets/gen_1_pokemon_learnsets.json
56,118,TM/HM,0,1,Supplied Gen-I learnset JSON,https://raw.githubusercontent.com/cRz-Shadows/Pokemon_Trainer_Tournament_Simulator/main/Data/UsefulDatasets/gen_1_pokemon_learnsets.json
56,106,TM/HM,0,1,Supplied Gen-I learnset JSON,https://raw.githubusercontent.com/cRz-Shadows/Pokemon_Trainer_Tournament_Simulator/main/Data/UsefulDatasets/gen_1_pokemon_learnsets.json
56,108,TM/HM,0,1,Supplied Gen-I learnset JSON,https://raw.githubusercontent.com/cRz-Shadows/Pokemon_Trainer_Tournament_Simulator/main/Data/UsefulDatasets/gen_1_pokemon_learnsets.json
56,138,TM/HM,0,1,Supplied Gen-I learnset JSON,https://raw.githubusercontent.com/cRz-Shadows/Pokemon_Trainer_Tournament_Simulator/main/Data/UsefulDatasets/gen_1_pokemon_learnsets.json
57,51,level-up,1,1,Supplied Gen-I learnset JSON,https://raw.githubusercontent.com/cRz-Shadows/Pokemon_Trainer_Tournament_Simulator/main/Data/UsefulDatasets/gen_1_pokemon_learnsets.json
57,70,level-up,1,1,Supplied Gen-I learnset JSON,https://raw.githubusercontent.com/cRz-Shadows/Pokemon_Trainer_Tournament_Simulator/main/Data/UsefulDatasets/gen_1_pokemon_learnsets.json
57,112,level-up,1,1,Supplied Gen-I learnset JSON,https://raw.githubusercontent.com/cRz-Shadows/Pokemon_Trainer_Tournament_Simulator/main/Data/UsefulDatasets/gen_1_pokemon_learnsets.json
57,74,level-up,1,1,Supplied Gen-I learnset JSON,https://raw.githubusercontent.com/cRz-Shadows/Pokemon_Trainer_Tournament_Simulator/main/Data/UsefulDatasets/gen_1_pokemon_learnsets.json
57,70,level-up,15,1,Supplied Gen-I learnset JSON,https://raw.githubusercontent.com/cRz-Shadows/Pokemon_Trainer_Tournament_Simulator/main/Data/UsefulDatasets/gen_1_pokemon_learnsets.json
57,51,level-up,21,1,Supplied Gen-I learnset JSON,https://raw.githubusercontent.com/cRz-Shadows/Pokemon_Trainer_Tournament_Simulator/main/Data/UsefulDatasets/gen_1_pokemon_learnsets.json
57,49,level-up,27,1,Supplied Gen-I learnset JSON,https://raw.githubusercontent.com/cRz-Shadows/Pokemon_Trainer_Tournament_Simulator/main/Data/UsefulDatasets/gen_1_pokemon_learnsets.json
57,114,level-up,37,1,Supplied Gen-I learnset JSON,https://raw.githubusercontent.com/cRz-Shadows/Pokemon_Trainer_Tournament_Simulator/main/Data/UsefulDatasets/gen_1_pokemon_learnsets.json
57,148,level-up,46,1,Supplied Gen-I learnset JSON,https://raw.githubusercontent.com/cRz-Shadows/Pokemon_Trainer_Tournament_Simulator/main/Data/UsefulDatasets/gen_1_pokemon_learnsets.json
57,82,TM/HM,0,1,Supplied Gen-I learnset JSON,https://raw.githubusercontent.com/cRz-Shadows/Pokemon_Trainer_Tournament_Simulator/main/Data/UsefulDatasets/gen_1_pokemon_learnsets.json
57,89,TM/HM,0,1,Supplied Gen-I learnset JSON,https://raw.githubusercontent.com/cRz-Shadows/Pokemon_Trainer_Tournament_Simulator/main/Data/UsefulDatasets/gen_1_pokemon_learnsets.json
57,81,TM/HM,0,1,Supplied Gen-I learnset JSON,https://raw.githubusercontent.com/cRz-Shadows/Pokemon_Trainer_Tournament_Simulator/main/Data/UsefulDatasets/gen_1_pokemon_learnsets.json
57,13,TM/HM,0,1,Supplied Gen-I learnset JSON,https://raw.githubusercontent.com/cRz-Shadows/Pokemon_Trainer_Tournament_Simulator/main/Data/UsefulDatasets/gen_1_pokemon_learnsets.json
57,146,TM/HM,0,1,Supplied Gen-I learnset JSON,https://raw.githubusercontent.com/cRz-Shadows/Pokemon_Trainer_Tournament_Simulator/main/Data/UsefulDatasets/gen_1_pokemon_learnsets.json
57,33,TM/HM,0,1,Supplied Gen-I learnset JSON,https://raw.githubusercontent.com/cRz-Shadows/Pokemon_Trainer_Tournament_Simulator/main/Data/UsefulDatasets/gen_1_pokemon_learnsets.json
57,64,TM/HM,0,1,Supplied Gen-I learnset JSON,https://raw.githubusercontent.com/cRz-Shadows/Pokemon_Trainer_Tournament_Simulator/main/Data/UsefulDatasets/gen_1_pokemon_learnsets.json
57,137,TM/HM,0,1,Supplied Gen-I learnset JSON,https://raw.githubusercontent.com/cRz-Shadows/Pokemon_Trainer_Tournament_Simulator/main/Data/UsefulDatasets/gen_1_pokemon_learnsets.json
57,24,TM/HM,0,1,Supplied Gen-I learnset JSON,https://raw.githubusercontent.com/cRz-Shadows/Pokemon_Trainer_Tournament_Simulator/main/Data/UsefulDatasets/gen_1_pokemon_learnsets.json
57,114,TM/HM,0,1,Supplied Gen-I learnset JSON,https://raw.githubusercontent.com/cRz-Shadows/Pokemon_Trainer_Tournament_Simulator/main/Data/UsefulDatasets/gen_1_pokemon_learnsets.json
57,133,TM/HM,0,1,Supplied Gen-I learnset JSON,https://raw.githubusercontent.com/cRz-Shadows/Pokemon_Trainer_Tournament_Simulator/main/Data/UsefulDatasets/gen_1_pokemon_learnsets.json
57,151,TM/HM,0,1,Supplied Gen-I learnset JSON,https://raw.githubusercontent.com/cRz-Shadows/Pokemon_Trainer_Tournament_Simulator/main/Data/UsefulDatasets/gen_1_pokemon_learnsets.json
57,149,TM/HM,0,1,Supplied Gen-I learnset JSON,https://raw.githubusercontent.com/cRz-Shadows/Pokemon_Trainer_Tournament_Simulator/main/Data/UsefulDatasets/gen_1_pokemon_learnsets.json
57,28,TM/HM,0,1,Supplied Gen-I learnset JSON,https://raw.githubusercontent.com/cRz-Shadows/Pokemon_Trainer_Tournament_Simulator/main/Data/UsefulDatasets/gen_1_pokemon_learnsets.json
57,154,TM/HM,0,1,Supplied Gen-I learnset JSON,https://raw.githubusercontent.com/cRz-Shadows/Pokemon_Trainer_Tournament_Simulator/main/Data/UsefulDatasets/gen_1_pokemon_learnsets.json
57,101,TM/HM,0,1,Supplied Gen-I learnset JSON,https://raw.githubusercontent.com/cRz-Shadows/Pokemon_Trainer_Tournament_Simulator/main/Data/UsefulDatasets/gen_1_pokemon_learnsets.json
57,84,TM/HM,0,1,Supplied Gen-I learnset JSON,https://raw.githubusercontent.com/cRz-Shadows/Pokemon_Trainer_Tournament_Simulator/main/Data/UsefulDatasets/gen_1_pokemon_learnsets.json
57,32,TM/HM,0,1,Supplied Gen-I learnset JSON,https://raw.githubusercontent.com/cRz-Shadows/Pokemon_Trainer_Tournament_Simulator/main/Data/UsefulDatasets/gen_1_pokemon_learnsets.json
57,9,TM/HM,0,1,Supplied Gen-I learnset JSON,https://raw.githubusercontent.com/cRz-Shadows/Pokemon_Trainer_Tournament_Simulator/main/Data/UsefulDatasets/gen_1_pokemon_learnsets.json
57,83,TM/HM,0,1,Supplied Gen-I learnset JSON,https://raw.githubusercontent.com/cRz-Shadows/Pokemon_Trainer_Tournament_Simulator/main/Data/UsefulDatasets/gen_1_pokemon_learnsets.json
57,142,TM/HM,0,1,Supplied Gen-I learnset JSON,https://raw.githubusercontent.com/cRz-Shadows/Pokemon_Trainer_Tournament_Simulator/main/Data/UsefulDatasets/gen_1_pokemon_learnsets.json
57,118,TM/HM,0,1,Supplied Gen-I learnset JSON,https://raw.githubusercontent.com/cRz-Shadows/Pokemon_Trainer_Tournament_Simulator/main/Data/UsefulDatasets/gen_1_pokemon_learnsets.json
57,106,TM/HM,0,1,Supplied Gen-I learnset JSON,https://raw.githubusercontent.com/cRz-Shadows/Pokemon_Trainer_Tournament_Simulator/main/Data/UsefulDatasets/gen_1_pokemon_learnsets.json
57,108,TM/HM,0,1,Supplied Gen-I learnset JSON,https://raw.githubusercontent.com/cRz-Shadows/Pokemon_Trainer_Tournament_Simulator/main/Data/UsefulDatasets/gen_1_pokemon_learnsets.json
57,138,TM/HM,0,1,Supplied Gen-I learnset JSON,https://raw.githubusercontent.com/cRz-Shadows/Pokemon_Trainer_Tournament_Simulator/main/Data/UsefulDatasets/gen_1_pokemon_learnsets.json
58,11,level-up,1,1,Supplied Gen-I learnset JSON,https://raw.githubusercontent.com/cRz-Shadows/Pokemon_Trainer_Tournament_Simulator/main/Data/UsefulDatasets/gen_1_pokemon_learnsets.json
58,107,level-up,1,1,Supplied Gen-I learnset JSON,https://raw.githubusercontent.com/cRz-Shadows/Pokemon_Trainer_Tournament_Simulator/main/Data/UsefulDatasets/gen_1_pokemon_learnsets.json
58,40,level-up,18,1,Supplied Gen-I learnset JSON,https://raw.githubusercontent.com/cRz-Shadows/Pokemon_Trainer_Tournament_Simulator/main/Data/UsefulDatasets/gen_1_pokemon_learnsets.json
58,74,level-up,23,1,Supplied Gen-I learnset JSON,https://raw.githubusercontent.com/cRz-Shadows/Pokemon_Trainer_Tournament_Simulator/main/Data/UsefulDatasets/gen_1_pokemon_learnsets.json
58,146,level-up,30,1,Supplied Gen-I learnset JSON,https://raw.githubusercontent.com/cRz-Shadows/Pokemon_Trainer_Tournament_Simulator/main/Data/UsefulDatasets/gen_1_pokemon_learnsets.json
58,4,level-up,39,1,Supplied Gen-I learnset JSON,https://raw.githubusercontent.com/cRz-Shadows/Pokemon_Trainer_Tournament_Simulator/main/Data/UsefulDatasets/gen_1_pokemon_learnsets.json
58,46,level-up,50,1,Supplied Gen-I learnset JSON,https://raw.githubusercontent.com/cRz-Shadows/Pokemon_Trainer_Tournament_Simulator/main/Data/UsefulDatasets/gen_1_pokemon_learnsets.json
58,13,TM/HM,0,1,Supplied Gen-I learnset JSON,https://raw.githubusercontent.com/cRz-Shadows/Pokemon_Trainer_Tournament_Simulator/main/Data/UsefulDatasets/gen_1_pokemon_learnsets.json
58,146,TM/HM,0,1,Supplied Gen-I learnset JSON,https://raw.githubusercontent.com/cRz-Shadows/Pokemon_Trainer_Tournament_Simulator/main/Data/UsefulDatasets/gen_1_pokemon_learnsets.json
58,33,TM/HM,0,1,Supplied Gen-I learnset JSON,https://raw.githubusercontent.com/cRz-Shadows/Pokemon_Trainer_Tournament_Simulator/main/Data/UsefulDatasets/gen_1_pokemon_learnsets.json
58,35,TM/HM,0,1,Supplied Gen-I learnset JSON,https://raw.githubusercontent.com/cRz-Shadows/Pokemon_Trainer_Tournament_Simulator/main/Data/UsefulDatasets/gen_1_pokemon_learnsets.json
58,28,TM/HM,0,1,Supplied Gen-I learnset JSON,https://raw.githubusercontent.com/cRz-Shadows/Pokemon_Trainer_Tournament_Simulator/main/Data/UsefulDatasets/gen_1_pokemon_learnsets.json
58,154,TM/HM,0,1,Supplied Gen-I learnset JSON,https://raw.githubusercontent.com/cRz-Shadows/Pokemon_Trainer_Tournament_Simulator/main/Data/UsefulDatasets/gen_1_pokemon_learnsets.json
58,101,TM/HM,0,1,Supplied Gen-I learnset JSON,https://raw.githubusercontent.com/cRz-Shadows/Pokemon_Trainer_Tournament_Simulator/main/Data/UsefulDatasets/gen_1_pokemon_learnsets.json
58,84,TM/HM,0,1,Supplied Gen-I learnset JSON,https://raw.githubusercontent.com/cRz-Shadows/Pokemon_Trainer_Tournament_Simulator/main/Data/UsefulDatasets/gen_1_pokemon_learnsets.json
58,32,TM/HM,0,1,Supplied Gen-I learnset JSON,https://raw.githubusercontent.com/cRz-Shadows/Pokemon_Trainer_Tournament_Simulator/main/Data/UsefulDatasets/gen_1_pokemon_learnsets.json
58,105,TM/HM,0,1,Supplied Gen-I learnset JSON,https://raw.githubusercontent.com/cRz-Shadows/Pokemon_Trainer_Tournament_Simulator/main/Data/UsefulDatasets/gen_1_pokemon_learnsets.json
58,9,TM/HM,0,1,Supplied Gen-I learnset JSON,https://raw.githubusercontent.com/cRz-Shadows/Pokemon_Trainer_Tournament_Simulator/main/Data/UsefulDatasets/gen_1_pokemon_learnsets.json
58,42,TM/HM,0,1,Supplied Gen-I learnset JSON,https://raw.githubusercontent.com/cRz-Shadows/Pokemon_Trainer_Tournament_Simulator/main/Data/UsefulDatasets/gen_1_pokemon_learnsets.json
58,142,TM/HM,0,1,Supplied Gen-I learnset JSON,https://raw.githubusercontent.com/cRz-Shadows/Pokemon_Trainer_Tournament_Simulator/main/Data/UsefulDatasets/gen_1_pokemon_learnsets.json
58,118,TM/HM,0,1,Supplied Gen-I learnset JSON,https://raw.githubusercontent.com/cRz-Shadows/Pokemon_Trainer_Tournament_Simulator/main/Data/UsefulDatasets/gen_1_pokemon_learnsets.json
58,106,TM/HM,0,1,Supplied Gen-I learnset JSON,https://raw.githubusercontent.com/cRz-Shadows/Pokemon_Trainer_Tournament_Simulator/main/Data/UsefulDatasets/gen_1_pokemon_learnsets.json
58,138,TM/HM,0,1,Supplied Gen-I learnset JSON,https://raw.githubusercontent.com/cRz-Shadows/Pokemon_Trainer_Tournament_Simulator/main/Data/UsefulDatasets/gen_1_pokemon_learnsets.json
59,40,level-up,1,1,Supplied Gen-I learnset JSON,https://raw.githubusercontent.com/cRz-Shadows/Pokemon_Trainer_Tournament_Simulator/main/Data/UsefulDatasets/gen_1_pokemon_learnsets.json
59,146,level-up,1,1,Supplied Gen-I learnset JSON,https://raw.githubusercontent.com/cRz-Shadows/Pokemon_Trainer_Tournament_Simulator/main/Data/UsefulDatasets/gen_1_pokemon_learnsets.json
59,74,level-up,1,1,Supplied Gen-I learnset JSON,https://raw.githubusercontent.com/cRz-Shadows/Pokemon_Trainer_Tournament_Simulator/main/Data/UsefulDatasets/gen_1_pokemon_learnsets.json
59,107,level-up,1,1,Supplied Gen-I learnset JSON,https://raw.githubusercontent.com/cRz-Shadows/Pokemon_Trainer_Tournament_Simulator/main/Data/UsefulDatasets/gen_1_pokemon_learnsets.json
59,13,TM/HM,0,1,Supplied Gen-I learnset JSON,https://raw.githubusercontent.com/cRz-Shadows/Pokemon_Trainer_Tournament_Simulator/main/Data/UsefulDatasets/gen_1_pokemon_learnsets.json
59,146,TM/HM,0,1,Supplied Gen-I learnset JSON,https://raw.githubusercontent.com/cRz-Shadows/Pokemon_Trainer_Tournament_Simulator/main/Data/UsefulDatasets/gen_1_pokemon_learnsets.json
59,33,TM/HM,0,1,Supplied Gen-I learnset JSON,https://raw.githubusercontent.com/cRz-Shadows/Pokemon_Trainer_Tournament_Simulator/main/Data/UsefulDatasets/gen_1_pokemon_learnsets.json
59,64,TM/HM,0,1,Supplied Gen-I learnset JSON,https://raw.githubusercontent.com/cRz-Shadows/Pokemon_Trainer_Tournament_Simulator/main/Data/UsefulDatasets/gen_1_pokemon_learnsets.json
59,35,TM/HM,0,1,Supplied Gen-I learnset JSON,https://raw.githubusercontent.com/cRz-Shadows/Pokemon_Trainer_Tournament_Simulator/main/Data/UsefulDatasets/gen_1_pokemon_learnsets.json
59,28,TM/HM,0,1,Supplied Gen-I learnset JSON,https://raw.githubusercontent.com/cRz-Shadows/Pokemon_Trainer_Tournament_Simulator/main/Data/UsefulDatasets/gen_1_pokemon_learnsets.json
59,154,TM/HM,0,1,Supplied Gen-I learnset JSON,https://raw.githubusercontent.com/cRz-Shadows/Pokemon_Trainer_Tournament_Simulator/main/Data/UsefulDatasets/gen_1_pokemon_learnsets.json
59,101,TM/HM,0,1,Supplied Gen-I learnset JSON,https://raw.githubusercontent.com/cRz-Shadows/Pokemon_Trainer_Tournament_Simulator/main/Data/UsefulDatasets/gen_1_pokemon_learnsets.json
59,147,TM/HM,0,1,Supplied Gen-I learnset JSON,https://raw.githubusercontent.com/cRz-Shadows/Pokemon_Trainer_Tournament_Simulator/main/Data/UsefulDatasets/gen_1_pokemon_learnsets.json
59,84,TM/HM,0,1,Supplied Gen-I learnset JSON,https://raw.githubusercontent.com/cRz-Shadows/Pokemon_Trainer_Tournament_Simulator/main/Data/UsefulDatasets/gen_1_pokemon_learnsets.json
59,32,TM/HM,0,1,Supplied Gen-I learnset JSON,https://raw.githubusercontent.com/cRz-Shadows/Pokemon_Trainer_Tournament_Simulator/main/Data/UsefulDatasets/gen_1_pokemon_learnsets.json
59,105,TM/HM,0,1,Supplied Gen-I learnset JSON,https://raw.githubusercontent.com/cRz-Shadows/Pokemon_Trainer_Tournament_Simulator/main/Data/UsefulDatasets/gen_1_pokemon_learnsets.json
59,9,TM/HM,0,1,Supplied Gen-I learnset JSON,https://raw.githubusercontent.com/cRz-Shadows/Pokemon_Trainer_Tournament_Simulator/main/Data/UsefulDatasets/gen_1_pokemon_learnsets.json
59,42,TM/HM,0,1,Supplied Gen-I learnset JSON,https://raw.githubusercontent.com/cRz-Shadows/Pokemon_Trainer_Tournament_Simulator/main/Data/UsefulDatasets/gen_1_pokemon_learnsets.json
59,142,TM/HM,0,1,Supplied Gen-I learnset JSON,https://raw.githubusercontent.com/cRz-Shadows/Pokemon_Trainer_Tournament_Simulator/main/Data/UsefulDatasets/gen_1_pokemon_learnsets.json
59,118,TM/HM,0,1,Supplied Gen-I learnset JSON,https://raw.githubusercontent.com/cRz-Shadows/Pokemon_Trainer_Tournament_Simulator/main/Data/UsefulDatasets/gen_1_pokemon_learnsets.json
59,106,TM/HM,0,1,Supplied Gen-I learnset JSON,https://raw.githubusercontent.com/cRz-Shadows/Pokemon_Trainer_Tournament_Simulator/main/Data/UsefulDatasets/gen_1_pokemon_learnsets.json
59,138,TM/HM,0,1,Supplied Gen-I learnset JSON,https://raw.githubusercontent.com/cRz-Shadows/Pokemon_Trainer_Tournament_Simulator/main/Data/UsefulDatasets/gen_1_pokemon_learnsets.json
60,16,level-up,1,1,Supplied Gen-I learnset JSON,https://raw.githubusercontent.com/cRz-Shadows/Pokemon_Trainer_Tournament_Simulator/main/Data/UsefulDatasets/gen_1_pokemon_learnsets.json
60,66,level-up,16,1,Supplied Gen-I learnset JSON,https://raw.githubusercontent.com/cRz-Shadows/Pokemon_Trainer_Tournament_Simulator/main/Data/UsefulDatasets/gen_1_pokemon_learnsets.json
60,160,level-up,19,1,Supplied Gen-I learnset JSON,https://raw.githubusercontent.com/cRz-Shadows/Pokemon_Trainer_Tournament_Simulator/main/Data/UsefulDatasets/gen_1_pokemon_learnsets.json
60,34,level-up,25,1,Supplied Gen-I learnset JSON,https://raw.githubusercontent.com/cRz-Shadows/Pokemon_Trainer_Tournament_Simulator/main/Data/UsefulDatasets/gen_1_pokemon_learnsets.json
60,13,level-up,31,1,Supplied Gen-I learnset JSON,https://raw.githubusercontent.com/cRz-Shadows/Pokemon_Trainer_Tournament_Simulator/main/Data/UsefulDatasets/gen_1_pokemon_learnsets.json
60,5,level-up,38,1,Supplied Gen-I learnset JSON,https://raw.githubusercontent.com/cRz-Shadows/Pokemon_Trainer_Tournament_Simulator/main/Data/UsefulDatasets/gen_1_pokemon_learnsets.json
60,63,level-up,45,1,Supplied Gen-I learnset JSON,https://raw.githubusercontent.com/cRz-Shadows/Pokemon_Trainer_Tournament_Simulator/main/Data/UsefulDatasets/gen_1_pokemon_learnsets.json
60,13,TM/HM,0,1,Supplied Gen-I learnset JSON,https://raw.githubusercontent.com/cRz-Shadows/Pokemon_Trainer_Tournament_Simulator/main/Data/UsefulDatasets/gen_1_pokemon_learnsets.json
60,146,TM/HM,0,1,Supplied Gen-I learnset JSON,https://raw.githubusercontent.com/cRz-Shadows/Pokemon_Trainer_Tournament_Simulator/main/Data/UsefulDatasets/gen_1_pokemon_learnsets.json
60,33,TM/HM,0,1,Supplied Gen-I learnset JSON,https://raw.githubusercontent.com/cRz-Shadows/Pokemon_Trainer_Tournament_Simulator/main/Data/UsefulDatasets/gen_1_pokemon_learnsets.json
60,160,TM/HM,0,1,Supplied Gen-I learnset JSON,https://raw.githubusercontent.com/cRz-Shadows/Pokemon_Trainer_Tournament_Simulator/main/Data/UsefulDatasets/gen_1_pokemon_learnsets.json
60,141,TM/HM,0,1,Supplied Gen-I learnset JSON,https://raw.githubusercontent.com/cRz-Shadows/Pokemon_Trainer_Tournament_Simulator/main/Data/UsefulDatasets/gen_1_pokemon_learnsets.json
60,67,TM/HM,0,1,Supplied Gen-I learnset JSON,https://raw.githubusercontent.com/cRz-Shadows/Pokemon_Trainer_Tournament_Simulator/main/Data/UsefulDatasets/gen_1_pokemon_learnsets.json
60,12,TM/HM,0,1,Supplied Gen-I learnset JSON,https://raw.githubusercontent.com/cRz-Shadows/Pokemon_Trainer_Tournament_Simulator/main/Data/UsefulDatasets/gen_1_pokemon_learnsets.json
60,17,TM/HM,0,1,Supplied Gen-I learnset JSON,https://raw.githubusercontent.com/cRz-Shadows/Pokemon_Trainer_Tournament_Simulator/main/Data/UsefulDatasets/gen_1_pokemon_learnsets.json
60,154,TM/HM,0,1,Supplied Gen-I learnset JSON,https://raw.githubusercontent.com/cRz-Shadows/Pokemon_Trainer_Tournament_Simulator/main/Data/UsefulDatasets/gen_1_pokemon_learnsets.json
60,98,TM/HM,0,1,Supplied Gen-I learnset JSON,https://raw.githubusercontent.com/cRz-Shadows/Pokemon_Trainer_Tournament_Simulator/main/Data/UsefulDatasets/gen_1_pokemon_learnsets.json
60,101,TM/HM,0,1,Supplied Gen-I learnset JSON,https://raw.githubusercontent.com/cRz-Shadows/Pokemon_Trainer_Tournament_Simulator/main/Data/UsefulDatasets/gen_1_pokemon_learnsets.json
60,84,TM/HM,0,1,Supplied Gen-I learnset JSON,https://raw.githubusercontent.com/cRz-Shadows/Pokemon_Trainer_Tournament_Simulator/main/Data/UsefulDatasets/gen_1_pokemon_learnsets.json
60,32,TM/HM,0,1,Supplied Gen-I learnset JSON,https://raw.githubusercontent.com/cRz-Shadows/Pokemon_Trainer_Tournament_Simulator/main/Data/UsefulDatasets/gen_1_pokemon_learnsets.json
60,9,TM/HM,0,1,Supplied Gen-I learnset JSON,https://raw.githubusercontent.com/cRz-Shadows/Pokemon_Trainer_Tournament_Simulator/main/Data/UsefulDatasets/gen_1_pokemon_learnsets.json
60,118,TM/HM,0,1,Supplied Gen-I learnset JSON,https://raw.githubusercontent.com/cRz-Shadows/Pokemon_Trainer_Tournament_Simulator/main/Data/UsefulDatasets/gen_1_pokemon_learnsets.json
60,99,TM/HM,0,1,Supplied Gen-I learnset JSON,https://raw.githubusercontent.com/cRz-Shadows/Pokemon_Trainer_Tournament_Simulator/main/Data/UsefulDatasets/gen_1_pokemon_learnsets.json
60,106,TM/HM,0,1,Supplied Gen-I learnset JSON,https://raw.githubusercontent.com/cRz-Shadows/Pokemon_Trainer_Tournament_Simulator/main/Data/UsefulDatasets/gen_1_pokemon_learnsets.json
60,138,TM/HM,0,1,Supplied Gen-I learnset JSON,https://raw.githubusercontent.com/cRz-Shadows/Pokemon_Trainer_Tournament_Simulator/main/Data/UsefulDatasets/gen_1_pokemon_learnsets.json
61,16,level-up,1,1,Supplied Gen-I learnset JSON,https://raw.githubusercontent.com/cRz-Shadows/Pokemon_Trainer_Tournament_Simulator/main/Data/UsefulDatasets/gen_1_pokemon_learnsets.json
61,160,level-up,1,1,Supplied Gen-I learnset JSON,https://raw.githubusercontent.com/cRz-Shadows/Pokemon_Trainer_Tournament_Simulator/main/Data/UsefulDatasets/gen_1_pokemon_learnsets.json
61,66,level-up,1,1,Supplied Gen-I learnset JSON,https://raw.githubusercontent.com/cRz-Shadows/Pokemon_Trainer_Tournament_Simulator/main/Data/UsefulDatasets/gen_1_pokemon_learnsets.json
61,66,level-up,16,1,Supplied Gen-I learnset JSON,https://raw.githubusercontent.com/cRz-Shadows/Pokemon_Trainer_Tournament_Simulator/main/Data/UsefulDatasets/gen_1_pokemon_learnsets.json
61,160,level-up,19,1,Supplied Gen-I learnset JSON,https://raw.githubusercontent.com/cRz-Shadows/Pokemon_Trainer_Tournament_Simulator/main/Data/UsefulDatasets/gen_1_pokemon_learnsets.json
61,34,level-up,26,1,Supplied Gen-I learnset JSON,https://raw.githubusercontent.com/cRz-Shadows/Pokemon_Trainer_Tournament_Simulator/main/Data/UsefulDatasets/gen_1_pokemon_learnsets.json
61,13,level-up,33,1,Supplied Gen-I learnset JSON,https://raw.githubusercontent.com/cRz-Shadows/Pokemon_Trainer_Tournament_Simulator/main/Data/UsefulDatasets/gen_1_pokemon_learnsets.json
61,5,level-up,41,1,Supplied Gen-I learnset JSON,https://raw.githubusercontent.com/cRz-Shadows/Pokemon_Trainer_Tournament_Simulator/main/Data/UsefulDatasets/gen_1_pokemon_learnsets.json
61,63,level-up,49,1,Supplied Gen-I learnset JSON,https://raw.githubusercontent.com/cRz-Shadows/Pokemon_Trainer_Tournament_Simulator/main/Data/UsefulDatasets/gen_1_pokemon_learnsets.json
61,82,TM/HM,0,1,Supplied Gen-I learnset JSON,https://raw.githubusercontent.com/cRz-Shadows/Pokemon_Trainer_Tournament_Simulator/main/Data/UsefulDatasets/gen_1_pokemon_learnsets.json
61,81,TM/HM,0,1,Supplied Gen-I learnset JSON,https://raw.githubusercontent.com/cRz-Shadows/Pokemon_Trainer_Tournament_Simulator/main/Data/UsefulDatasets/gen_1_pokemon_learnsets.json
61,13,TM/HM,0,1,Supplied Gen-I learnset JSON,https://raw.githubusercontent.com/cRz-Shadows/Pokemon_Trainer_Tournament_Simulator/main/Data/UsefulDatasets/gen_1_pokemon_learnsets.json
61,146,TM/HM,0,1,Supplied Gen-I learnset JSON,https://raw.githubusercontent.com/cRz-Shadows/Pokemon_Trainer_Tournament_Simulator/main/Data/UsefulDatasets/gen_1_pokemon_learnsets.json
61,33,TM/HM,0,1,Supplied Gen-I learnset JSON,https://raw.githubusercontent.com/cRz-Shadows/Pokemon_Trainer_Tournament_Simulator/main/Data/UsefulDatasets/gen_1_pokemon_learnsets.json
61,160,TM/HM,0,1,Supplied Gen-I learnset JSON,https://raw.githubusercontent.com/cRz-Shadows/Pokemon_Trainer_Tournament_Simulator/main/Data/UsefulDatasets/gen_1_pokemon_learnsets.json
61,141,TM/HM,0,1,Supplied Gen-I learnset JSON,https://raw.githubusercontent.com/cRz-Shadows/Pokemon_Trainer_Tournament_Simulator/main/Data/UsefulDatasets/gen_1_pokemon_learnsets.json
61,67,TM/HM,0,1,Supplied Gen-I learnset JSON,https://raw.githubusercontent.com/cRz-Shadows/Pokemon_Trainer_Tournament_Simulator/main/Data/UsefulDatasets/gen_1_pokemon_learnsets.json
61,12,TM/HM,0,1,Supplied Gen-I learnset JSON,https://raw.githubusercontent.com/cRz-Shadows/Pokemon_Trainer_Tournament_Simulator/main/Data/UsefulDatasets/gen_1_pokemon_learnsets.json
61,17,TM/HM,0,1,Supplied Gen-I learnset JSON,https://raw.githubusercontent.com/cRz-Shadows/Pokemon_Trainer_Tournament_Simulator/main/Data/UsefulDatasets/gen_1_pokemon_learnsets.json
61,137,TM/HM,0,1,Supplied Gen-I learnset JSON,https://raw.githubusercontent.com/cRz-Shadows/Pokemon_Trainer_Tournament_Simulator/main/Data/UsefulDatasets/gen_1_pokemon_learnsets.json
61,24,TM/HM,0,1,Supplied Gen-I learnset JSON,https://raw.githubusercontent.com/cRz-Shadows/Pokemon_Trainer_Tournament_Simulator/main/Data/UsefulDatasets/gen_1_pokemon_learnsets.json
61,114,TM/HM,0,1,Supplied Gen-I learnset JSON,https://raw.githubusercontent.com/cRz-Shadows/Pokemon_Trainer_Tournament_Simulator/main/Data/UsefulDatasets/gen_1_pokemon_learnsets.json
61,133,TM/HM,0,1,Supplied Gen-I learnset JSON,https://raw.githubusercontent.com/cRz-Shadows/Pokemon_Trainer_Tournament_Simulator/main/Data/UsefulDatasets/gen_1_pokemon_learnsets.json
61,38,TM/HM,0,1,Supplied Gen-I learnset JSON,https://raw.githubusercontent.com/cRz-Shadows/Pokemon_Trainer_Tournament_Simulator/main/Data/UsefulDatasets/gen_1_pokemon_learnsets.json
61,45,TM/HM,0,1,Supplied Gen-I learnset JSON,https://raw.githubusercontent.com/cRz-Shadows/Pokemon_Trainer_Tournament_Simulator/main/Data/UsefulDatasets/gen_1_pokemon_learnsets.json
61,154,TM/HM,0,1,Supplied Gen-I learnset JSON,https://raw.githubusercontent.com/cRz-Shadows/Pokemon_Trainer_Tournament_Simulator/main/Data/UsefulDatasets/gen_1_pokemon_learnsets.json
61,98,TM/HM,0,1,Supplied Gen-I learnset JSON,https://raw.githubusercontent.com/cRz-Shadows/Pokemon_Trainer_Tournament_Simulator/main/Data/UsefulDatasets/gen_1_pokemon_learnsets.json
61,101,TM/HM,0,1,Supplied Gen-I learnset JSON,https://raw.githubusercontent.com/cRz-Shadows/Pokemon_Trainer_Tournament_Simulator/main/Data/UsefulDatasets/gen_1_pokemon_learnsets.json
61,84,TM/HM,0,1,Supplied Gen-I learnset JSON,https://raw.githubusercontent.com/cRz-Shadows/Pokemon_Trainer_Tournament_Simulator/main/Data/UsefulDatasets/gen_1_pokemon_learnsets.json
61,32,TM/HM,0,1,Supplied Gen-I learnset JSON,https://raw.githubusercontent.com/cRz-Shadows/Pokemon_Trainer_Tournament_Simulator/main/Data/UsefulDatasets/gen_1_pokemon_learnsets.json
61,9,TM/HM,0,1,Supplied Gen-I learnset JSON,https://raw.githubusercontent.com/cRz-Shadows/Pokemon_Trainer_Tournament_Simulator/main/Data/UsefulDatasets/gen_1_pokemon_learnsets.json
61,83,TM/HM,0,1,Supplied Gen-I learnset JSON,https://raw.githubusercontent.com/cRz-Shadows/Pokemon_Trainer_Tournament_Simulator/main/Data/UsefulDatasets/gen_1_pokemon_learnsets.json
61,118,TM/HM,0,1,Supplied Gen-I learnset JSON,https://raw.githubusercontent.com/cRz-Shadows/Pokemon_Trainer_Tournament_Simulator/main/Data/UsefulDatasets/gen_1_pokemon_learnsets.json
61,99,TM/HM,0,1,Supplied Gen-I learnset JSON,https://raw.githubusercontent.com/cRz-Shadows/Pokemon_Trainer_Tournament_Simulator/main/Data/UsefulDatasets/gen_1_pokemon_learnsets.json
61,106,TM/HM,0,1,Supplied Gen-I learnset JSON,https://raw.githubusercontent.com/cRz-Shadows/Pokemon_Trainer_Tournament_Simulator/main/Data/UsefulDatasets/gen_1_pokemon_learnsets.json
61,138,TM/HM,0,1,Supplied Gen-I learnset JSON,https://raw.githubusercontent.com/cRz-Shadows/Pokemon_Trainer_Tournament_Simulator/main/Data/UsefulDatasets/gen_1_pokemon_learnsets.json
62,34,level-up,1,1,Supplied Gen-I learnset JSON,https://raw.githubusercontent.com/cRz-Shadows/Pokemon_Trainer_Tournament_Simulator/main/Data/UsefulDatasets/gen_1_pokemon_learnsets.json
62,160,level-up,1,1,Supplied Gen-I learnset JSON,https://raw.githubusercontent.com/cRz-Shadows/Pokemon_Trainer_Tournament_Simulator/main/Data/UsefulDatasets/gen_1_pokemon_learnsets.json
62,13,level-up,1,1,Supplied Gen-I learnset JSON,https://raw.githubusercontent.com/cRz-Shadows/Pokemon_Trainer_Tournament_Simulator/main/Data/UsefulDatasets/gen_1_pokemon_learnsets.json
62,66,level-up,1,1,Supplied Gen-I learnset JSON,https://raw.githubusercontent.com/cRz-Shadows/Pokemon_Trainer_Tournament_Simulator/main/Data/UsefulDatasets/gen_1_pokemon_learnsets.json
62,66,level-up,16,1,Supplied Gen-I learnset JSON,https://raw.githubusercontent.com/cRz-Shadows/Pokemon_Trainer_Tournament_Simulator/main/Data/UsefulDatasets/gen_1_pokemon_learnsets.json
62,160,level-up,19,1,Supplied Gen-I learnset JSON,https://raw.githubusercontent.com/cRz-Shadows/Pokemon_Trainer_Tournament_Simulator/main/Data/UsefulDatasets/gen_1_pokemon_learnsets.json
62,82,TM/HM,0,1,Supplied Gen-I learnset JSON,https://raw.githubusercontent.com/cRz-Shadows/Pokemon_Trainer_Tournament_Simulator/main/Data/UsefulDatasets/gen_1_pokemon_learnsets.json
62,81,TM/HM,0,1,Supplied Gen-I learnset JSON,https://raw.githubusercontent.com/cRz-Shadows/Pokemon_Trainer_Tournament_Simulator/main/Data/UsefulDatasets/gen_1_pokemon_learnsets.json
62,13,TM/HM,0,1,Supplied Gen-I learnset JSON,https://raw.githubusercontent.com/cRz-Shadows/Pokemon_Trainer_Tournament_Simulator/main/Data/UsefulDatasets/gen_1_pokemon_learnsets.json
62,146,TM/HM,0,1,Supplied Gen-I learnset JSON,https://raw.githubusercontent.com/cRz-Shadows/Pokemon_Trainer_Tournament_Simulator/main/Data/UsefulDatasets/gen_1_pokemon_learnsets.json
62,33,TM/HM,0,1,Supplied Gen-I learnset JSON,https://raw.githubusercontent.com/cRz-Shadows/Pokemon_Trainer_Tournament_Simulator/main/Data/UsefulDatasets/gen_1_pokemon_learnsets.json
62,160,TM/HM,0,1,Supplied Gen-I learnset JSON,https://raw.githubusercontent.com/cRz-Shadows/Pokemon_Trainer_Tournament_Simulator/main/Data/UsefulDatasets/gen_1_pokemon_learnsets.json
62,141,TM/HM,0,1,Supplied Gen-I learnset JSON,https://raw.githubusercontent.com/cRz-Shadows/Pokemon_Trainer_Tournament_Simulator/main/Data/UsefulDatasets/gen_1_pokemon_learnsets.json
62,67,TM/HM,0,1,Supplied Gen-I learnset JSON,https://raw.githubusercontent.com/cRz-Shadows/Pokemon_Trainer_Tournament_Simulator/main/Data/UsefulDatasets/gen_1_pokemon_learnsets.json
62,12,TM/HM,0,1,Supplied Gen-I learnset JSON,https://raw.githubusercontent.com/cRz-Shadows/Pokemon_Trainer_Tournament_Simulator/main/Data/UsefulDatasets/gen_1_pokemon_learnsets.json
62,17,TM/HM,0,1,Supplied Gen-I learnset JSON,https://raw.githubusercontent.com/cRz-Shadows/Pokemon_Trainer_Tournament_Simulator/main/Data/UsefulDatasets/gen_1_pokemon_learnsets.json
62,64,TM/HM,0,1,Supplied Gen-I learnset JSON,https://raw.githubusercontent.com/cRz-Shadows/Pokemon_Trainer_Tournament_Simulator/main/Data/UsefulDatasets/gen_1_pokemon_learnsets.json
62,137,TM/HM,0,1,Supplied Gen-I learnset JSON,https://raw.githubusercontent.com/cRz-Shadows/Pokemon_Trainer_Tournament_Simulator/main/Data/UsefulDatasets/gen_1_pokemon_learnsets.json
62,24,TM/HM,0,1,Supplied Gen-I learnset JSON,https://raw.githubusercontent.com/cRz-Shadows/Pokemon_Trainer_Tournament_Simulator/main/Data/UsefulDatasets/gen_1_pokemon_learnsets.json
62,114,TM/HM,0,1,Supplied Gen-I learnset JSON,https://raw.githubusercontent.com/cRz-Shadows/Pokemon_Trainer_Tournament_Simulator/main/Data/UsefulDatasets/gen_1_pokemon_learnsets.json
62,133,TM/HM,0,1,Supplied Gen-I learnset JSON,https://raw.githubusercontent.com/cRz-Shadows/Pokemon_Trainer_Tournament_Simulator/main/Data/UsefulDatasets/gen_1_pokemon_learnsets.json
62,38,TM/HM,0,1,Supplied Gen-I learnset JSON,https://raw.githubusercontent.com/cRz-Shadows/Pokemon_Trainer_Tournament_Simulator/main/Data/UsefulDatasets/gen_1_pokemon_learnsets.json
62,45,TM/HM,0,1,Supplied Gen-I learnset JSON,https://raw.githubusercontent.com/cRz-Shadows/Pokemon_Trainer_Tournament_Simulator/main/Data/UsefulDatasets/gen_1_pokemon_learnsets.json
62,154,TM/HM,0,1,Supplied Gen-I learnset JSON,https://raw.githubusercontent.com/cRz-Shadows/Pokemon_Trainer_Tournament_Simulator/main/Data/UsefulDatasets/gen_1_pokemon_learnsets.json
62,98,TM/HM,0,1,Supplied Gen-I learnset JSON,https://raw.githubusercontent.com/cRz-Shadows/Pokemon_Trainer_Tournament_Simulator/main/Data/UsefulDatasets/gen_1_pokemon_learnsets.json
62,101,TM/HM,0,1,Supplied Gen-I learnset JSON,https://raw.githubusercontent.com/cRz-Shadows/Pokemon_Trainer_Tournament_Simulator/main/Data/UsefulDatasets/gen_1_pokemon_learnsets.json
62,84,TM/HM,0,1,Supplied Gen-I learnset JSON,https://raw.githubusercontent.com/cRz-Shadows/Pokemon_Trainer_Tournament_Simulator/main/Data/UsefulDatasets/gen_1_pokemon_learnsets.json
62,32,TM/HM,0,1,Supplied Gen-I learnset JSON,https://raw.githubusercontent.com/cRz-Shadows/Pokemon_Trainer_Tournament_Simulator/main/Data/UsefulDatasets/gen_1_pokemon_learnsets.json
62,9,TM/HM,0,1,Supplied Gen-I learnset JSON,https://raw.githubusercontent.com/cRz-Shadows/Pokemon_Trainer_Tournament_Simulator/main/Data/UsefulDatasets/gen_1_pokemon_learnsets.json
62,83,TM/HM,0,1,Supplied Gen-I learnset JSON,https://raw.githubusercontent.com/cRz-Shadows/Pokemon_Trainer_Tournament_Simulator/main/Data/UsefulDatasets/gen_1_pokemon_learnsets.json
62,118,TM/HM,0,1,Supplied Gen-I learnset JSON,https://raw.githubusercontent.com/cRz-Shadows/Pokemon_Trainer_Tournament_Simulator/main/Data/UsefulDatasets/gen_1_pokemon_learnsets.json
62,99,TM/HM,0,1,Supplied Gen-I learnset JSON,https://raw.githubusercontent.com/cRz-Shadows/Pokemon_Trainer_Tournament_Simulator/main/Data/UsefulDatasets/gen_1_pokemon_learnsets.json
62,106,TM/HM,0,1,Supplied Gen-I learnset JSON,https://raw.githubusercontent.com/cRz-Shadows/Pokemon_Trainer_Tournament_Simulator/main/Data/UsefulDatasets/gen_1_pokemon_learnsets.json
62,138,TM/HM,0,1,Supplied Gen-I learnset JSON,https://raw.githubusercontent.com/cRz-Shadows/Pokemon_Trainer_Tournament_Simulator/main/Data/UsefulDatasets/gen_1_pokemon_learnsets.json
63,147,level-up,1,1,Supplied Gen-I learnset JSON,https://raw.githubusercontent.com/cRz-Shadows/Pokemon_Trainer_Tournament_Simulator/main/Data/UsefulDatasets/gen_1_pokemon_learnsets.json
63,82,TM/HM,0,1,Supplied Gen-I learnset JSON,https://raw.githubusercontent.com/cRz-Shadows/Pokemon_Trainer_Tournament_Simulator/main/Data/UsefulDatasets/gen_1_pokemon_learnsets.json
63,81,TM/HM,0,1,Supplied Gen-I learnset JSON,https://raw.githubusercontent.com/cRz-Shadows/Pokemon_Trainer_Tournament_Simulator/main/Data/UsefulDatasets/gen_1_pokemon_learnsets.json
63,13,TM/HM,0,1,Supplied Gen-I learnset JSON,https://raw.githubusercontent.com/cRz-Shadows/Pokemon_Trainer_Tournament_Simulator/main/Data/UsefulDatasets/gen_1_pokemon_learnsets.json
63,146,TM/HM,0,1,Supplied Gen-I learnset JSON,https://raw.githubusercontent.com/cRz-Shadows/Pokemon_Trainer_Tournament_Simulator/main/Data/UsefulDatasets/gen_1_pokemon_learnsets.json
63,33,TM/HM,0,1,Supplied Gen-I learnset JSON,https://raw.githubusercontent.com/cRz-Shadows/Pokemon_Trainer_Tournament_Simulator/main/Data/UsefulDatasets/gen_1_pokemon_learnsets.json
63,137,TM/HM,0,1,Supplied Gen-I learnset JSON,https://raw.githubusercontent.com/cRz-Shadows/Pokemon_Trainer_Tournament_Simulator/main/Data/UsefulDatasets/gen_1_pokemon_learnsets.json
63,24,TM/HM,0,1,Supplied Gen-I learnset JSON,https://raw.githubusercontent.com/cRz-Shadows/Pokemon_Trainer_Tournament_Simulator/main/Data/UsefulDatasets/gen_1_pokemon_learnsets.json
63,114,TM/HM,0,1,Supplied Gen-I learnset JSON,https://raw.githubusercontent.com/cRz-Shadows/Pokemon_Trainer_Tournament_Simulator/main/Data/UsefulDatasets/gen_1_pokemon_learnsets.json
63,150,TM/HM,0,1,Supplied Gen-I learnset JSON,https://raw.githubusercontent.com/cRz-Shadows/Pokemon_Trainer_Tournament_Simulator/main/Data/UsefulDatasets/gen_1_pokemon_learnsets.json
63,154,TM/HM,0,1,Supplied Gen-I learnset JSON,https://raw.githubusercontent.com/cRz-Shadows/Pokemon_Trainer_Tournament_Simulator/main/Data/UsefulDatasets/gen_1_pokemon_learnsets.json
63,98,TM/HM,0,1,Supplied Gen-I learnset JSON,https://raw.githubusercontent.com/cRz-Shadows/Pokemon_Trainer_Tournament_Simulator/main/Data/UsefulDatasets/gen_1_pokemon_learnsets.json
63,101,TM/HM,0,1,Supplied Gen-I learnset JSON,https://raw.githubusercontent.com/cRz-Shadows/Pokemon_Trainer_Tournament_Simulator/main/Data/UsefulDatasets/gen_1_pokemon_learnsets.json
63,147,TM/HM,0,1,Supplied Gen-I learnset JSON,https://raw.githubusercontent.com/cRz-Shadows/Pokemon_Trainer_Tournament_Simulator/main/Data/UsefulDatasets/gen_1_pokemon_learnsets.json
63,84,TM/HM,0,1,Supplied Gen-I learnset JSON,https://raw.githubusercontent.com/cRz-Shadows/Pokemon_Trainer_Tournament_Simulator/main/Data/UsefulDatasets/gen_1_pokemon_learnsets.json
63,32,TM/HM,0,1,Supplied Gen-I learnset JSON,https://raw.githubusercontent.com/cRz-Shadows/Pokemon_Trainer_Tournament_Simulator/main/Data/UsefulDatasets/gen_1_pokemon_learnsets.json
63,105,TM/HM,0,1,Supplied Gen-I learnset JSON,https://raw.githubusercontent.com/cRz-Shadows/Pokemon_Trainer_Tournament_Simulator/main/Data/UsefulDatasets/gen_1_pokemon_learnsets.json
63,9,TM/HM,0,1,Supplied Gen-I learnset JSON,https://raw.githubusercontent.com/cRz-Shadows/Pokemon_Trainer_Tournament_Simulator/main/Data/UsefulDatasets/gen_1_pokemon_learnsets.json
63,83,TM/HM,0,1,Supplied Gen-I learnset JSON,https://raw.githubusercontent.com/cRz-Shadows/Pokemon_Trainer_Tournament_Simulator/main/Data/UsefulDatasets/gen_1_pokemon_learnsets.json
63,118,TM/HM,0,1,Supplied Gen-I learnset JSON,https://raw.githubusercontent.com/cRz-Shadows/Pokemon_Trainer_Tournament_Simulator/main/Data/UsefulDatasets/gen_1_pokemon_learnsets.json
63,47,TM/HM,0,1,Supplied Gen-I learnset JSON,https://raw.githubusercontent.com/cRz-Shadows/Pokemon_Trainer_Tournament_Simulator/main/Data/UsefulDatasets/gen_1_pokemon_learnsets.json
63,99,TM/HM,0,1,Supplied Gen-I learnset JSON,https://raw.githubusercontent.com/cRz-Shadows/Pokemon_Trainer_Tournament_Simulator/main/Data/UsefulDatasets/gen_1_pokemon_learnsets.json
63,106,TM/HM,0,1,Supplied Gen-I learnset JSON,https://raw.githubusercontent.com/cRz-Shadows/Pokemon_Trainer_Tournament_Simulator/main/Data/UsefulDatasets/gen_1_pokemon_learnsets.json
63,156,TM/HM,0,1,Supplied Gen-I learnset JSON,https://raw.githubusercontent.com/cRz-Shadows/Pokemon_Trainer_Tournament_Simulator/main/Data/UsefulDatasets/gen_1_pokemon_learnsets.json
63,138,TM/HM,0,1,Supplied Gen-I learnset JSON,https://raw.githubusercontent.com/cRz-Shadows/Pokemon_Trainer_Tournament_Simulator/main/Data/UsefulDatasets/gen_1_pokemon_learnsets.json
64,21,level-up,1,1,Supplied Gen-I learnset JSON,https://raw.githubusercontent.com/cRz-Shadows/Pokemon_Trainer_Tournament_Simulator/main/Data/UsefulDatasets/gen_1_pokemon_learnsets.json
64,29,level-up,1,1,Supplied Gen-I learnset JSON,https://raw.githubusercontent.com/cRz-Shadows/Pokemon_Trainer_Tournament_Simulator/main/Data/UsefulDatasets/gen_1_pokemon_learnsets.json
64,147,level-up,1,1,Supplied Gen-I learnset JSON,https://raw.githubusercontent.com/cRz-Shadows/Pokemon_Trainer_Tournament_Simulator/main/Data/UsefulDatasets/gen_1_pokemon_learnsets.json
64,21,level-up,16,1,Supplied Gen-I learnset JSON,https://raw.githubusercontent.com/cRz-Shadows/Pokemon_Trainer_Tournament_Simulator/main/Data/UsefulDatasets/gen_1_pokemon_learnsets.json
64,29,level-up,20,1,Supplied Gen-I learnset JSON,https://raw.githubusercontent.com/cRz-Shadows/Pokemon_Trainer_Tournament_Simulator/main/Data/UsefulDatasets/gen_1_pokemon_learnsets.json
64,97,level-up,27,1,Supplied Gen-I learnset JSON,https://raw.githubusercontent.com/cRz-Shadows/Pokemon_Trainer_Tournament_Simulator/main/Data/UsefulDatasets/gen_1_pokemon_learnsets.json
64,104,level-up,31,1,Supplied Gen-I learnset JSON,https://raw.githubusercontent.com/cRz-Shadows/Pokemon_Trainer_Tournament_Simulator/main/Data/UsefulDatasets/gen_1_pokemon_learnsets.json
64,98,level-up,38,1,Supplied Gen-I learnset JSON,https://raw.githubusercontent.com/cRz-Shadows/Pokemon_Trainer_Tournament_Simulator/main/Data/UsefulDatasets/gen_1_pokemon_learnsets.json
64,105,level-up,42,1,Supplied Gen-I learnset JSON,https://raw.githubusercontent.com/cRz-Shadows/Pokemon_Trainer_Tournament_Simulator/main/Data/UsefulDatasets/gen_1_pokemon_learnsets.json
64,82,TM/HM,0,1,Supplied Gen-I learnset JSON,https://raw.githubusercontent.com/cRz-Shadows/Pokemon_Trainer_Tournament_Simulator/main/Data/UsefulDatasets/gen_1_pokemon_learnsets.json
64,81,TM/HM,0,1,Supplied Gen-I learnset JSON,https://raw.githubusercontent.com/cRz-Shadows/Pokemon_Trainer_Tournament_Simulator/main/Data/UsefulDatasets/gen_1_pokemon_learnsets.json
64,13,TM/HM,0,1,Supplied Gen-I learnset JSON,https://raw.githubusercontent.com/cRz-Shadows/Pokemon_Trainer_Tournament_Simulator/main/Data/UsefulDatasets/gen_1_pokemon_learnsets.json
64,146,TM/HM,0,1,Supplied Gen-I learnset JSON,https://raw.githubusercontent.com/cRz-Shadows/Pokemon_Trainer_Tournament_Simulator/main/Data/UsefulDatasets/gen_1_pokemon_learnsets.json
64,33,TM/HM,0,1,Supplied Gen-I learnset JSON,https://raw.githubusercontent.com/cRz-Shadows/Pokemon_Trainer_Tournament_Simulator/main/Data/UsefulDatasets/gen_1_pokemon_learnsets.json
64,137,TM/HM,0,1,Supplied Gen-I learnset JSON,https://raw.githubusercontent.com/cRz-Shadows/Pokemon_Trainer_Tournament_Simulator/main/Data/UsefulDatasets/gen_1_pokemon_learnsets.json
64,24,TM/HM,0,1,Supplied Gen-I learnset JSON,https://raw.githubusercontent.com/cRz-Shadows/Pokemon_Trainer_Tournament_Simulator/main/Data/UsefulDatasets/gen_1_pokemon_learnsets.json
64,114,TM/HM,0,1,Supplied Gen-I learnset JSON,https://raw.githubusercontent.com/cRz-Shadows/Pokemon_Trainer_Tournament_Simulator/main/Data/UsefulDatasets/gen_1_pokemon_learnsets.json
64,150,TM/HM,0,1,Supplied Gen-I learnset JSON,https://raw.githubusercontent.com/cRz-Shadows/Pokemon_Trainer_Tournament_Simulator/main/Data/UsefulDatasets/gen_1_pokemon_learnsets.json
64,28,TM/HM,0,1,Supplied Gen-I learnset JSON,https://raw.githubusercontent.com/cRz-Shadows/Pokemon_Trainer_Tournament_Simulator/main/Data/UsefulDatasets/gen_1_pokemon_learnsets.json
64,154,TM/HM,0,1,Supplied Gen-I learnset JSON,https://raw.githubusercontent.com/cRz-Shadows/Pokemon_Trainer_Tournament_Simulator/main/Data/UsefulDatasets/gen_1_pokemon_learnsets.json
64,98,TM/HM,0,1,Supplied Gen-I learnset JSON,https://raw.githubusercontent.com/cRz-Shadows/Pokemon_Trainer_Tournament_Simulator/main/Data/UsefulDatasets/gen_1_pokemon_learnsets.json
64,101,TM/HM,0,1,Supplied Gen-I learnset JSON,https://raw.githubusercontent.com/cRz-Shadows/Pokemon_Trainer_Tournament_Simulator/main/Data/UsefulDatasets/gen_1_pokemon_learnsets.json
64,147,TM/HM,0,1,Supplied Gen-I learnset JSON,https://raw.githubusercontent.com/cRz-Shadows/Pokemon_Trainer_Tournament_Simulator/main/Data/UsefulDatasets/gen_1_pokemon_learnsets.json
64,84,TM/HM,0,1,Supplied Gen-I learnset JSON,https://raw.githubusercontent.com/cRz-Shadows/Pokemon_Trainer_Tournament_Simulator/main/Data/UsefulDatasets/gen_1_pokemon_learnsets.json
64,32,TM/HM,0,1,Supplied Gen-I learnset JSON,https://raw.githubusercontent.com/cRz-Shadows/Pokemon_Trainer_Tournament_Simulator/main/Data/UsefulDatasets/gen_1_pokemon_learnsets.json
64,105,TM/HM,0,1,Supplied Gen-I learnset JSON,https://raw.githubusercontent.com/cRz-Shadows/Pokemon_Trainer_Tournament_Simulator/main/Data/UsefulDatasets/gen_1_pokemon_learnsets.json
64,9,TM/HM,0,1,Supplied Gen-I learnset JSON,https://raw.githubusercontent.com/cRz-Shadows/Pokemon_Trainer_Tournament_Simulator/main/Data/UsefulDatasets/gen_1_pokemon_learnsets.json
64,83,TM/HM,0,1,Supplied Gen-I learnset JSON,https://raw.githubusercontent.com/cRz-Shadows/Pokemon_Trainer_Tournament_Simulator/main/Data/UsefulDatasets/gen_1_pokemon_learnsets.json
64,118,TM/HM,0,1,Supplied Gen-I learnset JSON,https://raw.githubusercontent.com/cRz-Shadows/Pokemon_Trainer_Tournament_Simulator/main/Data/UsefulDatasets/gen_1_pokemon_learnsets.json
64,47,TM/HM,0,1,Supplied Gen-I learnset JSON,https://raw.githubusercontent.com/cRz-Shadows/Pokemon_Trainer_Tournament_Simulator/main/Data/UsefulDatasets/gen_1_pokemon_learnsets.json
64,99,TM/HM,0,1,Supplied Gen-I learnset JSON,https://raw.githubusercontent.com/cRz-Shadows/Pokemon_Trainer_Tournament_Simulator/main/Data/UsefulDatasets/gen_1_pokemon_learnsets.json
64,106,TM/HM,0,1,Supplied Gen-I learnset JSON,https://raw.githubusercontent.com/cRz-Shadows/Pokemon_Trainer_Tournament_Simulator/main/Data/UsefulDatasets/gen_1_pokemon_learnsets.json
64,156,TM/HM,0,1,Supplied Gen-I learnset JSON,https://raw.githubusercontent.com/cRz-Shadows/Pokemon_Trainer_Tournament_Simulator/main/Data/UsefulDatasets/gen_1_pokemon_learnsets.json
64,138,TM/HM,0,1,Supplied Gen-I learnset JSON,https://raw.githubusercontent.com/cRz-Shadows/Pokemon_Trainer_Tournament_Simulator/main/Data/UsefulDatasets/gen_1_pokemon_learnsets.json
65,21,level-up,1,1,Supplied Gen-I learnset JSON,https://raw.githubusercontent.com/cRz-Shadows/Pokemon_Trainer_Tournament_Simulator/main/Data/UsefulDatasets/gen_1_pokemon_learnsets.json
65,29,level-up,1,1,Supplied Gen-I learnset JSON,https://raw.githubusercontent.com/cRz-Shadows/Pokemon_Trainer_Tournament_Simulator/main/Data/UsefulDatasets/gen_1_pokemon_learnsets.json
65,147,level-up,1,1,Supplied Gen-I learnset JSON,https://raw.githubusercontent.com/cRz-Shadows/Pokemon_Trainer_Tournament_Simulator/main/Data/UsefulDatasets/gen_1_pokemon_learnsets.json
65,21,level-up,16,1,Supplied Gen-I learnset JSON,https://raw.githubusercontent.com/cRz-Shadows/Pokemon_Trainer_Tournament_Simulator/main/Data/UsefulDatasets/gen_1_pokemon_learnsets.json
65,29,level-up,20,1,Supplied Gen-I learnset JSON,https://raw.githubusercontent.com/cRz-Shadows/Pokemon_Trainer_Tournament_Simulator/main/Data/UsefulDatasets/gen_1_pokemon_learnsets.json
65,97,level-up,27,1,Supplied Gen-I learnset JSON,https://raw.githubusercontent.com/cRz-Shadows/Pokemon_Trainer_Tournament_Simulator/main/Data/UsefulDatasets/gen_1_pokemon_learnsets.json
65,104,level-up,31,1,Supplied Gen-I learnset JSON,https://raw.githubusercontent.com/cRz-Shadows/Pokemon_Trainer_Tournament_Simulator/main/Data/UsefulDatasets/gen_1_pokemon_learnsets.json
65,98,level-up,38,1,Supplied Gen-I learnset JSON,https://raw.githubusercontent.com/cRz-Shadows/Pokemon_Trainer_Tournament_Simulator/main/Data/UsefulDatasets/gen_1_pokemon_learnsets.json
65,105,level-up,42,1,Supplied Gen-I learnset JSON,https://raw.githubusercontent.com/cRz-Shadows/Pokemon_Trainer_Tournament_Simulator/main/Data/UsefulDatasets/gen_1_pokemon_learnsets.json
65,82,TM/HM,0,1,Supplied Gen-I learnset JSON,https://raw.githubusercontent.com/cRz-Shadows/Pokemon_Trainer_Tournament_Simulator/main/Data/UsefulDatasets/gen_1_pokemon_learnsets.json
65,81,TM/HM,0,1,Supplied Gen-I learnset JSON,https://raw.githubusercontent.com/cRz-Shadows/Pokemon_Trainer_Tournament_Simulator/main/Data/UsefulDatasets/gen_1_pokemon_learnsets.json
65,13,TM/HM,0,1,Supplied Gen-I learnset JSON,https://raw.githubusercontent.com/cRz-Shadows/Pokemon_Trainer_Tournament_Simulator/main/Data/UsefulDatasets/gen_1_pokemon_learnsets.json
65,146,TM/HM,0,1,Supplied Gen-I learnset JSON,https://raw.githubusercontent.com/cRz-Shadows/Pokemon_Trainer_Tournament_Simulator/main/Data/UsefulDatasets/gen_1_pokemon_learnsets.json
65,33,TM/HM,0,1,Supplied Gen-I learnset JSON,https://raw.githubusercontent.com/cRz-Shadows/Pokemon_Trainer_Tournament_Simulator/main/Data/UsefulDatasets/gen_1_pokemon_learnsets.json
65,64,TM/HM,0,1,Supplied Gen-I learnset JSON,https://raw.githubusercontent.com/cRz-Shadows/Pokemon_Trainer_Tournament_Simulator/main/Data/UsefulDatasets/gen_1_pokemon_learnsets.json
65,137,TM/HM,0,1,Supplied Gen-I learnset JSON,https://raw.githubusercontent.com/cRz-Shadows/Pokemon_Trainer_Tournament_Simulator/main/Data/UsefulDatasets/gen_1_pokemon_learnsets.json
65,24,TM/HM,0,1,Supplied Gen-I learnset JSON,https://raw.githubusercontent.com/cRz-Shadows/Pokemon_Trainer_Tournament_Simulator/main/Data/UsefulDatasets/gen_1_pokemon_learnsets.json
65,114,TM/HM,0,1,Supplied Gen-I learnset JSON,https://raw.githubusercontent.com/cRz-Shadows/Pokemon_Trainer_Tournament_Simulator/main/Data/UsefulDatasets/gen_1_pokemon_learnsets.json
65,150,TM/HM,0,1,Supplied Gen-I learnset JSON,https://raw.githubusercontent.com/cRz-Shadows/Pokemon_Trainer_Tournament_Simulator/main/Data/UsefulDatasets/gen_1_pokemon_learnsets.json
65,28,TM/HM,0,1,Supplied Gen-I learnset JSON,https://raw.githubusercontent.com/cRz-Shadows/Pokemon_Trainer_Tournament_Simulator/main/Data/UsefulDatasets/gen_1_pokemon_learnsets.json
65,154,TM/HM,0,1,Supplied Gen-I learnset JSON,https://raw.githubusercontent.com/cRz-Shadows/Pokemon_Trainer_Tournament_Simulator/main/Data/UsefulDatasets/gen_1_pokemon_learnsets.json
65,98,TM/HM,0,1,Supplied Gen-I learnset JSON,https://raw.githubusercontent.com/cRz-Shadows/Pokemon_Trainer_Tournament_Simulator/main/Data/UsefulDatasets/gen_1_pokemon_learnsets.json
65,101,TM/HM,0,1,Supplied Gen-I learnset JSON,https://raw.githubusercontent.com/cRz-Shadows/Pokemon_Trainer_Tournament_Simulator/main/Data/UsefulDatasets/gen_1_pokemon_learnsets.json
65,147,TM/HM,0,1,Supplied Gen-I learnset JSON,https://raw.githubusercontent.com/cRz-Shadows/Pokemon_Trainer_Tournament_Simulator/main/Data/UsefulDatasets/gen_1_pokemon_learnsets.json
65,84,TM/HM,0,1,Supplied Gen-I learnset JSON,https://raw.githubusercontent.com/cRz-Shadows/Pokemon_Trainer_Tournament_Simulator/main/Data/UsefulDatasets/gen_1_pokemon_learnsets.json
65,32,TM/HM,0,1,Supplied Gen-I learnset JSON,https://raw.githubusercontent.com/cRz-Shadows/Pokemon_Trainer_Tournament_Simulator/main/Data/UsefulDatasets/gen_1_pokemon_learnsets.json
65,105,TM/HM,0,1,Supplied Gen-I learnset JSON,https://raw.githubusercontent.com/cRz-Shadows/Pokemon_Trainer_Tournament_Simulator/main/Data/UsefulDatasets/gen_1_pokemon_learnsets.json
65,9,TM/HM,0,1,Supplied Gen-I learnset JSON,https://raw.githubusercontent.com/cRz-Shadows/Pokemon_Trainer_Tournament_Simulator/main/Data/UsefulDatasets/gen_1_pokemon_learnsets.json
65,83,TM/HM,0,1,Supplied Gen-I learnset JSON,https://raw.githubusercontent.com/cRz-Shadows/Pokemon_Trainer_Tournament_Simulator/main/Data/UsefulDatasets/gen_1_pokemon_learnsets.json
65,118,TM/HM,0,1,Supplied Gen-I learnset JSON,https://raw.githubusercontent.com/cRz-Shadows/Pokemon_Trainer_Tournament_Simulator/main/Data/UsefulDatasets/gen_1_pokemon_learnsets.json
65,47,TM/HM,0,1,Supplied Gen-I learnset JSON,https://raw.githubusercontent.com/cRz-Shadows/Pokemon_Trainer_Tournament_Simulator/main/Data/UsefulDatasets/gen_1_pokemon_learnsets.json
65,99,TM/HM,0,1,Supplied Gen-I learnset JSON,https://raw.githubusercontent.com/cRz-Shadows/Pokemon_Trainer_Tournament_Simulator/main/Data/UsefulDatasets/gen_1_pokemon_learnsets.json
65,106,TM/HM,0,1,Supplied Gen-I learnset JSON,https://raw.githubusercontent.com/cRz-Shadows/Pokemon_Trainer_Tournament_Simulator/main/Data/UsefulDatasets/gen_1_pokemon_learnsets.json
65,156,TM/HM,0,1,Supplied Gen-I learnset JSON,https://raw.githubusercontent.com/cRz-Shadows/Pokemon_Trainer_Tournament_Simulator/main/Data/UsefulDatasets/gen_1_pokemon_learnsets.json
65,138,TM/HM,0,1,Supplied Gen-I learnset JSON,https://raw.githubusercontent.com/cRz-Shadows/Pokemon_Trainer_Tournament_Simulator/main/Data/UsefulDatasets/gen_1_pokemon_learnsets.json
66,70,level-up,1,1,Supplied Gen-I learnset JSON,https://raw.githubusercontent.com/cRz-Shadows/Pokemon_Trainer_Tournament_Simulator/main/Data/UsefulDatasets/gen_1_pokemon_learnsets.json
66,78,level-up,20,1,Supplied Gen-I learnset JSON,https://raw.githubusercontent.com/cRz-Shadows/Pokemon_Trainer_Tournament_Simulator/main/Data/UsefulDatasets/gen_1_pokemon_learnsets.json
66,74,level-up,25,1,Supplied Gen-I learnset JSON,https://raw.githubusercontent.com/cRz-Shadows/Pokemon_Trainer_Tournament_Simulator/main/Data/UsefulDatasets/gen_1_pokemon_learnsets.json
66,49,level-up,32,1,Supplied Gen-I learnset JSON,https://raw.githubusercontent.com/cRz-Shadows/Pokemon_Trainer_Tournament_Simulator/main/Data/UsefulDatasets/gen_1_pokemon_learnsets.json
66,114,level-up,39,1,Supplied Gen-I learnset JSON,https://raw.githubusercontent.com/cRz-Shadows/Pokemon_Trainer_Tournament_Simulator/main/Data/UsefulDatasets/gen_1_pokemon_learnsets.json
66,137,level-up,46,1,Supplied Gen-I learnset JSON,https://raw.githubusercontent.com/cRz-Shadows/Pokemon_Trainer_Tournament_Simulator/main/Data/UsefulDatasets/gen_1_pokemon_learnsets.json
66,82,TM/HM,0,1,Supplied Gen-I learnset JSON,https://raw.githubusercontent.com/cRz-Shadows/Pokemon_Trainer_Tournament_Simulator/main/Data/UsefulDatasets/gen_1_pokemon_learnsets.json
66,81,TM/HM,0,1,Supplied Gen-I learnset JSON,https://raw.githubusercontent.com/cRz-Shadows/Pokemon_Trainer_Tournament_Simulator/main/Data/UsefulDatasets/gen_1_pokemon_learnsets.json
66,13,TM/HM,0,1,Supplied Gen-I learnset JSON,https://raw.githubusercontent.com/cRz-Shadows/Pokemon_Trainer_Tournament_Simulator/main/Data/UsefulDatasets/gen_1_pokemon_learnsets.json
66,146,TM/HM,0,1,Supplied Gen-I learnset JSON,https://raw.githubusercontent.com/cRz-Shadows/Pokemon_Trainer_Tournament_Simulator/main/Data/UsefulDatasets/gen_1_pokemon_learnsets.json
66,33,TM/HM,0,1,Supplied Gen-I learnset JSON,https://raw.githubusercontent.com/cRz-Shadows/Pokemon_Trainer_Tournament_Simulator/main/Data/UsefulDatasets/gen_1_pokemon_learnsets.json
66,137,TM/HM,0,1,Supplied Gen-I learnset JSON,https://raw.githubusercontent.com/cRz-Shadows/Pokemon_Trainer_Tournament_Simulator/main/Data/UsefulDatasets/gen_1_pokemon_learnsets.json
66,24,TM/HM,0,1,Supplied Gen-I learnset JSON,https://raw.githubusercontent.com/cRz-Shadows/Pokemon_Trainer_Tournament_Simulator/main/Data/UsefulDatasets/gen_1_pokemon_learnsets.json
66,114,TM/HM,0,1,Supplied Gen-I learnset JSON,https://raw.githubusercontent.com/cRz-Shadows/Pokemon_Trainer_Tournament_Simulator/main/Data/UsefulDatasets/gen_1_pokemon_learnsets.json
66,133,TM/HM,0,1,Supplied Gen-I learnset JSON,https://raw.githubusercontent.com/cRz-Shadows/Pokemon_Trainer_Tournament_Simulator/main/Data/UsefulDatasets/gen_1_pokemon_learnsets.json
66,38,TM/HM,0,1,Supplied Gen-I learnset JSON,https://raw.githubusercontent.com/cRz-Shadows/Pokemon_Trainer_Tournament_Simulator/main/Data/UsefulDatasets/gen_1_pokemon_learnsets.json
66,45,TM/HM,0,1,Supplied Gen-I learnset JSON,https://raw.githubusercontent.com/cRz-Shadows/Pokemon_Trainer_Tournament_Simulator/main/Data/UsefulDatasets/gen_1_pokemon_learnsets.json
66,28,TM/HM,0,1,Supplied Gen-I learnset JSON,https://raw.githubusercontent.com/cRz-Shadows/Pokemon_Trainer_Tournament_Simulator/main/Data/UsefulDatasets/gen_1_pokemon_learnsets.json
66,154,TM/HM,0,1,Supplied Gen-I learnset JSON,https://raw.githubusercontent.com/cRz-Shadows/Pokemon_Trainer_Tournament_Simulator/main/Data/UsefulDatasets/gen_1_pokemon_learnsets.json
66,101,TM/HM,0,1,Supplied Gen-I learnset JSON,https://raw.githubusercontent.com/cRz-Shadows/Pokemon_Trainer_Tournament_Simulator/main/Data/UsefulDatasets/gen_1_pokemon_learnsets.json
66,84,TM/HM,0,1,Supplied Gen-I learnset JSON,https://raw.githubusercontent.com/cRz-Shadows/Pokemon_Trainer_Tournament_Simulator/main/Data/UsefulDatasets/gen_1_pokemon_learnsets.json
66,32,TM/HM,0,1,Supplied Gen-I learnset JSON,https://raw.githubusercontent.com/cRz-Shadows/Pokemon_Trainer_Tournament_Simulator/main/Data/UsefulDatasets/gen_1_pokemon_learnsets.json
66,9,TM/HM,0,1,Supplied Gen-I learnset JSON,https://raw.githubusercontent.com/cRz-Shadows/Pokemon_Trainer_Tournament_Simulator/main/Data/UsefulDatasets/gen_1_pokemon_learnsets.json
66,83,TM/HM,0,1,Supplied Gen-I learnset JSON,https://raw.githubusercontent.com/cRz-Shadows/Pokemon_Trainer_Tournament_Simulator/main/Data/UsefulDatasets/gen_1_pokemon_learnsets.json
66,42,TM/HM,0,1,Supplied Gen-I learnset JSON,https://raw.githubusercontent.com/cRz-Shadows/Pokemon_Trainer_Tournament_Simulator/main/Data/UsefulDatasets/gen_1_pokemon_learnsets.json
66,118,TM/HM,0,1,Supplied Gen-I learnset JSON,https://raw.githubusercontent.com/cRz-Shadows/Pokemon_Trainer_Tournament_Simulator/main/Data/UsefulDatasets/gen_1_pokemon_learnsets.json
66,106,TM/HM,0,1,Supplied Gen-I learnset JSON,https://raw.githubusercontent.com/cRz-Shadows/Pokemon_Trainer_Tournament_Simulator/main/Data/UsefulDatasets/gen_1_pokemon_learnsets.json
66,108,TM/HM,0,1,Supplied Gen-I learnset JSON,https://raw.githubusercontent.com/cRz-Shadows/Pokemon_Trainer_Tournament_Simulator/main/Data/UsefulDatasets/gen_1_pokemon_learnsets.json
66,138,TM/HM,0,1,Supplied Gen-I learnset JSON,https://raw.githubusercontent.com/cRz-Shadows/Pokemon_Trainer_Tournament_Simulator/main/Data/UsefulDatasets/gen_1_pokemon_learnsets.json
67,70,level-up,1,1,Supplied Gen-I learnset JSON,https://raw.githubusercontent.com/cRz-Shadows/Pokemon_Trainer_Tournament_Simulator/main/Data/UsefulDatasets/gen_1_pokemon_learnsets.json
67,78,level-up,1,1,Supplied Gen-I learnset JSON,https://raw.githubusercontent.com/cRz-Shadows/Pokemon_Trainer_Tournament_Simulator/main/Data/UsefulDatasets/gen_1_pokemon_learnsets.json
67,74,level-up,1,1,Supplied Gen-I learnset JSON,https://raw.githubusercontent.com/cRz-Shadows/Pokemon_Trainer_Tournament_Simulator/main/Data/UsefulDatasets/gen_1_pokemon_learnsets.json
67,78,level-up,20,1,Supplied Gen-I learnset JSON,https://raw.githubusercontent.com/cRz-Shadows/Pokemon_Trainer_Tournament_Simulator/main/Data/UsefulDatasets/gen_1_pokemon_learnsets.json
67,74,level-up,25,1,Supplied Gen-I learnset JSON,https://raw.githubusercontent.com/cRz-Shadows/Pokemon_Trainer_Tournament_Simulator/main/Data/UsefulDatasets/gen_1_pokemon_learnsets.json
67,49,level-up,36,1,Supplied Gen-I learnset JSON,https://raw.githubusercontent.com/cRz-Shadows/Pokemon_Trainer_Tournament_Simulator/main/Data/UsefulDatasets/gen_1_pokemon_learnsets.json
67,114,level-up,44,1,Supplied Gen-I learnset JSON,https://raw.githubusercontent.com/cRz-Shadows/Pokemon_Trainer_Tournament_Simulator/main/Data/UsefulDatasets/gen_1_pokemon_learnsets.json
67,137,level-up,52,1,Supplied Gen-I learnset JSON,https://raw.githubusercontent.com/cRz-Shadows/Pokemon_Trainer_Tournament_Simulator/main/Data/UsefulDatasets/gen_1_pokemon_learnsets.json
67,82,TM/HM,0,1,Supplied Gen-I learnset JSON,https://raw.githubusercontent.com/cRz-Shadows/Pokemon_Trainer_Tournament_Simulator/main/Data/UsefulDatasets/gen_1_pokemon_learnsets.json
67,81,TM/HM,0,1,Supplied Gen-I learnset JSON,https://raw.githubusercontent.com/cRz-Shadows/Pokemon_Trainer_Tournament_Simulator/main/Data/UsefulDatasets/gen_1_pokemon_learnsets.json
67,13,TM/HM,0,1,Supplied Gen-I learnset JSON,https://raw.githubusercontent.com/cRz-Shadows/Pokemon_Trainer_Tournament_Simulator/main/Data/UsefulDatasets/gen_1_pokemon_learnsets.json
67,146,TM/HM,0,1,Supplied Gen-I learnset JSON,https://raw.githubusercontent.com/cRz-Shadows/Pokemon_Trainer_Tournament_Simulator/main/Data/UsefulDatasets/gen_1_pokemon_learnsets.json
67,33,TM/HM,0,1,Supplied Gen-I learnset JSON,https://raw.githubusercontent.com/cRz-Shadows/Pokemon_Trainer_Tournament_Simulator/main/Data/UsefulDatasets/gen_1_pokemon_learnsets.json
67,137,TM/HM,0,1,Supplied Gen-I learnset JSON,https://raw.githubusercontent.com/cRz-Shadows/Pokemon_Trainer_Tournament_Simulator/main/Data/UsefulDatasets/gen_1_pokemon_learnsets.json
67,24,TM/HM,0,1,Supplied Gen-I learnset JSON,https://raw.githubusercontent.com/cRz-Shadows/Pokemon_Trainer_Tournament_Simulator/main/Data/UsefulDatasets/gen_1_pokemon_learnsets.json
67,114,TM/HM,0,1,Supplied Gen-I learnset JSON,https://raw.githubusercontent.com/cRz-Shadows/Pokemon_Trainer_Tournament_Simulator/main/Data/UsefulDatasets/gen_1_pokemon_learnsets.json
67,133,TM/HM,0,1,Supplied Gen-I learnset JSON,https://raw.githubusercontent.com/cRz-Shadows/Pokemon_Trainer_Tournament_Simulator/main/Data/UsefulDatasets/gen_1_pokemon_learnsets.json
67,38,TM/HM,0,1,Supplied Gen-I learnset JSON,https://raw.githubusercontent.com/cRz-Shadows/Pokemon_Trainer_Tournament_Simulator/main/Data/UsefulDatasets/gen_1_pokemon_learnsets.json
67,45,TM/HM,0,1,Supplied Gen-I learnset JSON,https://raw.githubusercontent.com/cRz-Shadows/Pokemon_Trainer_Tournament_Simulator/main/Data/UsefulDatasets/gen_1_pokemon_learnsets.json
67,28,TM/HM,0,1,Supplied Gen-I learnset JSON,https://raw.githubusercontent.com/cRz-Shadows/Pokemon_Trainer_Tournament_Simulator/main/Data/UsefulDatasets/gen_1_pokemon_learnsets.json
67,154,TM/HM,0,1,Supplied Gen-I learnset JSON,https://raw.githubusercontent.com/cRz-Shadows/Pokemon_Trainer_Tournament_Simulator/main/Data/UsefulDatasets/gen_1_pokemon_learnsets.json
67,101,TM/HM,0,1,Supplied Gen-I learnset JSON,https://raw.githubusercontent.com/cRz-Shadows/Pokemon_Trainer_Tournament_Simulator/main/Data/UsefulDatasets/gen_1_pokemon_learnsets.json
67,84,TM/HM,0,1,Supplied Gen-I learnset JSON,https://raw.githubusercontent.com/cRz-Shadows/Pokemon_Trainer_Tournament_Simulator/main/Data/UsefulDatasets/gen_1_pokemon_learnsets.json
67,32,TM/HM,0,1,Supplied Gen-I learnset JSON,https://raw.githubusercontent.com/cRz-Shadows/Pokemon_Trainer_Tournament_Simulator/main/Data/UsefulDatasets/gen_1_pokemon_learnsets.json
67,9,TM/HM,0,1,Supplied Gen-I learnset JSON,https://raw.githubusercontent.com/cRz-Shadows/Pokemon_Trainer_Tournament_Simulator/main/Data/UsefulDatasets/gen_1_pokemon_learnsets.json
67,83,TM/HM,0,1,Supplied Gen-I learnset JSON,https://raw.githubusercontent.com/cRz-Shadows/Pokemon_Trainer_Tournament_Simulator/main/Data/UsefulDatasets/gen_1_pokemon_learnsets.json
67,42,TM/HM,0,1,Supplied Gen-I learnset JSON,https://raw.githubusercontent.com/cRz-Shadows/Pokemon_Trainer_Tournament_Simulator/main/Data/UsefulDatasets/gen_1_pokemon_learnsets.json
67,118,TM/HM,0,1,Supplied Gen-I learnset JSON,https://raw.githubusercontent.com/cRz-Shadows/Pokemon_Trainer_Tournament_Simulator/main/Data/UsefulDatasets/gen_1_pokemon_learnsets.json
67,106,TM/HM,0,1,Supplied Gen-I learnset JSON,https://raw.githubusercontent.com/cRz-Shadows/Pokemon_Trainer_Tournament_Simulator/main/Data/UsefulDatasets/gen_1_pokemon_learnsets.json
67,108,TM/HM,0,1,Supplied Gen-I learnset JSON,https://raw.githubusercontent.com/cRz-Shadows/Pokemon_Trainer_Tournament_Simulator/main/Data/UsefulDatasets/gen_1_pokemon_learnsets.json
67,138,TM/HM,0,1,Supplied Gen-I learnset JSON,https://raw.githubusercontent.com/cRz-Shadows/Pokemon_Trainer_Tournament_Simulator/main/Data/UsefulDatasets/gen_1_pokemon_learnsets.json
68,70,level-up,1,1,Supplied Gen-I learnset JSON,https://raw.githubusercontent.com/cRz-Shadows/Pokemon_Trainer_Tournament_Simulator/main/Data/UsefulDatasets/gen_1_pokemon_learnsets.json
68,78,level-up,1,1,Supplied Gen-I learnset JSON,https://raw.githubusercontent.com/cRz-Shadows/Pokemon_Trainer_Tournament_Simulator/main/Data/UsefulDatasets/gen_1_pokemon_learnsets.json
68,74,level-up,1,1,Supplied Gen-I learnset JSON,https://raw.githubusercontent.com/cRz-Shadows/Pokemon_Trainer_Tournament_Simulator/main/Data/UsefulDatasets/gen_1_pokemon_learnsets.json
68,78,level-up,20,1,Supplied Gen-I learnset JSON,https://raw.githubusercontent.com/cRz-Shadows/Pokemon_Trainer_Tournament_Simulator/main/Data/UsefulDatasets/gen_1_pokemon_learnsets.json
68,74,level-up,25,1,Supplied Gen-I learnset JSON,https://raw.githubusercontent.com/cRz-Shadows/Pokemon_Trainer_Tournament_Simulator/main/Data/UsefulDatasets/gen_1_pokemon_learnsets.json
68,49,level-up,36,1,Supplied Gen-I learnset JSON,https://raw.githubusercontent.com/cRz-Shadows/Pokemon_Trainer_Tournament_Simulator/main/Data/UsefulDatasets/gen_1_pokemon_learnsets.json
68,114,level-up,44,1,Supplied Gen-I learnset JSON,https://raw.githubusercontent.com/cRz-Shadows/Pokemon_Trainer_Tournament_Simulator/main/Data/UsefulDatasets/gen_1_pokemon_learnsets.json
68,137,level-up,52,1,Supplied Gen-I learnset JSON,https://raw.githubusercontent.com/cRz-Shadows/Pokemon_Trainer_Tournament_Simulator/main/Data/UsefulDatasets/gen_1_pokemon_learnsets.json
68,82,TM/HM,0,1,Supplied Gen-I learnset JSON,https://raw.githubusercontent.com/cRz-Shadows/Pokemon_Trainer_Tournament_Simulator/main/Data/UsefulDatasets/gen_1_pokemon_learnsets.json
68,81,TM/HM,0,1,Supplied Gen-I learnset JSON,https://raw.githubusercontent.com/cRz-Shadows/Pokemon_Trainer_Tournament_Simulator/main/Data/UsefulDatasets/gen_1_pokemon_learnsets.json
68,13,TM/HM,0,1,Supplied Gen-I learnset JSON,https://raw.githubusercontent.com/cRz-Shadows/Pokemon_Trainer_Tournament_Simulator/main/Data/UsefulDatasets/gen_1_pokemon_learnsets.json
68,146,TM/HM,0,1,Supplied Gen-I learnset JSON,https://raw.githubusercontent.com/cRz-Shadows/Pokemon_Trainer_Tournament_Simulator/main/Data/UsefulDatasets/gen_1_pokemon_learnsets.json
68,33,TM/HM,0,1,Supplied Gen-I learnset JSON,https://raw.githubusercontent.com/cRz-Shadows/Pokemon_Trainer_Tournament_Simulator/main/Data/UsefulDatasets/gen_1_pokemon_learnsets.json
68,64,TM/HM,0,1,Supplied Gen-I learnset JSON,https://raw.githubusercontent.com/cRz-Shadows/Pokemon_Trainer_Tournament_Simulator/main/Data/UsefulDatasets/gen_1_pokemon_learnsets.json
68,137,TM/HM,0,1,Supplied Gen-I learnset JSON,https://raw.githubusercontent.com/cRz-Shadows/Pokemon_Trainer_Tournament_Simulator/main/Data/UsefulDatasets/gen_1_pokemon_learnsets.json
68,24,TM/HM,0,1,Supplied Gen-I learnset JSON,https://raw.githubusercontent.com/cRz-Shadows/Pokemon_Trainer_Tournament_Simulator/main/Data/UsefulDatasets/gen_1_pokemon_learnsets.json
68,114,TM/HM,0,1,Supplied Gen-I learnset JSON,https://raw.githubusercontent.com/cRz-Shadows/Pokemon_Trainer_Tournament_Simulator/main/Data/UsefulDatasets/gen_1_pokemon_learnsets.json
68,133,TM/HM,0,1,Supplied Gen-I learnset JSON,https://raw.githubusercontent.com/cRz-Shadows/Pokemon_Trainer_Tournament_Simulator/main/Data/UsefulDatasets/gen_1_pokemon_learnsets.json
68,38,TM/HM,0,1,Supplied Gen-I learnset JSON,https://raw.githubusercontent.com/cRz-Shadows/Pokemon_Trainer_Tournament_Simulator/main/Data/UsefulDatasets/gen_1_pokemon_learnsets.json
68,45,TM/HM,0,1,Supplied Gen-I learnset JSON,https://raw.githubusercontent.com/cRz-Shadows/Pokemon_Trainer_Tournament_Simulator/main/Data/UsefulDatasets/gen_1_pokemon_learnsets.json
68,28,TM/HM,0,1,Supplied Gen-I learnset JSON,https://raw.githubusercontent.com/cRz-Shadows/Pokemon_Trainer_Tournament_Simulator/main/Data/UsefulDatasets/gen_1_pokemon_learnsets.json
68,154,TM/HM,0,1,Supplied Gen-I learnset JSON,https://raw.githubusercontent.com/cRz-Shadows/Pokemon_Trainer_Tournament_Simulator/main/Data/UsefulDatasets/gen_1_pokemon_learnsets.json
68,101,TM/HM,0,1,Supplied Gen-I learnset JSON,https://raw.githubusercontent.com/cRz-Shadows/Pokemon_Trainer_Tournament_Simulator/main/Data/UsefulDatasets/gen_1_pokemon_learnsets.json
68,84,TM/HM,0,1,Supplied Gen-I learnset JSON,https://raw.githubusercontent.com/cRz-Shadows/Pokemon_Trainer_Tournament_Simulator/main/Data/UsefulDatasets/gen_1_pokemon_learnsets.json
68,32,TM/HM,0,1,Supplied Gen-I learnset JSON,https://raw.githubusercontent.com/cRz-Shadows/Pokemon_Trainer_Tournament_Simulator/main/Data/UsefulDatasets/gen_1_pokemon_learnsets.json
68,9,TM/HM,0,1,Supplied Gen-I learnset JSON,https://raw.githubusercontent.com/cRz-Shadows/Pokemon_Trainer_Tournament_Simulator/main/Data/UsefulDatasets/gen_1_pokemon_learnsets.json
68,83,TM/HM,0,1,Supplied Gen-I learnset JSON,https://raw.githubusercontent.com/cRz-Shadows/Pokemon_Trainer_Tournament_Simulator/main/Data/UsefulDatasets/gen_1_pokemon_learnsets.json
68,42,TM/HM,0,1,Supplied Gen-I learnset JSON,https://raw.githubusercontent.com/cRz-Shadows/Pokemon_Trainer_Tournament_Simulator/main/Data/UsefulDatasets/gen_1_pokemon_learnsets.json
68,118,TM/HM,0,1,Supplied Gen-I learnset JSON,https://raw.githubusercontent.com/cRz-Shadows/Pokemon_Trainer_Tournament_Simulator/main/Data/UsefulDatasets/gen_1_pokemon_learnsets.json
68,106,TM/HM,0,1,Supplied Gen-I learnset JSON,https://raw.githubusercontent.com/cRz-Shadows/Pokemon_Trainer_Tournament_Simulator/main/Data/UsefulDatasets/gen_1_pokemon_learnsets.json
68,108,TM/HM,0,1,Supplied Gen-I learnset JSON,https://raw.githubusercontent.com/cRz-Shadows/Pokemon_Trainer_Tournament_Simulator/main/Data/UsefulDatasets/gen_1_pokemon_learnsets.json
68,138,TM/HM,0,1,Supplied Gen-I learnset JSON,https://raw.githubusercontent.com/cRz-Shadows/Pokemon_Trainer_Tournament_Simulator/main/Data/UsefulDatasets/gen_1_pokemon_learnsets.json
69,159,level-up,1,1,Supplied Gen-I learnset JSON,https://raw.githubusercontent.com/cRz-Shadows/Pokemon_Trainer_Tournament_Simulator/main/Data/UsefulDatasets/gen_1_pokemon_learnsets.json
69,54,level-up,1,1,Supplied Gen-I learnset JSON,https://raw.githubusercontent.com/cRz-Shadows/Pokemon_Trainer_Tournament_Simulator/main/Data/UsefulDatasets/gen_1_pokemon_learnsets.json
69,165,level-up,13,1,Supplied Gen-I learnset JSON,https://raw.githubusercontent.com/cRz-Shadows/Pokemon_Trainer_Tournament_Simulator/main/Data/UsefulDatasets/gen_1_pokemon_learnsets.json
69,95,level-up,15,1,Supplied Gen-I learnset JSON,https://raw.githubusercontent.com/cRz-Shadows/Pokemon_Trainer_Tournament_Simulator/main/Data/UsefulDatasets/gen_1_pokemon_learnsets.json
69,122,level-up,18,1,Supplied Gen-I learnset JSON,https://raw.githubusercontent.com/cRz-Shadows/Pokemon_Trainer_Tournament_Simulator/main/Data/UsefulDatasets/gen_1_pokemon_learnsets.json
69,136,level-up,21,1,Supplied Gen-I learnset JSON,https://raw.githubusercontent.com/cRz-Shadows/Pokemon_Trainer_Tournament_Simulator/main/Data/UsefulDatasets/gen_1_pokemon_learnsets.json
69,2,level-up,26,1,Supplied Gen-I learnset JSON,https://raw.githubusercontent.com/cRz-Shadows/Pokemon_Trainer_Tournament_Simulator/main/Data/UsefulDatasets/gen_1_pokemon_learnsets.json
69,102,level-up,33,1,Supplied Gen-I learnset JSON,https://raw.githubusercontent.com/cRz-Shadows/Pokemon_Trainer_Tournament_Simulator/main/Data/UsefulDatasets/gen_1_pokemon_learnsets.json
69,120,level-up,42,1,Supplied Gen-I learnset JSON,https://raw.githubusercontent.com/cRz-Shadows/Pokemon_Trainer_Tournament_Simulator/main/Data/UsefulDatasets/gen_1_pokemon_learnsets.json
69,143,TM/HM,0,1,Supplied Gen-I learnset JSON,https://raw.githubusercontent.com/cRz-Shadows/Pokemon_Trainer_Tournament_Simulator/main/Data/UsefulDatasets/gen_1_pokemon_learnsets.json
69,26,TM/HM,0,1,Supplied Gen-I learnset JSON,https://raw.githubusercontent.com/cRz-Shadows/Pokemon_Trainer_Tournament_Simulator/main/Data/UsefulDatasets/gen_1_pokemon_learnsets.json
69,146,TM/HM,0,1,Supplied Gen-I learnset JSON,https://raw.githubusercontent.com/cRz-Shadows/Pokemon_Trainer_Tournament_Simulator/main/Data/UsefulDatasets/gen_1_pokemon_learnsets.json
69,33,TM/HM,0,1,Supplied Gen-I learnset JSON,https://raw.githubusercontent.com/cRz-Shadows/Pokemon_Trainer_Tournament_Simulator/main/Data/UsefulDatasets/gen_1_pokemon_learnsets.json
69,80,TM/HM,0,1,Supplied Gen-I learnset JSON,https://raw.githubusercontent.com/cRz-Shadows/Pokemon_Trainer_Tournament_Simulator/main/Data/UsefulDatasets/gen_1_pokemon_learnsets.json
69,127,TM/HM,0,1,Supplied Gen-I learnset JSON,https://raw.githubusercontent.com/cRz-Shadows/Pokemon_Trainer_Tournament_Simulator/main/Data/UsefulDatasets/gen_1_pokemon_learnsets.json
69,154,TM/HM,0,1,Supplied Gen-I learnset JSON,https://raw.githubusercontent.com/cRz-Shadows/Pokemon_Trainer_Tournament_Simulator/main/Data/UsefulDatasets/gen_1_pokemon_learnsets.json
69,101,TM/HM,0,1,Supplied Gen-I learnset JSON,https://raw.githubusercontent.com/cRz-Shadows/Pokemon_Trainer_Tournament_Simulator/main/Data/UsefulDatasets/gen_1_pokemon_learnsets.json
69,84,TM/HM,0,1,Supplied Gen-I learnset JSON,https://raw.githubusercontent.com/cRz-Shadows/Pokemon_Trainer_Tournament_Simulator/main/Data/UsefulDatasets/gen_1_pokemon_learnsets.json
69,32,TM/HM,0,1,Supplied Gen-I learnset JSON,https://raw.githubusercontent.com/cRz-Shadows/Pokemon_Trainer_Tournament_Simulator/main/Data/UsefulDatasets/gen_1_pokemon_learnsets.json
69,105,TM/HM,0,1,Supplied Gen-I learnset JSON,https://raw.githubusercontent.com/cRz-Shadows/Pokemon_Trainer_Tournament_Simulator/main/Data/UsefulDatasets/gen_1_pokemon_learnsets.json
69,9,TM/HM,0,1,Supplied Gen-I learnset JSON,https://raw.githubusercontent.com/cRz-Shadows/Pokemon_Trainer_Tournament_Simulator/main/Data/UsefulDatasets/gen_1_pokemon_learnsets.json
69,106,TM/HM,0,1,Supplied Gen-I learnset JSON,https://raw.githubusercontent.com/cRz-Shadows/Pokemon_Trainer_Tournament_Simulator/main/Data/UsefulDatasets/gen_1_pokemon_learnsets.json
69,138,TM/HM,0,1,Supplied Gen-I learnset JSON,https://raw.githubusercontent.com/cRz-Shadows/Pokemon_Trainer_Tournament_Simulator/main/Data/UsefulDatasets/gen_1_pokemon_learnsets.json
70,165,level-up,1,1,Supplied Gen-I learnset JSON,https://raw.githubusercontent.com/cRz-Shadows/Pokemon_Trainer_Tournament_Simulator/main/Data/UsefulDatasets/gen_1_pokemon_learnsets.json
70,159,level-up,1,1,Supplied Gen-I learnset JSON,https://raw.githubusercontent.com/cRz-Shadows/Pokemon_Trainer_Tournament_Simulator/main/Data/UsefulDatasets/gen_1_pokemon_learnsets.json
70,54,level-up,1,1,Supplied Gen-I learnset JSON,https://raw.githubusercontent.com/cRz-Shadows/Pokemon_Trainer_Tournament_Simulator/main/Data/UsefulDatasets/gen_1_pokemon_learnsets.json
70,165,level-up,13,1,Supplied Gen-I learnset JSON,https://raw.githubusercontent.com/cRz-Shadows/Pokemon_Trainer_Tournament_Simulator/main/Data/UsefulDatasets/gen_1_pokemon_learnsets.json
70,95,level-up,15,1,Supplied Gen-I learnset JSON,https://raw.githubusercontent.com/cRz-Shadows/Pokemon_Trainer_Tournament_Simulator/main/Data/UsefulDatasets/gen_1_pokemon_learnsets.json
70,122,level-up,18,1,Supplied Gen-I learnset JSON,https://raw.githubusercontent.com/cRz-Shadows/Pokemon_Trainer_Tournament_Simulator/main/Data/UsefulDatasets/gen_1_pokemon_learnsets.json
70,136,level-up,23,1,Supplied Gen-I learnset JSON,https://raw.githubusercontent.com/cRz-Shadows/Pokemon_Trainer_Tournament_Simulator/main/Data/UsefulDatasets/gen_1_pokemon_learnsets.json
70,2,level-up,29,1,Supplied Gen-I learnset JSON,https://raw.githubusercontent.com/cRz-Shadows/Pokemon_Trainer_Tournament_Simulator/main/Data/UsefulDatasets/gen_1_pokemon_learnsets.json
70,102,level-up,38,1,Supplied Gen-I learnset JSON,https://raw.githubusercontent.com/cRz-Shadows/Pokemon_Trainer_Tournament_Simulator/main/Data/UsefulDatasets/gen_1_pokemon_learnsets.json
70,120,level-up,49,1,Supplied Gen-I learnset JSON,https://raw.githubusercontent.com/cRz-Shadows/Pokemon_Trainer_Tournament_Simulator/main/Data/UsefulDatasets/gen_1_pokemon_learnsets.json
70,143,TM/HM,0,1,Supplied Gen-I learnset JSON,https://raw.githubusercontent.com/cRz-Shadows/Pokemon_Trainer_Tournament_Simulator/main/Data/UsefulDatasets/gen_1_pokemon_learnsets.json
70,26,TM/HM,0,1,Supplied Gen-I learnset JSON,https://raw.githubusercontent.com/cRz-Shadows/Pokemon_Trainer_Tournament_Simulator/main/Data/UsefulDatasets/gen_1_pokemon_learnsets.json
70,146,TM/HM,0,1,Supplied Gen-I learnset JSON,https://raw.githubusercontent.com/cRz-Shadows/Pokemon_Trainer_Tournament_Simulator/main/Data/UsefulDatasets/gen_1_pokemon_learnsets.json
70,33,TM/HM,0,1,Supplied Gen-I learnset JSON,https://raw.githubusercontent.com/cRz-Shadows/Pokemon_Trainer_Tournament_Simulator/main/Data/UsefulDatasets/gen_1_pokemon_learnsets.json
70,80,TM/HM,0,1,Supplied Gen-I learnset JSON,https://raw.githubusercontent.com/cRz-Shadows/Pokemon_Trainer_Tournament_Simulator/main/Data/UsefulDatasets/gen_1_pokemon_learnsets.json
70,127,TM/HM,0,1,Supplied Gen-I learnset JSON,https://raw.githubusercontent.com/cRz-Shadows/Pokemon_Trainer_Tournament_Simulator/main/Data/UsefulDatasets/gen_1_pokemon_learnsets.json
70,154,TM/HM,0,1,Supplied Gen-I learnset JSON,https://raw.githubusercontent.com/cRz-Shadows/Pokemon_Trainer_Tournament_Simulator/main/Data/UsefulDatasets/gen_1_pokemon_learnsets.json
70,101,TM/HM,0,1,Supplied Gen-I learnset JSON,https://raw.githubusercontent.com/cRz-Shadows/Pokemon_Trainer_Tournament_Simulator/main/Data/UsefulDatasets/gen_1_pokemon_learnsets.json
70,84,TM/HM,0,1,Supplied Gen-I learnset JSON,https://raw.githubusercontent.com/cRz-Shadows/Pokemon_Trainer_Tournament_Simulator/main/Data/UsefulDatasets/gen_1_pokemon_learnsets.json
70,32,TM/HM,0,1,Supplied Gen-I learnset JSON,https://raw.githubusercontent.com/cRz-Shadows/Pokemon_Trainer_Tournament_Simulator/main/Data/UsefulDatasets/gen_1_pokemon_learnsets.json
70,105,TM/HM,0,1,Supplied Gen-I learnset JSON,https://raw.githubusercontent.com/cRz-Shadows/Pokemon_Trainer_Tournament_Simulator/main/Data/UsefulDatasets/gen_1_pokemon_learnsets.json
70,9,TM/HM,0,1,Supplied Gen-I learnset JSON,https://raw.githubusercontent.com/cRz-Shadows/Pokemon_Trainer_Tournament_Simulator/main/Data/UsefulDatasets/gen_1_pokemon_learnsets.json
70,106,TM/HM,0,1,Supplied Gen-I learnset JSON,https://raw.githubusercontent.com/cRz-Shadows/Pokemon_Trainer_Tournament_Simulator/main/Data/UsefulDatasets/gen_1_pokemon_learnsets.json
70,138,TM/HM,0,1,Supplied Gen-I learnset JSON,https://raw.githubusercontent.com/cRz-Shadows/Pokemon_Trainer_Tournament_Simulator/main/Data/UsefulDatasets/gen_1_pokemon_learnsets.json
71,2,level-up,1,1,Supplied Gen-I learnset JSON,https://raw.githubusercontent.com/cRz-Shadows/Pokemon_Trainer_Tournament_Simulator/main/Data/UsefulDatasets/gen_1_pokemon_learnsets.json
71,102,level-up,1,1,Supplied Gen-I learnset JSON,https://raw.githubusercontent.com/cRz-Shadows/Pokemon_Trainer_Tournament_Simulator/main/Data/UsefulDatasets/gen_1_pokemon_learnsets.json
71,136,level-up,1,1,Supplied Gen-I learnset JSON,https://raw.githubusercontent.com/cRz-Shadows/Pokemon_Trainer_Tournament_Simulator/main/Data/UsefulDatasets/gen_1_pokemon_learnsets.json
71,122,level-up,1,1,Supplied Gen-I learnset JSON,https://raw.githubusercontent.com/cRz-Shadows/Pokemon_Trainer_Tournament_Simulator/main/Data/UsefulDatasets/gen_1_pokemon_learnsets.json
71,165,level-up,13,1,Supplied Gen-I learnset JSON,https://raw.githubusercontent.com/cRz-Shadows/Pokemon_Trainer_Tournament_Simulator/main/Data/UsefulDatasets/gen_1_pokemon_learnsets.json
71,95,level-up,15,1,Supplied Gen-I learnset JSON,https://raw.githubusercontent.com/cRz-Shadows/Pokemon_Trainer_Tournament_Simulator/main/Data/UsefulDatasets/gen_1_pokemon_learnsets.json
71,122,level-up,18,1,Supplied Gen-I learnset JSON,https://raw.githubusercontent.com/cRz-Shadows/Pokemon_Trainer_Tournament_Simulator/main/Data/UsefulDatasets/gen_1_pokemon_learnsets.json
71,143,TM/HM,0,1,Supplied Gen-I learnset JSON,https://raw.githubusercontent.com/cRz-Shadows/Pokemon_Trainer_Tournament_Simulator/main/Data/UsefulDatasets/gen_1_pokemon_learnsets.json
71,26,TM/HM,0,1,Supplied Gen-I learnset JSON,https://raw.githubusercontent.com/cRz-Shadows/Pokemon_Trainer_Tournament_Simulator/main/Data/UsefulDatasets/gen_1_pokemon_learnsets.json
71,13,TM/HM,0,1,Supplied Gen-I learnset JSON,https://raw.githubusercontent.com/cRz-Shadows/Pokemon_Trainer_Tournament_Simulator/main/Data/UsefulDatasets/gen_1_pokemon_learnsets.json
71,146,TM/HM,0,1,Supplied Gen-I learnset JSON,https://raw.githubusercontent.com/cRz-Shadows/Pokemon_Trainer_Tournament_Simulator/main/Data/UsefulDatasets/gen_1_pokemon_learnsets.json
71,33,TM/HM,0,1,Supplied Gen-I learnset JSON,https://raw.githubusercontent.com/cRz-Shadows/Pokemon_Trainer_Tournament_Simulator/main/Data/UsefulDatasets/gen_1_pokemon_learnsets.json
71,64,TM/HM,0,1,Supplied Gen-I learnset JSON,https://raw.githubusercontent.com/cRz-Shadows/Pokemon_Trainer_Tournament_Simulator/main/Data/UsefulDatasets/gen_1_pokemon_learnsets.json
71,80,TM/HM,0,1,Supplied Gen-I learnset JSON,https://raw.githubusercontent.com/cRz-Shadows/Pokemon_Trainer_Tournament_Simulator/main/Data/UsefulDatasets/gen_1_pokemon_learnsets.json
71,127,TM/HM,0,1,Supplied Gen-I learnset JSON,https://raw.githubusercontent.com/cRz-Shadows/Pokemon_Trainer_Tournament_Simulator/main/Data/UsefulDatasets/gen_1_pokemon_learnsets.json
71,154,TM/HM,0,1,Supplied Gen-I learnset JSON,https://raw.githubusercontent.com/cRz-Shadows/Pokemon_Trainer_Tournament_Simulator/main/Data/UsefulDatasets/gen_1_pokemon_learnsets.json
71,101,TM/HM,0,1,Supplied Gen-I learnset JSON,https://raw.githubusercontent.com/cRz-Shadows/Pokemon_Trainer_Tournament_Simulator/main/Data/UsefulDatasets/gen_1_pokemon_learnsets.json
71,84,TM/HM,0,1,Supplied Gen-I learnset JSON,https://raw.githubusercontent.com/cRz-Shadows/Pokemon_Trainer_Tournament_Simulator/main/Data/UsefulDatasets/gen_1_pokemon_learnsets.json
71,32,TM/HM,0,1,Supplied Gen-I learnset JSON,https://raw.githubusercontent.com/cRz-Shadows/Pokemon_Trainer_Tournament_Simulator/main/Data/UsefulDatasets/gen_1_pokemon_learnsets.json
71,105,TM/HM,0,1,Supplied Gen-I learnset JSON,https://raw.githubusercontent.com/cRz-Shadows/Pokemon_Trainer_Tournament_Simulator/main/Data/UsefulDatasets/gen_1_pokemon_learnsets.json
71,9,TM/HM,0,1,Supplied Gen-I learnset JSON,https://raw.githubusercontent.com/cRz-Shadows/Pokemon_Trainer_Tournament_Simulator/main/Data/UsefulDatasets/gen_1_pokemon_learnsets.json
71,106,TM/HM,0,1,Supplied Gen-I learnset JSON,https://raw.githubusercontent.com/cRz-Shadows/Pokemon_Trainer_Tournament_Simulator/main/Data/UsefulDatasets/gen_1_pokemon_learnsets.json
71,138,TM/HM,0,1,Supplied Gen-I learnset JSON,https://raw.githubusercontent.com/cRz-Shadows/Pokemon_Trainer_Tournament_Simulator/main/Data/UsefulDatasets/gen_1_pokemon_learnsets.json
72,2,level-up,1,1,Supplied Gen-I learnset JSON,https://raw.githubusercontent.com/cRz-Shadows/Pokemon_Trainer_Tournament_Simulator/main/Data/UsefulDatasets/gen_1_pokemon_learnsets.json
72,140,level-up,7,1,Supplied Gen-I learnset JSON,https://raw.githubusercontent.com/cRz-Shadows/Pokemon_Trainer_Tournament_Simulator/main/Data/UsefulDatasets/gen_1_pokemon_learnsets.json
72,165,level-up,13,1,Supplied Gen-I learnset JSON,https://raw.githubusercontent.com/cRz-Shadows/Pokemon_Trainer_Tournament_Simulator/main/Data/UsefulDatasets/gen_1_pokemon_learnsets.json
72,94,level-up,18,1,Supplied Gen-I learnset JSON,https://raw.githubusercontent.com/cRz-Shadows/Pokemon_Trainer_Tournament_Simulator/main/Data/UsefulDatasets/gen_1_pokemon_learnsets.json
72,160,level-up,22,1,Supplied Gen-I learnset JSON,https://raw.githubusercontent.com/cRz-Shadows/Pokemon_Trainer_Tournament_Simulator/main/Data/UsefulDatasets/gen_1_pokemon_learnsets.json
72,22,level-up,27,1,Supplied Gen-I learnset JSON,https://raw.githubusercontent.com/cRz-Shadows/Pokemon_Trainer_Tournament_Simulator/main/Data/UsefulDatasets/gen_1_pokemon_learnsets.json
72,8,level-up,33,1,Supplied Gen-I learnset JSON,https://raw.githubusercontent.com/cRz-Shadows/Pokemon_Trainer_Tournament_Simulator/main/Data/UsefulDatasets/gen_1_pokemon_learnsets.json
72,113,level-up,40,1,Supplied Gen-I learnset JSON,https://raw.githubusercontent.com/cRz-Shadows/Pokemon_Trainer_Tournament_Simulator/main/Data/UsefulDatasets/gen_1_pokemon_learnsets.json
72,63,level-up,48,1,Supplied Gen-I learnset JSON,https://raw.githubusercontent.com/cRz-Shadows/Pokemon_Trainer_Tournament_Simulator/main/Data/UsefulDatasets/gen_1_pokemon_learnsets.json
72,143,TM/HM,0,1,Supplied Gen-I learnset JSON,https://raw.githubusercontent.com/cRz-Shadows/Pokemon_Trainer_Tournament_Simulator/main/Data/UsefulDatasets/gen_1_pokemon_learnsets.json
72,26,TM/HM,0,1,Supplied Gen-I learnset JSON,https://raw.githubusercontent.com/cRz-Shadows/Pokemon_Trainer_Tournament_Simulator/main/Data/UsefulDatasets/gen_1_pokemon_learnsets.json
72,146,TM/HM,0,1,Supplied Gen-I learnset JSON,https://raw.githubusercontent.com/cRz-Shadows/Pokemon_Trainer_Tournament_Simulator/main/Data/UsefulDatasets/gen_1_pokemon_learnsets.json
72,33,TM/HM,0,1,Supplied Gen-I learnset JSON,https://raw.githubusercontent.com/cRz-Shadows/Pokemon_Trainer_Tournament_Simulator/main/Data/UsefulDatasets/gen_1_pokemon_learnsets.json
72,160,TM/HM,0,1,Supplied Gen-I learnset JSON,https://raw.githubusercontent.com/cRz-Shadows/Pokemon_Trainer_Tournament_Simulator/main/Data/UsefulDatasets/gen_1_pokemon_learnsets.json
72,141,TM/HM,0,1,Supplied Gen-I learnset JSON,https://raw.githubusercontent.com/cRz-Shadows/Pokemon_Trainer_Tournament_Simulator/main/Data/UsefulDatasets/gen_1_pokemon_learnsets.json
72,67,TM/HM,0,1,Supplied Gen-I learnset JSON,https://raw.githubusercontent.com/cRz-Shadows/Pokemon_Trainer_Tournament_Simulator/main/Data/UsefulDatasets/gen_1_pokemon_learnsets.json
72,12,TM/HM,0,1,Supplied Gen-I learnset JSON,https://raw.githubusercontent.com/cRz-Shadows/Pokemon_Trainer_Tournament_Simulator/main/Data/UsefulDatasets/gen_1_pokemon_learnsets.json
72,17,TM/HM,0,1,Supplied Gen-I learnset JSON,https://raw.githubusercontent.com/cRz-Shadows/Pokemon_Trainer_Tournament_Simulator/main/Data/UsefulDatasets/gen_1_pokemon_learnsets.json
72,80,TM/HM,0,1,Supplied Gen-I learnset JSON,https://raw.githubusercontent.com/cRz-Shadows/Pokemon_Trainer_Tournament_Simulator/main/Data/UsefulDatasets/gen_1_pokemon_learnsets.json
72,154,TM/HM,0,1,Supplied Gen-I learnset JSON,https://raw.githubusercontent.com/cRz-Shadows/Pokemon_Trainer_Tournament_Simulator/main/Data/UsefulDatasets/gen_1_pokemon_learnsets.json
72,101,TM/HM,0,1,Supplied Gen-I learnset JSON,https://raw.githubusercontent.com/cRz-Shadows/Pokemon_Trainer_Tournament_Simulator/main/Data/UsefulDatasets/gen_1_pokemon_learnsets.json
72,84,TM/HM,0,1,Supplied Gen-I learnset JSON,https://raw.githubusercontent.com/cRz-Shadows/Pokemon_Trainer_Tournament_Simulator/main/Data/UsefulDatasets/gen_1_pokemon_learnsets.json
72,32,TM/HM,0,1,Supplied Gen-I learnset JSON,https://raw.githubusercontent.com/cRz-Shadows/Pokemon_Trainer_Tournament_Simulator/main/Data/UsefulDatasets/gen_1_pokemon_learnsets.json
72,105,TM/HM,0,1,Supplied Gen-I learnset JSON,https://raw.githubusercontent.com/cRz-Shadows/Pokemon_Trainer_Tournament_Simulator/main/Data/UsefulDatasets/gen_1_pokemon_learnsets.json
72,9,TM/HM,0,1,Supplied Gen-I learnset JSON,https://raw.githubusercontent.com/cRz-Shadows/Pokemon_Trainer_Tournament_Simulator/main/Data/UsefulDatasets/gen_1_pokemon_learnsets.json
72,118,TM/HM,0,1,Supplied Gen-I learnset JSON,https://raw.githubusercontent.com/cRz-Shadows/Pokemon_Trainer_Tournament_Simulator/main/Data/UsefulDatasets/gen_1_pokemon_learnsets.json
72,106,TM/HM,0,1,Supplied Gen-I learnset JSON,https://raw.githubusercontent.com/cRz-Shadows/Pokemon_Trainer_Tournament_Simulator/main/Data/UsefulDatasets/gen_1_pokemon_learnsets.json
72,138,TM/HM,0,1,Supplied Gen-I learnset JSON,https://raw.githubusercontent.com/cRz-Shadows/Pokemon_Trainer_Tournament_Simulator/main/Data/UsefulDatasets/gen_1_pokemon_learnsets.json
73,165,level-up,1,1,Supplied Gen-I learnset JSON,https://raw.githubusercontent.com/cRz-Shadows/Pokemon_Trainer_Tournament_Simulator/main/Data/UsefulDatasets/gen_1_pokemon_learnsets.json
73,2,level-up,1,1,Supplied Gen-I learnset JSON,https://raw.githubusercontent.com/cRz-Shadows/Pokemon_Trainer_Tournament_Simulator/main/Data/UsefulDatasets/gen_1_pokemon_learnsets.json
73,140,level-up,1,1,Supplied Gen-I learnset JSON,https://raw.githubusercontent.com/cRz-Shadows/Pokemon_Trainer_Tournament_Simulator/main/Data/UsefulDatasets/gen_1_pokemon_learnsets.json
73,140,level-up,7,1,Supplied Gen-I learnset JSON,https://raw.githubusercontent.com/cRz-Shadows/Pokemon_Trainer_Tournament_Simulator/main/Data/UsefulDatasets/gen_1_pokemon_learnsets.json
73,165,level-up,13,1,Supplied Gen-I learnset JSON,https://raw.githubusercontent.com/cRz-Shadows/Pokemon_Trainer_Tournament_Simulator/main/Data/UsefulDatasets/gen_1_pokemon_learnsets.json
73,94,level-up,18,1,Supplied Gen-I learnset JSON,https://raw.githubusercontent.com/cRz-Shadows/Pokemon_Trainer_Tournament_Simulator/main/Data/UsefulDatasets/gen_1_pokemon_learnsets.json
73,160,level-up,22,1,Supplied Gen-I learnset JSON,https://raw.githubusercontent.com/cRz-Shadows/Pokemon_Trainer_Tournament_Simulator/main/Data/UsefulDatasets/gen_1_pokemon_learnsets.json
73,22,level-up,27,1,Supplied Gen-I learnset JSON,https://raw.githubusercontent.com/cRz-Shadows/Pokemon_Trainer_Tournament_Simulator/main/Data/UsefulDatasets/gen_1_pokemon_learnsets.json
73,8,level-up,35,1,Supplied Gen-I learnset JSON,https://raw.githubusercontent.com/cRz-Shadows/Pokemon_Trainer_Tournament_Simulator/main/Data/UsefulDatasets/gen_1_pokemon_learnsets.json
73,113,level-up,43,1,Supplied Gen-I learnset JSON,https://raw.githubusercontent.com/cRz-Shadows/Pokemon_Trainer_Tournament_Simulator/main/Data/UsefulDatasets/gen_1_pokemon_learnsets.json
73,63,level-up,50,1,Supplied Gen-I learnset JSON,https://raw.githubusercontent.com/cRz-Shadows/Pokemon_Trainer_Tournament_Simulator/main/Data/UsefulDatasets/gen_1_pokemon_learnsets.json
73,143,TM/HM,0,1,Supplied Gen-I learnset JSON,https://raw.githubusercontent.com/cRz-Shadows/Pokemon_Trainer_Tournament_Simulator/main/Data/UsefulDatasets/gen_1_pokemon_learnsets.json
73,26,TM/HM,0,1,Supplied Gen-I learnset JSON,https://raw.githubusercontent.com/cRz-Shadows/Pokemon_Trainer_Tournament_Simulator/main/Data/UsefulDatasets/gen_1_pokemon_learnsets.json
73,146,TM/HM,0,1,Supplied Gen-I learnset JSON,https://raw.githubusercontent.com/cRz-Shadows/Pokemon_Trainer_Tournament_Simulator/main/Data/UsefulDatasets/gen_1_pokemon_learnsets.json
73,33,TM/HM,0,1,Supplied Gen-I learnset JSON,https://raw.githubusercontent.com/cRz-Shadows/Pokemon_Trainer_Tournament_Simulator/main/Data/UsefulDatasets/gen_1_pokemon_learnsets.json
73,160,TM/HM,0,1,Supplied Gen-I learnset JSON,https://raw.githubusercontent.com/cRz-Shadows/Pokemon_Trainer_Tournament_Simulator/main/Data/UsefulDatasets/gen_1_pokemon_learnsets.json
73,141,TM/HM,0,1,Supplied Gen-I learnset JSON,https://raw.githubusercontent.com/cRz-Shadows/Pokemon_Trainer_Tournament_Simulator/main/Data/UsefulDatasets/gen_1_pokemon_learnsets.json
73,67,TM/HM,0,1,Supplied Gen-I learnset JSON,https://raw.githubusercontent.com/cRz-Shadows/Pokemon_Trainer_Tournament_Simulator/main/Data/UsefulDatasets/gen_1_pokemon_learnsets.json
73,12,TM/HM,0,1,Supplied Gen-I learnset JSON,https://raw.githubusercontent.com/cRz-Shadows/Pokemon_Trainer_Tournament_Simulator/main/Data/UsefulDatasets/gen_1_pokemon_learnsets.json
73,17,TM/HM,0,1,Supplied Gen-I learnset JSON,https://raw.githubusercontent.com/cRz-Shadows/Pokemon_Trainer_Tournament_Simulator/main/Data/UsefulDatasets/gen_1_pokemon_learnsets.json
73,64,TM/HM,0,1,Supplied Gen-I learnset JSON,https://raw.githubusercontent.com/cRz-Shadows/Pokemon_Trainer_Tournament_Simulator/main/Data/UsefulDatasets/gen_1_pokemon_learnsets.json
73,80,TM/HM,0,1,Supplied Gen-I learnset JSON,https://raw.githubusercontent.com/cRz-Shadows/Pokemon_Trainer_Tournament_Simulator/main/Data/UsefulDatasets/gen_1_pokemon_learnsets.json
73,154,TM/HM,0,1,Supplied Gen-I learnset JSON,https://raw.githubusercontent.com/cRz-Shadows/Pokemon_Trainer_Tournament_Simulator/main/Data/UsefulDatasets/gen_1_pokemon_learnsets.json
73,101,TM/HM,0,1,Supplied Gen-I learnset JSON,https://raw.githubusercontent.com/cRz-Shadows/Pokemon_Trainer_Tournament_Simulator/main/Data/UsefulDatasets/gen_1_pokemon_learnsets.json
73,84,TM/HM,0,1,Supplied Gen-I learnset JSON,https://raw.githubusercontent.com/cRz-Shadows/Pokemon_Trainer_Tournament_Simulator/main/Data/UsefulDatasets/gen_1_pokemon_learnsets.json
73,32,TM/HM,0,1,Supplied Gen-I learnset JSON,https://raw.githubusercontent.com/cRz-Shadows/Pokemon_Trainer_Tournament_Simulator/main/Data/UsefulDatasets/gen_1_pokemon_learnsets.json
73,105,TM/HM,0,1,Supplied Gen-I learnset JSON,https://raw.githubusercontent.com/cRz-Shadows/Pokemon_Trainer_Tournament_Simulator/main/Data/UsefulDatasets/gen_1_pokemon_learnsets.json
73,9,TM/HM,0,1,Supplied Gen-I learnset JSON,https://raw.githubusercontent.com/cRz-Shadows/Pokemon_Trainer_Tournament_Simulator/main/Data/UsefulDatasets/gen_1_pokemon_learnsets.json
73,118,TM/HM,0,1,Supplied Gen-I learnset JSON,https://raw.githubusercontent.com/cRz-Shadows/Pokemon_Trainer_Tournament_Simulator/main/Data/UsefulDatasets/gen_1_pokemon_learnsets.json
73,106,TM/HM,0,1,Supplied Gen-I learnset JSON,https://raw.githubusercontent.com/cRz-Shadows/Pokemon_Trainer_Tournament_Simulator/main/Data/UsefulDatasets/gen_1_pokemon_learnsets.json
73,138,TM/HM,0,1,Supplied Gen-I learnset JSON,https://raw.githubusercontent.com/cRz-Shadows/Pokemon_Trainer_Tournament_Simulator/main/Data/UsefulDatasets/gen_1_pokemon_learnsets.json
74,144,level-up,1,1,Supplied Gen-I learnset JSON,https://raw.githubusercontent.com/cRz-Shadows/Pokemon_Trainer_Tournament_Simulator/main/Data/UsefulDatasets/gen_1_pokemon_learnsets.json
74,27,level-up,11,1,Supplied Gen-I learnset JSON,https://raw.githubusercontent.com/cRz-Shadows/Pokemon_Trainer_Tournament_Simulator/main/Data/UsefulDatasets/gen_1_pokemon_learnsets.json
74,109,level-up,16,1,Supplied Gen-I learnset JSON,https://raw.githubusercontent.com/cRz-Shadows/Pokemon_Trainer_Tournament_Simulator/main/Data/UsefulDatasets/gen_1_pokemon_learnsets.json
74,115,level-up,21,1,Supplied Gen-I learnset JSON,https://raw.githubusercontent.com/cRz-Shadows/Pokemon_Trainer_Tournament_Simulator/main/Data/UsefulDatasets/gen_1_pokemon_learnsets.json
74,57,level-up,26,1,Supplied Gen-I learnset JSON,https://raw.githubusercontent.com/cRz-Shadows/Pokemon_Trainer_Tournament_Simulator/main/Data/UsefulDatasets/gen_1_pokemon_learnsets.json
74,38,level-up,31,1,Supplied Gen-I learnset JSON,https://raw.githubusercontent.com/cRz-Shadows/Pokemon_Trainer_Tournament_Simulator/main/Data/UsefulDatasets/gen_1_pokemon_learnsets.json
74,41,level-up,36,1,Supplied Gen-I learnset JSON,https://raw.githubusercontent.com/cRz-Shadows/Pokemon_Trainer_Tournament_Simulator/main/Data/UsefulDatasets/gen_1_pokemon_learnsets.json
74,82,TM/HM,0,1,Supplied Gen-I learnset JSON,https://raw.githubusercontent.com/cRz-Shadows/Pokemon_Trainer_Tournament_Simulator/main/Data/UsefulDatasets/gen_1_pokemon_learnsets.json
74,13,TM/HM,0,1,Supplied Gen-I learnset JSON,https://raw.githubusercontent.com/cRz-Shadows/Pokemon_Trainer_Tournament_Simulator/main/Data/UsefulDatasets/gen_1_pokemon_learnsets.json
74,146,TM/HM,0,1,Supplied Gen-I learnset JSON,https://raw.githubusercontent.com/cRz-Shadows/Pokemon_Trainer_Tournament_Simulator/main/Data/UsefulDatasets/gen_1_pokemon_learnsets.json
74,33,TM/HM,0,1,Supplied Gen-I learnset JSON,https://raw.githubusercontent.com/cRz-Shadows/Pokemon_Trainer_Tournament_Simulator/main/Data/UsefulDatasets/gen_1_pokemon_learnsets.json
74,137,TM/HM,0,1,Supplied Gen-I learnset JSON,https://raw.githubusercontent.com/cRz-Shadows/Pokemon_Trainer_Tournament_Simulator/main/Data/UsefulDatasets/gen_1_pokemon_learnsets.json
74,24,TM/HM,0,1,Supplied Gen-I learnset JSON,https://raw.githubusercontent.com/cRz-Shadows/Pokemon_Trainer_Tournament_Simulator/main/Data/UsefulDatasets/gen_1_pokemon_learnsets.json
74,114,TM/HM,0,1,Supplied Gen-I learnset JSON,https://raw.githubusercontent.com/cRz-Shadows/Pokemon_Trainer_Tournament_Simulator/main/Data/UsefulDatasets/gen_1_pokemon_learnsets.json
74,133,TM/HM,0,1,Supplied Gen-I learnset JSON,https://raw.githubusercontent.com/cRz-Shadows/Pokemon_Trainer_Tournament_Simulator/main/Data/UsefulDatasets/gen_1_pokemon_learnsets.json
74,38,TM/HM,0,1,Supplied Gen-I learnset JSON,https://raw.githubusercontent.com/cRz-Shadows/Pokemon_Trainer_Tournament_Simulator/main/Data/UsefulDatasets/gen_1_pokemon_learnsets.json
74,45,TM/HM,0,1,Supplied Gen-I learnset JSON,https://raw.githubusercontent.com/cRz-Shadows/Pokemon_Trainer_Tournament_Simulator/main/Data/UsefulDatasets/gen_1_pokemon_learnsets.json
74,28,TM/HM,0,1,Supplied Gen-I learnset JSON,https://raw.githubusercontent.com/cRz-Shadows/Pokemon_Trainer_Tournament_Simulator/main/Data/UsefulDatasets/gen_1_pokemon_learnsets.json
74,154,TM/HM,0,1,Supplied Gen-I learnset JSON,https://raw.githubusercontent.com/cRz-Shadows/Pokemon_Trainer_Tournament_Simulator/main/Data/UsefulDatasets/gen_1_pokemon_learnsets.json
74,101,TM/HM,0,1,Supplied Gen-I learnset JSON,https://raw.githubusercontent.com/cRz-Shadows/Pokemon_Trainer_Tournament_Simulator/main/Data/UsefulDatasets/gen_1_pokemon_learnsets.json
74,84,TM/HM,0,1,Supplied Gen-I learnset JSON,https://raw.githubusercontent.com/cRz-Shadows/Pokemon_Trainer_Tournament_Simulator/main/Data/UsefulDatasets/gen_1_pokemon_learnsets.json
74,32,TM/HM,0,1,Supplied Gen-I learnset JSON,https://raw.githubusercontent.com/cRz-Shadows/Pokemon_Trainer_Tournament_Simulator/main/Data/UsefulDatasets/gen_1_pokemon_learnsets.json
74,9,TM/HM,0,1,Supplied Gen-I learnset JSON,https://raw.githubusercontent.com/cRz-Shadows/Pokemon_Trainer_Tournament_Simulator/main/Data/UsefulDatasets/gen_1_pokemon_learnsets.json
74,83,TM/HM,0,1,Supplied Gen-I learnset JSON,https://raw.githubusercontent.com/cRz-Shadows/Pokemon_Trainer_Tournament_Simulator/main/Data/UsefulDatasets/gen_1_pokemon_learnsets.json
74,115,TM/HM,0,1,Supplied Gen-I learnset JSON,https://raw.githubusercontent.com/cRz-Shadows/Pokemon_Trainer_Tournament_Simulator/main/Data/UsefulDatasets/gen_1_pokemon_learnsets.json
74,42,TM/HM,0,1,Supplied Gen-I learnset JSON,https://raw.githubusercontent.com/cRz-Shadows/Pokemon_Trainer_Tournament_Simulator/main/Data/UsefulDatasets/gen_1_pokemon_learnsets.json
74,41,TM/HM,0,1,Supplied Gen-I learnset JSON,https://raw.githubusercontent.com/cRz-Shadows/Pokemon_Trainer_Tournament_Simulator/main/Data/UsefulDatasets/gen_1_pokemon_learnsets.json
74,106,TM/HM,0,1,Supplied Gen-I learnset JSON,https://raw.githubusercontent.com/cRz-Shadows/Pokemon_Trainer_Tournament_Simulator/main/Data/UsefulDatasets/gen_1_pokemon_learnsets.json
74,108,TM/HM,0,1,Supplied Gen-I learnset JSON,https://raw.githubusercontent.com/cRz-Shadows/Pokemon_Trainer_Tournament_Simulator/main/Data/UsefulDatasets/gen_1_pokemon_learnsets.json
74,138,TM/HM,0,1,Supplied Gen-I learnset JSON,https://raw.githubusercontent.com/cRz-Shadows/Pokemon_Trainer_Tournament_Simulator/main/Data/UsefulDatasets/gen_1_pokemon_learnsets.json
75,144,level-up,1,1,Supplied Gen-I learnset JSON,https://raw.githubusercontent.com/cRz-Shadows/Pokemon_Trainer_Tournament_Simulator/main/Data/UsefulDatasets/gen_1_pokemon_learnsets.json
75,27,level-up,1,1,Supplied Gen-I learnset JSON,https://raw.githubusercontent.com/cRz-Shadows/Pokemon_Trainer_Tournament_Simulator/main/Data/UsefulDatasets/gen_1_pokemon_learnsets.json
75,27,level-up,11,1,Supplied Gen-I learnset JSON,https://raw.githubusercontent.com/cRz-Shadows/Pokemon_Trainer_Tournament_Simulator/main/Data/UsefulDatasets/gen_1_pokemon_learnsets.json
75,109,level-up,16,1,Supplied Gen-I learnset JSON,https://raw.githubusercontent.com/cRz-Shadows/Pokemon_Trainer_Tournament_Simulator/main/Data/UsefulDatasets/gen_1_pokemon_learnsets.json
75,115,level-up,21,1,Supplied Gen-I learnset JSON,https://raw.githubusercontent.com/cRz-Shadows/Pokemon_Trainer_Tournament_Simulator/main/Data/UsefulDatasets/gen_1_pokemon_learnsets.json
75,57,level-up,29,1,Supplied Gen-I learnset JSON,https://raw.githubusercontent.com/cRz-Shadows/Pokemon_Trainer_Tournament_Simulator/main/Data/UsefulDatasets/gen_1_pokemon_learnsets.json
75,38,level-up,36,1,Supplied Gen-I learnset JSON,https://raw.githubusercontent.com/cRz-Shadows/Pokemon_Trainer_Tournament_Simulator/main/Data/UsefulDatasets/gen_1_pokemon_learnsets.json
75,41,level-up,43,1,Supplied Gen-I learnset JSON,https://raw.githubusercontent.com/cRz-Shadows/Pokemon_Trainer_Tournament_Simulator/main/Data/UsefulDatasets/gen_1_pokemon_learnsets.json
75,82,TM/HM,0,1,Supplied Gen-I learnset JSON,https://raw.githubusercontent.com/cRz-Shadows/Pokemon_Trainer_Tournament_Simulator/main/Data/UsefulDatasets/gen_1_pokemon_learnsets.json
75,13,TM/HM,0,1,Supplied Gen-I learnset JSON,https://raw.githubusercontent.com/cRz-Shadows/Pokemon_Trainer_Tournament_Simulator/main/Data/UsefulDatasets/gen_1_pokemon_learnsets.json
75,146,TM/HM,0,1,Supplied Gen-I learnset JSON,https://raw.githubusercontent.com/cRz-Shadows/Pokemon_Trainer_Tournament_Simulator/main/Data/UsefulDatasets/gen_1_pokemon_learnsets.json
75,33,TM/HM,0,1,Supplied Gen-I learnset JSON,https://raw.githubusercontent.com/cRz-Shadows/Pokemon_Trainer_Tournament_Simulator/main/Data/UsefulDatasets/gen_1_pokemon_learnsets.json
75,137,TM/HM,0,1,Supplied Gen-I learnset JSON,https://raw.githubusercontent.com/cRz-Shadows/Pokemon_Trainer_Tournament_Simulator/main/Data/UsefulDatasets/gen_1_pokemon_learnsets.json
75,24,TM/HM,0,1,Supplied Gen-I learnset JSON,https://raw.githubusercontent.com/cRz-Shadows/Pokemon_Trainer_Tournament_Simulator/main/Data/UsefulDatasets/gen_1_pokemon_learnsets.json
75,114,TM/HM,0,1,Supplied Gen-I learnset JSON,https://raw.githubusercontent.com/cRz-Shadows/Pokemon_Trainer_Tournament_Simulator/main/Data/UsefulDatasets/gen_1_pokemon_learnsets.json
75,133,TM/HM,0,1,Supplied Gen-I learnset JSON,https://raw.githubusercontent.com/cRz-Shadows/Pokemon_Trainer_Tournament_Simulator/main/Data/UsefulDatasets/gen_1_pokemon_learnsets.json
75,38,TM/HM,0,1,Supplied Gen-I learnset JSON,https://raw.githubusercontent.com/cRz-Shadows/Pokemon_Trainer_Tournament_Simulator/main/Data/UsefulDatasets/gen_1_pokemon_learnsets.json
75,45,TM/HM,0,1,Supplied Gen-I learnset JSON,https://raw.githubusercontent.com/cRz-Shadows/Pokemon_Trainer_Tournament_Simulator/main/Data/UsefulDatasets/gen_1_pokemon_learnsets.json
75,28,TM/HM,0,1,Supplied Gen-I learnset JSON,https://raw.githubusercontent.com/cRz-Shadows/Pokemon_Trainer_Tournament_Simulator/main/Data/UsefulDatasets/gen_1_pokemon_learnsets.json
75,154,TM/HM,0,1,Supplied Gen-I learnset JSON,https://raw.githubusercontent.com/cRz-Shadows/Pokemon_Trainer_Tournament_Simulator/main/Data/UsefulDatasets/gen_1_pokemon_learnsets.json
75,101,TM/HM,0,1,Supplied Gen-I learnset JSON,https://raw.githubusercontent.com/cRz-Shadows/Pokemon_Trainer_Tournament_Simulator/main/Data/UsefulDatasets/gen_1_pokemon_learnsets.json
75,84,TM/HM,0,1,Supplied Gen-I learnset JSON,https://raw.githubusercontent.com/cRz-Shadows/Pokemon_Trainer_Tournament_Simulator/main/Data/UsefulDatasets/gen_1_pokemon_learnsets.json
75,32,TM/HM,0,1,Supplied Gen-I learnset JSON,https://raw.githubusercontent.com/cRz-Shadows/Pokemon_Trainer_Tournament_Simulator/main/Data/UsefulDatasets/gen_1_pokemon_learnsets.json
75,9,TM/HM,0,1,Supplied Gen-I learnset JSON,https://raw.githubusercontent.com/cRz-Shadows/Pokemon_Trainer_Tournament_Simulator/main/Data/UsefulDatasets/gen_1_pokemon_learnsets.json
75,83,TM/HM,0,1,Supplied Gen-I learnset JSON,https://raw.githubusercontent.com/cRz-Shadows/Pokemon_Trainer_Tournament_Simulator/main/Data/UsefulDatasets/gen_1_pokemon_learnsets.json
75,115,TM/HM,0,1,Supplied Gen-I learnset JSON,https://raw.githubusercontent.com/cRz-Shadows/Pokemon_Trainer_Tournament_Simulator/main/Data/UsefulDatasets/gen_1_pokemon_learnsets.json
75,42,TM/HM,0,1,Supplied Gen-I learnset JSON,https://raw.githubusercontent.com/cRz-Shadows/Pokemon_Trainer_Tournament_Simulator/main/Data/UsefulDatasets/gen_1_pokemon_learnsets.json
75,41,TM/HM,0,1,Supplied Gen-I learnset JSON,https://raw.githubusercontent.com/cRz-Shadows/Pokemon_Trainer_Tournament_Simulator/main/Data/UsefulDatasets/gen_1_pokemon_learnsets.json
75,106,TM/HM,0,1,Supplied Gen-I learnset JSON,https://raw.githubusercontent.com/cRz-Shadows/Pokemon_Trainer_Tournament_Simulator/main/Data/UsefulDatasets/gen_1_pokemon_learnsets.json
75,108,TM/HM,0,1,Supplied Gen-I learnset JSON,https://raw.githubusercontent.com/cRz-Shadows/Pokemon_Trainer_Tournament_Simulator/main/Data/UsefulDatasets/gen_1_pokemon_learnsets.json
75,138,TM/HM,0,1,Supplied Gen-I learnset JSON,https://raw.githubusercontent.com/cRz-Shadows/Pokemon_Trainer_Tournament_Simulator/main/Data/UsefulDatasets/gen_1_pokemon_learnsets.json
76,144,level-up,1,1,Supplied Gen-I learnset JSON,https://raw.githubusercontent.com/cRz-Shadows/Pokemon_Trainer_Tournament_Simulator/main/Data/UsefulDatasets/gen_1_pokemon_learnsets.json
76,27,level-up,1,1,Supplied Gen-I learnset JSON,https://raw.githubusercontent.com/cRz-Shadows/Pokemon_Trainer_Tournament_Simulator/main/Data/UsefulDatasets/gen_1_pokemon_learnsets.json
76,27,level-up,11,1,Supplied Gen-I learnset JSON,https://raw.githubusercontent.com/cRz-Shadows/Pokemon_Trainer_Tournament_Simulator/main/Data/UsefulDatasets/gen_1_pokemon_learnsets.json
76,109,level-up,16,1,Supplied Gen-I learnset JSON,https://raw.githubusercontent.com/cRz-Shadows/Pokemon_Trainer_Tournament_Simulator/main/Data/UsefulDatasets/gen_1_pokemon_learnsets.json
76,115,level-up,21,1,Supplied Gen-I learnset JSON,https://raw.githubusercontent.com/cRz-Shadows/Pokemon_Trainer_Tournament_Simulator/main/Data/UsefulDatasets/gen_1_pokemon_learnsets.json
76,57,level-up,29,1,Supplied Gen-I learnset JSON,https://raw.githubusercontent.com/cRz-Shadows/Pokemon_Trainer_Tournament_Simulator/main/Data/UsefulDatasets/gen_1_pokemon_learnsets.json
76,38,level-up,36,1,Supplied Gen-I learnset JSON,https://raw.githubusercontent.com/cRz-Shadows/Pokemon_Trainer_Tournament_Simulator/main/Data/UsefulDatasets/gen_1_pokemon_learnsets.json
76,41,level-up,43,1,Supplied Gen-I learnset JSON,https://raw.githubusercontent.com/cRz-Shadows/Pokemon_Trainer_Tournament_Simulator/main/Data/UsefulDatasets/gen_1_pokemon_learnsets.json
76,82,TM/HM,0,1,Supplied Gen-I learnset JSON,https://raw.githubusercontent.com/cRz-Shadows/Pokemon_Trainer_Tournament_Simulator/main/Data/UsefulDatasets/gen_1_pokemon_learnsets.json
76,81,TM/HM,0,1,Supplied Gen-I learnset JSON,https://raw.githubusercontent.com/cRz-Shadows/Pokemon_Trainer_Tournament_Simulator/main/Data/UsefulDatasets/gen_1_pokemon_learnsets.json
76,13,TM/HM,0,1,Supplied Gen-I learnset JSON,https://raw.githubusercontent.com/cRz-Shadows/Pokemon_Trainer_Tournament_Simulator/main/Data/UsefulDatasets/gen_1_pokemon_learnsets.json
76,146,TM/HM,0,1,Supplied Gen-I learnset JSON,https://raw.githubusercontent.com/cRz-Shadows/Pokemon_Trainer_Tournament_Simulator/main/Data/UsefulDatasets/gen_1_pokemon_learnsets.json
76,33,TM/HM,0,1,Supplied Gen-I learnset JSON,https://raw.githubusercontent.com/cRz-Shadows/Pokemon_Trainer_Tournament_Simulator/main/Data/UsefulDatasets/gen_1_pokemon_learnsets.json
76,64,TM/HM,0,1,Supplied Gen-I learnset JSON,https://raw.githubusercontent.com/cRz-Shadows/Pokemon_Trainer_Tournament_Simulator/main/Data/UsefulDatasets/gen_1_pokemon_learnsets.json
76,137,TM/HM,0,1,Supplied Gen-I learnset JSON,https://raw.githubusercontent.com/cRz-Shadows/Pokemon_Trainer_Tournament_Simulator/main/Data/UsefulDatasets/gen_1_pokemon_learnsets.json
76,24,TM/HM,0,1,Supplied Gen-I learnset JSON,https://raw.githubusercontent.com/cRz-Shadows/Pokemon_Trainer_Tournament_Simulator/main/Data/UsefulDatasets/gen_1_pokemon_learnsets.json
76,114,TM/HM,0,1,Supplied Gen-I learnset JSON,https://raw.githubusercontent.com/cRz-Shadows/Pokemon_Trainer_Tournament_Simulator/main/Data/UsefulDatasets/gen_1_pokemon_learnsets.json
76,133,TM/HM,0,1,Supplied Gen-I learnset JSON,https://raw.githubusercontent.com/cRz-Shadows/Pokemon_Trainer_Tournament_Simulator/main/Data/UsefulDatasets/gen_1_pokemon_learnsets.json
76,38,TM/HM,0,1,Supplied Gen-I learnset JSON,https://raw.githubusercontent.com/cRz-Shadows/Pokemon_Trainer_Tournament_Simulator/main/Data/UsefulDatasets/gen_1_pokemon_learnsets.json
76,45,TM/HM,0,1,Supplied Gen-I learnset JSON,https://raw.githubusercontent.com/cRz-Shadows/Pokemon_Trainer_Tournament_Simulator/main/Data/UsefulDatasets/gen_1_pokemon_learnsets.json
76,28,TM/HM,0,1,Supplied Gen-I learnset JSON,https://raw.githubusercontent.com/cRz-Shadows/Pokemon_Trainer_Tournament_Simulator/main/Data/UsefulDatasets/gen_1_pokemon_learnsets.json
76,154,TM/HM,0,1,Supplied Gen-I learnset JSON,https://raw.githubusercontent.com/cRz-Shadows/Pokemon_Trainer_Tournament_Simulator/main/Data/UsefulDatasets/gen_1_pokemon_learnsets.json
76,101,TM/HM,0,1,Supplied Gen-I learnset JSON,https://raw.githubusercontent.com/cRz-Shadows/Pokemon_Trainer_Tournament_Simulator/main/Data/UsefulDatasets/gen_1_pokemon_learnsets.json
76,84,TM/HM,0,1,Supplied Gen-I learnset JSON,https://raw.githubusercontent.com/cRz-Shadows/Pokemon_Trainer_Tournament_Simulator/main/Data/UsefulDatasets/gen_1_pokemon_learnsets.json
76,32,TM/HM,0,1,Supplied Gen-I learnset JSON,https://raw.githubusercontent.com/cRz-Shadows/Pokemon_Trainer_Tournament_Simulator/main/Data/UsefulDatasets/gen_1_pokemon_learnsets.json
76,9,TM/HM,0,1,Supplied Gen-I learnset JSON,https://raw.githubusercontent.com/cRz-Shadows/Pokemon_Trainer_Tournament_Simulator/main/Data/UsefulDatasets/gen_1_pokemon_learnsets.json
76,83,TM/HM,0,1,Supplied Gen-I learnset JSON,https://raw.githubusercontent.com/cRz-Shadows/Pokemon_Trainer_Tournament_Simulator/main/Data/UsefulDatasets/gen_1_pokemon_learnsets.json
76,115,TM/HM,0,1,Supplied Gen-I learnset JSON,https://raw.githubusercontent.com/cRz-Shadows/Pokemon_Trainer_Tournament_Simulator/main/Data/UsefulDatasets/gen_1_pokemon_learnsets.json
76,42,TM/HM,0,1,Supplied Gen-I learnset JSON,https://raw.githubusercontent.com/cRz-Shadows/Pokemon_Trainer_Tournament_Simulator/main/Data/UsefulDatasets/gen_1_pokemon_learnsets.json
76,41,TM/HM,0,1,Supplied Gen-I learnset JSON,https://raw.githubusercontent.com/cRz-Shadows/Pokemon_Trainer_Tournament_Simulator/main/Data/UsefulDatasets/gen_1_pokemon_learnsets.json
76,106,TM/HM,0,1,Supplied Gen-I learnset JSON,https://raw.githubusercontent.com/cRz-Shadows/Pokemon_Trainer_Tournament_Simulator/main/Data/UsefulDatasets/gen_1_pokemon_learnsets.json
76,108,TM/HM,0,1,Supplied Gen-I learnset JSON,https://raw.githubusercontent.com/cRz-Shadows/Pokemon_Trainer_Tournament_Simulator/main/Data/UsefulDatasets/gen_1_pokemon_learnsets.json
76,138,TM/HM,0,1,Supplied Gen-I learnset JSON,https://raw.githubusercontent.com/cRz-Shadows/Pokemon_Trainer_Tournament_Simulator/main/Data/UsefulDatasets/gen_1_pokemon_learnsets.json
77,40,level-up,1,1,Supplied Gen-I learnset JSON,https://raw.githubusercontent.com/cRz-Shadows/Pokemon_Trainer_Tournament_Simulator/main/Data/UsefulDatasets/gen_1_pokemon_learnsets.json
77,145,level-up,30,1,Supplied Gen-I learnset JSON,https://raw.githubusercontent.com/cRz-Shadows/Pokemon_Trainer_Tournament_Simulator/main/Data/UsefulDatasets/gen_1_pokemon_learnsets.json
77,132,level-up,32,1,Supplied Gen-I learnset JSON,https://raw.githubusercontent.com/cRz-Shadows/Pokemon_Trainer_Tournament_Simulator/main/Data/UsefulDatasets/gen_1_pokemon_learnsets.json
77,53,level-up,35,1,Supplied Gen-I learnset JSON,https://raw.githubusercontent.com/cRz-Shadows/Pokemon_Trainer_Tournament_Simulator/main/Data/UsefulDatasets/gen_1_pokemon_learnsets.json
77,44,level-up,39,1,Supplied Gen-I learnset JSON,https://raw.githubusercontent.com/cRz-Shadows/Pokemon_Trainer_Tournament_Simulator/main/Data/UsefulDatasets/gen_1_pokemon_learnsets.json
77,146,level-up,43,1,Supplied Gen-I learnset JSON,https://raw.githubusercontent.com/cRz-Shadows/Pokemon_Trainer_Tournament_Simulator/main/Data/UsefulDatasets/gen_1_pokemon_learnsets.json
77,4,level-up,48,1,Supplied Gen-I learnset JSON,https://raw.githubusercontent.com/cRz-Shadows/Pokemon_Trainer_Tournament_Simulator/main/Data/UsefulDatasets/gen_1_pokemon_learnsets.json
77,62,TM/HM,0,1,Supplied Gen-I learnset JSON,https://raw.githubusercontent.com/cRz-Shadows/Pokemon_Trainer_Tournament_Simulator/main/Data/UsefulDatasets/gen_1_pokemon_learnsets.json
77,13,TM/HM,0,1,Supplied Gen-I learnset JSON,https://raw.githubusercontent.com/cRz-Shadows/Pokemon_Trainer_Tournament_Simulator/main/Data/UsefulDatasets/gen_1_pokemon_learnsets.json
77,146,TM/HM,0,1,Supplied Gen-I learnset JSON,https://raw.githubusercontent.com/cRz-Shadows/Pokemon_Trainer_Tournament_Simulator/main/Data/UsefulDatasets/gen_1_pokemon_learnsets.json
77,33,TM/HM,0,1,Supplied Gen-I learnset JSON,https://raw.githubusercontent.com/cRz-Shadows/Pokemon_Trainer_Tournament_Simulator/main/Data/UsefulDatasets/gen_1_pokemon_learnsets.json
77,154,TM/HM,0,1,Supplied Gen-I learnset JSON,https://raw.githubusercontent.com/cRz-Shadows/Pokemon_Trainer_Tournament_Simulator/main/Data/UsefulDatasets/gen_1_pokemon_learnsets.json
77,101,TM/HM,0,1,Supplied Gen-I learnset JSON,https://raw.githubusercontent.com/cRz-Shadows/Pokemon_Trainer_Tournament_Simulator/main/Data/UsefulDatasets/gen_1_pokemon_learnsets.json
77,84,TM/HM,0,1,Supplied Gen-I learnset JSON,https://raw.githubusercontent.com/cRz-Shadows/Pokemon_Trainer_Tournament_Simulator/main/Data/UsefulDatasets/gen_1_pokemon_learnsets.json
77,32,TM/HM,0,1,Supplied Gen-I learnset JSON,https://raw.githubusercontent.com/cRz-Shadows/Pokemon_Trainer_Tournament_Simulator/main/Data/UsefulDatasets/gen_1_pokemon_learnsets.json
77,105,TM/HM,0,1,Supplied Gen-I learnset JSON,https://raw.githubusercontent.com/cRz-Shadows/Pokemon_Trainer_Tournament_Simulator/main/Data/UsefulDatasets/gen_1_pokemon_learnsets.json
77,9,TM/HM,0,1,Supplied Gen-I learnset JSON,https://raw.githubusercontent.com/cRz-Shadows/Pokemon_Trainer_Tournament_Simulator/main/Data/UsefulDatasets/gen_1_pokemon_learnsets.json
77,42,TM/HM,0,1,Supplied Gen-I learnset JSON,https://raw.githubusercontent.com/cRz-Shadows/Pokemon_Trainer_Tournament_Simulator/main/Data/UsefulDatasets/gen_1_pokemon_learnsets.json
77,142,TM/HM,0,1,Supplied Gen-I learnset JSON,https://raw.githubusercontent.com/cRz-Shadows/Pokemon_Trainer_Tournament_Simulator/main/Data/UsefulDatasets/gen_1_pokemon_learnsets.json
77,118,TM/HM,0,1,Supplied Gen-I learnset JSON,https://raw.githubusercontent.com/cRz-Shadows/Pokemon_Trainer_Tournament_Simulator/main/Data/UsefulDatasets/gen_1_pokemon_learnsets.json
77,106,TM/HM,0,1,Supplied Gen-I learnset JSON,https://raw.githubusercontent.com/cRz-Shadows/Pokemon_Trainer_Tournament_Simulator/main/Data/UsefulDatasets/gen_1_pokemon_learnsets.json
77,138,TM/HM,0,1,Supplied Gen-I learnset JSON,https://raw.githubusercontent.com/cRz-Shadows/Pokemon_Trainer_Tournament_Simulator/main/Data/UsefulDatasets/gen_1_pokemon_learnsets.json
78,40,level-up,1,1,Supplied Gen-I learnset JSON,https://raw.githubusercontent.com/cRz-Shadows/Pokemon_Trainer_Tournament_Simulator/main/Data/UsefulDatasets/gen_1_pokemon_learnsets.json
78,132,level-up,1,1,Supplied Gen-I learnset JSON,https://raw.githubusercontent.com/cRz-Shadows/Pokemon_Trainer_Tournament_Simulator/main/Data/UsefulDatasets/gen_1_pokemon_learnsets.json
78,145,level-up,1,1,Supplied Gen-I learnset JSON,https://raw.githubusercontent.com/cRz-Shadows/Pokemon_Trainer_Tournament_Simulator/main/Data/UsefulDatasets/gen_1_pokemon_learnsets.json
78,53,level-up,1,1,Supplied Gen-I learnset JSON,https://raw.githubusercontent.com/cRz-Shadows/Pokemon_Trainer_Tournament_Simulator/main/Data/UsefulDatasets/gen_1_pokemon_learnsets.json
78,145,level-up,30,1,Supplied Gen-I learnset JSON,https://raw.githubusercontent.com/cRz-Shadows/Pokemon_Trainer_Tournament_Simulator/main/Data/UsefulDatasets/gen_1_pokemon_learnsets.json
78,132,level-up,32,1,Supplied Gen-I learnset JSON,https://raw.githubusercontent.com/cRz-Shadows/Pokemon_Trainer_Tournament_Simulator/main/Data/UsefulDatasets/gen_1_pokemon_learnsets.json
78,53,level-up,35,1,Supplied Gen-I learnset JSON,https://raw.githubusercontent.com/cRz-Shadows/Pokemon_Trainer_Tournament_Simulator/main/Data/UsefulDatasets/gen_1_pokemon_learnsets.json
78,44,level-up,39,1,Supplied Gen-I learnset JSON,https://raw.githubusercontent.com/cRz-Shadows/Pokemon_Trainer_Tournament_Simulator/main/Data/UsefulDatasets/gen_1_pokemon_learnsets.json
78,146,level-up,47,1,Supplied Gen-I learnset JSON,https://raw.githubusercontent.com/cRz-Shadows/Pokemon_Trainer_Tournament_Simulator/main/Data/UsefulDatasets/gen_1_pokemon_learnsets.json
78,4,level-up,55,1,Supplied Gen-I learnset JSON,https://raw.githubusercontent.com/cRz-Shadows/Pokemon_Trainer_Tournament_Simulator/main/Data/UsefulDatasets/gen_1_pokemon_learnsets.json
78,62,TM/HM,0,1,Supplied Gen-I learnset JSON,https://raw.githubusercontent.com/cRz-Shadows/Pokemon_Trainer_Tournament_Simulator/main/Data/UsefulDatasets/gen_1_pokemon_learnsets.json
78,13,TM/HM,0,1,Supplied Gen-I learnset JSON,https://raw.githubusercontent.com/cRz-Shadows/Pokemon_Trainer_Tournament_Simulator/main/Data/UsefulDatasets/gen_1_pokemon_learnsets.json
78,146,TM/HM,0,1,Supplied Gen-I learnset JSON,https://raw.githubusercontent.com/cRz-Shadows/Pokemon_Trainer_Tournament_Simulator/main/Data/UsefulDatasets/gen_1_pokemon_learnsets.json
78,33,TM/HM,0,1,Supplied Gen-I learnset JSON,https://raw.githubusercontent.com/cRz-Shadows/Pokemon_Trainer_Tournament_Simulator/main/Data/UsefulDatasets/gen_1_pokemon_learnsets.json
78,64,TM/HM,0,1,Supplied Gen-I learnset JSON,https://raw.githubusercontent.com/cRz-Shadows/Pokemon_Trainer_Tournament_Simulator/main/Data/UsefulDatasets/gen_1_pokemon_learnsets.json
78,154,TM/HM,0,1,Supplied Gen-I learnset JSON,https://raw.githubusercontent.com/cRz-Shadows/Pokemon_Trainer_Tournament_Simulator/main/Data/UsefulDatasets/gen_1_pokemon_learnsets.json
78,101,TM/HM,0,1,Supplied Gen-I learnset JSON,https://raw.githubusercontent.com/cRz-Shadows/Pokemon_Trainer_Tournament_Simulator/main/Data/UsefulDatasets/gen_1_pokemon_learnsets.json
78,84,TM/HM,0,1,Supplied Gen-I learnset JSON,https://raw.githubusercontent.com/cRz-Shadows/Pokemon_Trainer_Tournament_Simulator/main/Data/UsefulDatasets/gen_1_pokemon_learnsets.json
78,32,TM/HM,0,1,Supplied Gen-I learnset JSON,https://raw.githubusercontent.com/cRz-Shadows/Pokemon_Trainer_Tournament_Simulator/main/Data/UsefulDatasets/gen_1_pokemon_learnsets.json
78,105,TM/HM,0,1,Supplied Gen-I learnset JSON,https://raw.githubusercontent.com/cRz-Shadows/Pokemon_Trainer_Tournament_Simulator/main/Data/UsefulDatasets/gen_1_pokemon_learnsets.json
78,9,TM/HM,0,1,Supplied Gen-I learnset JSON,https://raw.githubusercontent.com/cRz-Shadows/Pokemon_Trainer_Tournament_Simulator/main/Data/UsefulDatasets/gen_1_pokemon_learnsets.json
78,42,TM/HM,0,1,Supplied Gen-I learnset JSON,https://raw.githubusercontent.com/cRz-Shadows/Pokemon_Trainer_Tournament_Simulator/main/Data/UsefulDatasets/gen_1_pokemon_learnsets.json
78,142,TM/HM,0,1,Supplied Gen-I learnset JSON,https://raw.githubusercontent.com/cRz-Shadows/Pokemon_Trainer_Tournament_Simulator/main/Data/UsefulDatasets/gen_1_pokemon_learnsets.json
78,118,TM/HM,0,1,Supplied Gen-I learnset JSON,https://raw.githubusercontent.com/cRz-Shadows/Pokemon_Trainer_Tournament_Simulator/main/Data/UsefulDatasets/gen_1_pokemon_learnsets.json
78,106,TM/HM,0,1,Supplied Gen-I learnset JSON,https://raw.githubusercontent.com/cRz-Shadows/Pokemon_Trainer_Tournament_Simulator/main/Data/UsefulDatasets/gen_1_pokemon_learnsets.json
78,138,TM/HM,0,1,Supplied Gen-I learnset JSON,https://raw.githubusercontent.com/cRz-Shadows/Pokemon_Trainer_Tournament_Simulator/main/Data/UsefulDatasets/gen_1_pokemon_learnsets.json
79,21,level-up,1,1,Supplied Gen-I learnset JSON,https://raw.githubusercontent.com/cRz-Shadows/Pokemon_Trainer_Tournament_Simulator/main/Data/UsefulDatasets/gen_1_pokemon_learnsets.json
79,29,level-up,18,1,Supplied Gen-I learnset JSON,https://raw.githubusercontent.com/cRz-Shadows/Pokemon_Trainer_Tournament_Simulator/main/Data/UsefulDatasets/gen_1_pokemon_learnsets.json
79,59,level-up,22,1,Supplied Gen-I learnset JSON,https://raw.githubusercontent.com/cRz-Shadows/Pokemon_Trainer_Tournament_Simulator/main/Data/UsefulDatasets/gen_1_pokemon_learnsets.json
79,53,level-up,27,1,Supplied Gen-I learnset JSON,https://raw.githubusercontent.com/cRz-Shadows/Pokemon_Trainer_Tournament_Simulator/main/Data/UsefulDatasets/gen_1_pokemon_learnsets.json
79,160,level-up,33,1,Supplied Gen-I learnset JSON,https://raw.githubusercontent.com/cRz-Shadows/Pokemon_Trainer_Tournament_Simulator/main/Data/UsefulDatasets/gen_1_pokemon_learnsets.json
79,5,level-up,40,1,Supplied Gen-I learnset JSON,https://raw.githubusercontent.com/cRz-Shadows/Pokemon_Trainer_Tournament_Simulator/main/Data/UsefulDatasets/gen_1_pokemon_learnsets.json
79,98,level-up,48,1,Supplied Gen-I learnset JSON,https://raw.githubusercontent.com/cRz-Shadows/Pokemon_Trainer_Tournament_Simulator/main/Data/UsefulDatasets/gen_1_pokemon_learnsets.json
79,89,TM/HM,0,1,Supplied Gen-I learnset JSON,https://raw.githubusercontent.com/cRz-Shadows/Pokemon_Trainer_Tournament_Simulator/main/Data/UsefulDatasets/gen_1_pokemon_learnsets.json
79,13,TM/HM,0,1,Supplied Gen-I learnset JSON,https://raw.githubusercontent.com/cRz-Shadows/Pokemon_Trainer_Tournament_Simulator/main/Data/UsefulDatasets/gen_1_pokemon_learnsets.json
79,146,TM/HM,0,1,Supplied Gen-I learnset JSON,https://raw.githubusercontent.com/cRz-Shadows/Pokemon_Trainer_Tournament_Simulator/main/Data/UsefulDatasets/gen_1_pokemon_learnsets.json
79,33,TM/HM,0,1,Supplied Gen-I learnset JSON,https://raw.githubusercontent.com/cRz-Shadows/Pokemon_Trainer_Tournament_Simulator/main/Data/UsefulDatasets/gen_1_pokemon_learnsets.json
79,160,TM/HM,0,1,Supplied Gen-I learnset JSON,https://raw.githubusercontent.com/cRz-Shadows/Pokemon_Trainer_Tournament_Simulator/main/Data/UsefulDatasets/gen_1_pokemon_learnsets.json
79,141,TM/HM,0,1,Supplied Gen-I learnset JSON,https://raw.githubusercontent.com/cRz-Shadows/Pokemon_Trainer_Tournament_Simulator/main/Data/UsefulDatasets/gen_1_pokemon_learnsets.json
79,67,TM/HM,0,1,Supplied Gen-I learnset JSON,https://raw.githubusercontent.com/cRz-Shadows/Pokemon_Trainer_Tournament_Simulator/main/Data/UsefulDatasets/gen_1_pokemon_learnsets.json
79,12,TM/HM,0,1,Supplied Gen-I learnset JSON,https://raw.githubusercontent.com/cRz-Shadows/Pokemon_Trainer_Tournament_Simulator/main/Data/UsefulDatasets/gen_1_pokemon_learnsets.json
79,17,TM/HM,0,1,Supplied Gen-I learnset JSON,https://raw.githubusercontent.com/cRz-Shadows/Pokemon_Trainer_Tournament_Simulator/main/Data/UsefulDatasets/gen_1_pokemon_learnsets.json
79,133,TM/HM,0,1,Supplied Gen-I learnset JSON,https://raw.githubusercontent.com/cRz-Shadows/Pokemon_Trainer_Tournament_Simulator/main/Data/UsefulDatasets/gen_1_pokemon_learnsets.json
79,150,TM/HM,0,1,Supplied Gen-I learnset JSON,https://raw.githubusercontent.com/cRz-Shadows/Pokemon_Trainer_Tournament_Simulator/main/Data/UsefulDatasets/gen_1_pokemon_learnsets.json
79,38,TM/HM,0,1,Supplied Gen-I learnset JSON,https://raw.githubusercontent.com/cRz-Shadows/Pokemon_Trainer_Tournament_Simulator/main/Data/UsefulDatasets/gen_1_pokemon_learnsets.json
79,45,TM/HM,0,1,Supplied Gen-I learnset JSON,https://raw.githubusercontent.com/cRz-Shadows/Pokemon_Trainer_Tournament_Simulator/main/Data/UsefulDatasets/gen_1_pokemon_learnsets.json
79,28,TM/HM,0,1,Supplied Gen-I learnset JSON,https://raw.githubusercontent.com/cRz-Shadows/Pokemon_Trainer_Tournament_Simulator/main/Data/UsefulDatasets/gen_1_pokemon_learnsets.json
79,154,TM/HM,0,1,Supplied Gen-I learnset JSON,https://raw.githubusercontent.com/cRz-Shadows/Pokemon_Trainer_Tournament_Simulator/main/Data/UsefulDatasets/gen_1_pokemon_learnsets.json
79,98,TM/HM,0,1,Supplied Gen-I learnset JSON,https://raw.githubusercontent.com/cRz-Shadows/Pokemon_Trainer_Tournament_Simulator/main/Data/UsefulDatasets/gen_1_pokemon_learnsets.json
79,101,TM/HM,0,1,Supplied Gen-I learnset JSON,https://raw.githubusercontent.com/cRz-Shadows/Pokemon_Trainer_Tournament_Simulator/main/Data/UsefulDatasets/gen_1_pokemon_learnsets.json
79,147,TM/HM,0,1,Supplied Gen-I learnset JSON,https://raw.githubusercontent.com/cRz-Shadows/Pokemon_Trainer_Tournament_Simulator/main/Data/UsefulDatasets/gen_1_pokemon_learnsets.json
79,84,TM/HM,0,1,Supplied Gen-I learnset JSON,https://raw.githubusercontent.com/cRz-Shadows/Pokemon_Trainer_Tournament_Simulator/main/Data/UsefulDatasets/gen_1_pokemon_learnsets.json
79,32,TM/HM,0,1,Supplied Gen-I learnset JSON,https://raw.githubusercontent.com/cRz-Shadows/Pokemon_Trainer_Tournament_Simulator/main/Data/UsefulDatasets/gen_1_pokemon_learnsets.json
79,105,TM/HM,0,1,Supplied Gen-I learnset JSON,https://raw.githubusercontent.com/cRz-Shadows/Pokemon_Trainer_Tournament_Simulator/main/Data/UsefulDatasets/gen_1_pokemon_learnsets.json
79,9,TM/HM,0,1,Supplied Gen-I learnset JSON,https://raw.githubusercontent.com/cRz-Shadows/Pokemon_Trainer_Tournament_Simulator/main/Data/UsefulDatasets/gen_1_pokemon_learnsets.json
79,42,TM/HM,0,1,Supplied Gen-I learnset JSON,https://raw.githubusercontent.com/cRz-Shadows/Pokemon_Trainer_Tournament_Simulator/main/Data/UsefulDatasets/gen_1_pokemon_learnsets.json
79,142,TM/HM,0,1,Supplied Gen-I learnset JSON,https://raw.githubusercontent.com/cRz-Shadows/Pokemon_Trainer_Tournament_Simulator/main/Data/UsefulDatasets/gen_1_pokemon_learnsets.json
79,118,TM/HM,0,1,Supplied Gen-I learnset JSON,https://raw.githubusercontent.com/cRz-Shadows/Pokemon_Trainer_Tournament_Simulator/main/Data/UsefulDatasets/gen_1_pokemon_learnsets.json
79,47,TM/HM,0,1,Supplied Gen-I learnset JSON,https://raw.githubusercontent.com/cRz-Shadows/Pokemon_Trainer_Tournament_Simulator/main/Data/UsefulDatasets/gen_1_pokemon_learnsets.json
79,99,TM/HM,0,1,Supplied Gen-I learnset JSON,https://raw.githubusercontent.com/cRz-Shadows/Pokemon_Trainer_Tournament_Simulator/main/Data/UsefulDatasets/gen_1_pokemon_learnsets.json
79,106,TM/HM,0,1,Supplied Gen-I learnset JSON,https://raw.githubusercontent.com/cRz-Shadows/Pokemon_Trainer_Tournament_Simulator/main/Data/UsefulDatasets/gen_1_pokemon_learnsets.json
79,156,TM/HM,0,1,Supplied Gen-I learnset JSON,https://raw.githubusercontent.com/cRz-Shadows/Pokemon_Trainer_Tournament_Simulator/main/Data/UsefulDatasets/gen_1_pokemon_learnsets.json
79,138,TM/HM,0,1,Supplied Gen-I learnset JSON,https://raw.githubusercontent.com/cRz-Shadows/Pokemon_Trainer_Tournament_Simulator/main/Data/UsefulDatasets/gen_1_pokemon_learnsets.json
80,21,level-up,1,1,Supplied Gen-I learnset JSON,https://raw.githubusercontent.com/cRz-Shadows/Pokemon_Trainer_Tournament_Simulator/main/Data/UsefulDatasets/gen_1_pokemon_learnsets.json
80,59,level-up,1,1,Supplied Gen-I learnset JSON,https://raw.githubusercontent.com/cRz-Shadows/Pokemon_Trainer_Tournament_Simulator/main/Data/UsefulDatasets/gen_1_pokemon_learnsets.json
80,29,level-up,1,1,Supplied Gen-I learnset JSON,https://raw.githubusercontent.com/cRz-Shadows/Pokemon_Trainer_Tournament_Simulator/main/Data/UsefulDatasets/gen_1_pokemon_learnsets.json
80,29,level-up,18,1,Supplied Gen-I learnset JSON,https://raw.githubusercontent.com/cRz-Shadows/Pokemon_Trainer_Tournament_Simulator/main/Data/UsefulDatasets/gen_1_pokemon_learnsets.json
80,59,level-up,22,1,Supplied Gen-I learnset JSON,https://raw.githubusercontent.com/cRz-Shadows/Pokemon_Trainer_Tournament_Simulator/main/Data/UsefulDatasets/gen_1_pokemon_learnsets.json
80,53,level-up,27,1,Supplied Gen-I learnset JSON,https://raw.githubusercontent.com/cRz-Shadows/Pokemon_Trainer_Tournament_Simulator/main/Data/UsefulDatasets/gen_1_pokemon_learnsets.json
80,160,level-up,33,1,Supplied Gen-I learnset JSON,https://raw.githubusercontent.com/cRz-Shadows/Pokemon_Trainer_Tournament_Simulator/main/Data/UsefulDatasets/gen_1_pokemon_learnsets.json
80,164,level-up,37,1,Supplied Gen-I learnset JSON,https://raw.githubusercontent.com/cRz-Shadows/Pokemon_Trainer_Tournament_Simulator/main/Data/UsefulDatasets/gen_1_pokemon_learnsets.json
80,5,level-up,44,1,Supplied Gen-I learnset JSON,https://raw.githubusercontent.com/cRz-Shadows/Pokemon_Trainer_Tournament_Simulator/main/Data/UsefulDatasets/gen_1_pokemon_learnsets.json
80,98,level-up,55,1,Supplied Gen-I learnset JSON,https://raw.githubusercontent.com/cRz-Shadows/Pokemon_Trainer_Tournament_Simulator/main/Data/UsefulDatasets/gen_1_pokemon_learnsets.json
80,82,TM/HM,0,1,Supplied Gen-I learnset JSON,https://raw.githubusercontent.com/cRz-Shadows/Pokemon_Trainer_Tournament_Simulator/main/Data/UsefulDatasets/gen_1_pokemon_learnsets.json
80,89,TM/HM,0,1,Supplied Gen-I learnset JSON,https://raw.githubusercontent.com/cRz-Shadows/Pokemon_Trainer_Tournament_Simulator/main/Data/UsefulDatasets/gen_1_pokemon_learnsets.json
80,81,TM/HM,0,1,Supplied Gen-I learnset JSON,https://raw.githubusercontent.com/cRz-Shadows/Pokemon_Trainer_Tournament_Simulator/main/Data/UsefulDatasets/gen_1_pokemon_learnsets.json
80,13,TM/HM,0,1,Supplied Gen-I learnset JSON,https://raw.githubusercontent.com/cRz-Shadows/Pokemon_Trainer_Tournament_Simulator/main/Data/UsefulDatasets/gen_1_pokemon_learnsets.json
80,146,TM/HM,0,1,Supplied Gen-I learnset JSON,https://raw.githubusercontent.com/cRz-Shadows/Pokemon_Trainer_Tournament_Simulator/main/Data/UsefulDatasets/gen_1_pokemon_learnsets.json
80,33,TM/HM,0,1,Supplied Gen-I learnset JSON,https://raw.githubusercontent.com/cRz-Shadows/Pokemon_Trainer_Tournament_Simulator/main/Data/UsefulDatasets/gen_1_pokemon_learnsets.json
80,160,TM/HM,0,1,Supplied Gen-I learnset JSON,https://raw.githubusercontent.com/cRz-Shadows/Pokemon_Trainer_Tournament_Simulator/main/Data/UsefulDatasets/gen_1_pokemon_learnsets.json
80,141,TM/HM,0,1,Supplied Gen-I learnset JSON,https://raw.githubusercontent.com/cRz-Shadows/Pokemon_Trainer_Tournament_Simulator/main/Data/UsefulDatasets/gen_1_pokemon_learnsets.json
80,67,TM/HM,0,1,Supplied Gen-I learnset JSON,https://raw.githubusercontent.com/cRz-Shadows/Pokemon_Trainer_Tournament_Simulator/main/Data/UsefulDatasets/gen_1_pokemon_learnsets.json
80,12,TM/HM,0,1,Supplied Gen-I learnset JSON,https://raw.githubusercontent.com/cRz-Shadows/Pokemon_Trainer_Tournament_Simulator/main/Data/UsefulDatasets/gen_1_pokemon_learnsets.json
80,17,TM/HM,0,1,Supplied Gen-I learnset JSON,https://raw.githubusercontent.com/cRz-Shadows/Pokemon_Trainer_Tournament_Simulator/main/Data/UsefulDatasets/gen_1_pokemon_learnsets.json
80,64,TM/HM,0,1,Supplied Gen-I learnset JSON,https://raw.githubusercontent.com/cRz-Shadows/Pokemon_Trainer_Tournament_Simulator/main/Data/UsefulDatasets/gen_1_pokemon_learnsets.json
80,137,TM/HM,0,1,Supplied Gen-I learnset JSON,https://raw.githubusercontent.com/cRz-Shadows/Pokemon_Trainer_Tournament_Simulator/main/Data/UsefulDatasets/gen_1_pokemon_learnsets.json
80,24,TM/HM,0,1,Supplied Gen-I learnset JSON,https://raw.githubusercontent.com/cRz-Shadows/Pokemon_Trainer_Tournament_Simulator/main/Data/UsefulDatasets/gen_1_pokemon_learnsets.json
80,114,TM/HM,0,1,Supplied Gen-I learnset JSON,https://raw.githubusercontent.com/cRz-Shadows/Pokemon_Trainer_Tournament_Simulator/main/Data/UsefulDatasets/gen_1_pokemon_learnsets.json
80,133,TM/HM,0,1,Supplied Gen-I learnset JSON,https://raw.githubusercontent.com/cRz-Shadows/Pokemon_Trainer_Tournament_Simulator/main/Data/UsefulDatasets/gen_1_pokemon_learnsets.json
80,150,TM/HM,0,1,Supplied Gen-I learnset JSON,https://raw.githubusercontent.com/cRz-Shadows/Pokemon_Trainer_Tournament_Simulator/main/Data/UsefulDatasets/gen_1_pokemon_learnsets.json
80,38,TM/HM,0,1,Supplied Gen-I learnset JSON,https://raw.githubusercontent.com/cRz-Shadows/Pokemon_Trainer_Tournament_Simulator/main/Data/UsefulDatasets/gen_1_pokemon_learnsets.json
80,45,TM/HM,0,1,Supplied Gen-I learnset JSON,https://raw.githubusercontent.com/cRz-Shadows/Pokemon_Trainer_Tournament_Simulator/main/Data/UsefulDatasets/gen_1_pokemon_learnsets.json
80,28,TM/HM,0,1,Supplied Gen-I learnset JSON,https://raw.githubusercontent.com/cRz-Shadows/Pokemon_Trainer_Tournament_Simulator/main/Data/UsefulDatasets/gen_1_pokemon_learnsets.json
80,154,TM/HM,0,1,Supplied Gen-I learnset JSON,https://raw.githubusercontent.com/cRz-Shadows/Pokemon_Trainer_Tournament_Simulator/main/Data/UsefulDatasets/gen_1_pokemon_learnsets.json
80,98,TM/HM,0,1,Supplied Gen-I learnset JSON,https://raw.githubusercontent.com/cRz-Shadows/Pokemon_Trainer_Tournament_Simulator/main/Data/UsefulDatasets/gen_1_pokemon_learnsets.json
80,101,TM/HM,0,1,Supplied Gen-I learnset JSON,https://raw.githubusercontent.com/cRz-Shadows/Pokemon_Trainer_Tournament_Simulator/main/Data/UsefulDatasets/gen_1_pokemon_learnsets.json
80,147,TM/HM,0,1,Supplied Gen-I learnset JSON,https://raw.githubusercontent.com/cRz-Shadows/Pokemon_Trainer_Tournament_Simulator/main/Data/UsefulDatasets/gen_1_pokemon_learnsets.json
80,84,TM/HM,0,1,Supplied Gen-I learnset JSON,https://raw.githubusercontent.com/cRz-Shadows/Pokemon_Trainer_Tournament_Simulator/main/Data/UsefulDatasets/gen_1_pokemon_learnsets.json
80,32,TM/HM,0,1,Supplied Gen-I learnset JSON,https://raw.githubusercontent.com/cRz-Shadows/Pokemon_Trainer_Tournament_Simulator/main/Data/UsefulDatasets/gen_1_pokemon_learnsets.json
80,105,TM/HM,0,1,Supplied Gen-I learnset JSON,https://raw.githubusercontent.com/cRz-Shadows/Pokemon_Trainer_Tournament_Simulator/main/Data/UsefulDatasets/gen_1_pokemon_learnsets.json
80,9,TM/HM,0,1,Supplied Gen-I learnset JSON,https://raw.githubusercontent.com/cRz-Shadows/Pokemon_Trainer_Tournament_Simulator/main/Data/UsefulDatasets/gen_1_pokemon_learnsets.json
80,42,TM/HM,0,1,Supplied Gen-I learnset JSON,https://raw.githubusercontent.com/cRz-Shadows/Pokemon_Trainer_Tournament_Simulator/main/Data/UsefulDatasets/gen_1_pokemon_learnsets.json
80,142,TM/HM,0,1,Supplied Gen-I learnset JSON,https://raw.githubusercontent.com/cRz-Shadows/Pokemon_Trainer_Tournament_Simulator/main/Data/UsefulDatasets/gen_1_pokemon_learnsets.json
80,118,TM/HM,0,1,Supplied Gen-I learnset JSON,https://raw.githubusercontent.com/cRz-Shadows/Pokemon_Trainer_Tournament_Simulator/main/Data/UsefulDatasets/gen_1_pokemon_learnsets.json
80,47,TM/HM,0,1,Supplied Gen-I learnset JSON,https://raw.githubusercontent.com/cRz-Shadows/Pokemon_Trainer_Tournament_Simulator/main/Data/UsefulDatasets/gen_1_pokemon_learnsets.json
80,99,TM/HM,0,1,Supplied Gen-I learnset JSON,https://raw.githubusercontent.com/cRz-Shadows/Pokemon_Trainer_Tournament_Simulator/main/Data/UsefulDatasets/gen_1_pokemon_learnsets.json
80,106,TM/HM,0,1,Supplied Gen-I learnset JSON,https://raw.githubusercontent.com/cRz-Shadows/Pokemon_Trainer_Tournament_Simulator/main/Data/UsefulDatasets/gen_1_pokemon_learnsets.json
80,156,TM/HM,0,1,Supplied Gen-I learnset JSON,https://raw.githubusercontent.com/cRz-Shadows/Pokemon_Trainer_Tournament_Simulator/main/Data/UsefulDatasets/gen_1_pokemon_learnsets.json
80,138,TM/HM,0,1,Supplied Gen-I learnset JSON,https://raw.githubusercontent.com/cRz-Shadows/Pokemon_Trainer_Tournament_Simulator/main/Data/UsefulDatasets/gen_1_pokemon_learnsets.json
81,144,level-up,1,1,Supplied Gen-I learnset JSON,https://raw.githubusercontent.com/cRz-Shadows/Pokemon_Trainer_Tournament_Simulator/main/Data/UsefulDatasets/gen_1_pokemon_learnsets.json
81,128,level-up,21,1,Supplied Gen-I learnset JSON,https://raw.githubusercontent.com/cRz-Shadows/Pokemon_Trainer_Tournament_Simulator/main/Data/UsefulDatasets/gen_1_pokemon_learnsets.json
81,153,level-up,25,1,Supplied Gen-I learnset JSON,https://raw.githubusercontent.com/cRz-Shadows/Pokemon_Trainer_Tournament_Simulator/main/Data/UsefulDatasets/gen_1_pokemon_learnsets.json
81,140,level-up,29,1,Supplied Gen-I learnset JSON,https://raw.githubusercontent.com/cRz-Shadows/Pokemon_Trainer_Tournament_Simulator/main/Data/UsefulDatasets/gen_1_pokemon_learnsets.json
81,150,level-up,35,1,Supplied Gen-I learnset JSON,https://raw.githubusercontent.com/cRz-Shadows/Pokemon_Trainer_Tournament_Simulator/main/Data/UsefulDatasets/gen_1_pokemon_learnsets.json
81,142,level-up,41,1,Supplied Gen-I learnset JSON,https://raw.githubusercontent.com/cRz-Shadows/Pokemon_Trainer_Tournament_Simulator/main/Data/UsefulDatasets/gen_1_pokemon_learnsets.json
81,113,level-up,47,1,Supplied Gen-I learnset JSON,https://raw.githubusercontent.com/cRz-Shadows/Pokemon_Trainer_Tournament_Simulator/main/Data/UsefulDatasets/gen_1_pokemon_learnsets.json
81,146,TM/HM,0,1,Supplied Gen-I learnset JSON,https://raw.githubusercontent.com/cRz-Shadows/Pokemon_Trainer_Tournament_Simulator/main/Data/UsefulDatasets/gen_1_pokemon_learnsets.json
81,33,TM/HM,0,1,Supplied Gen-I learnset JSON,https://raw.githubusercontent.com/cRz-Shadows/Pokemon_Trainer_Tournament_Simulator/main/Data/UsefulDatasets/gen_1_pokemon_learnsets.json
81,151,TM/HM,0,1,Supplied Gen-I learnset JSON,https://raw.githubusercontent.com/cRz-Shadows/Pokemon_Trainer_Tournament_Simulator/main/Data/UsefulDatasets/gen_1_pokemon_learnsets.json
81,150,TM/HM,0,1,Supplied Gen-I learnset JSON,https://raw.githubusercontent.com/cRz-Shadows/Pokemon_Trainer_Tournament_Simulator/main/Data/UsefulDatasets/gen_1_pokemon_learnsets.json
81,149,TM/HM,0,1,Supplied Gen-I learnset JSON,https://raw.githubusercontent.com/cRz-Shadows/Pokemon_Trainer_Tournament_Simulator/main/Data/UsefulDatasets/gen_1_pokemon_learnsets.json
81,154,TM/HM,0,1,Supplied Gen-I learnset JSON,https://raw.githubusercontent.com/cRz-Shadows/Pokemon_Trainer_Tournament_Simulator/main/Data/UsefulDatasets/gen_1_pokemon_learnsets.json
81,101,TM/HM,0,1,Supplied Gen-I learnset JSON,https://raw.githubusercontent.com/cRz-Shadows/Pokemon_Trainer_Tournament_Simulator/main/Data/UsefulDatasets/gen_1_pokemon_learnsets.json
81,147,TM/HM,0,1,Supplied Gen-I learnset JSON,https://raw.githubusercontent.com/cRz-Shadows/Pokemon_Trainer_Tournament_Simulator/main/Data/UsefulDatasets/gen_1_pokemon_learnsets.json
81,84,TM/HM,0,1,Supplied Gen-I learnset JSON,https://raw.githubusercontent.com/cRz-Shadows/Pokemon_Trainer_Tournament_Simulator/main/Data/UsefulDatasets/gen_1_pokemon_learnsets.json
81,32,TM/HM,0,1,Supplied Gen-I learnset JSON,https://raw.githubusercontent.com/cRz-Shadows/Pokemon_Trainer_Tournament_Simulator/main/Data/UsefulDatasets/gen_1_pokemon_learnsets.json
81,105,TM/HM,0,1,Supplied Gen-I learnset JSON,https://raw.githubusercontent.com/cRz-Shadows/Pokemon_Trainer_Tournament_Simulator/main/Data/UsefulDatasets/gen_1_pokemon_learnsets.json
81,9,TM/HM,0,1,Supplied Gen-I learnset JSON,https://raw.githubusercontent.com/cRz-Shadows/Pokemon_Trainer_Tournament_Simulator/main/Data/UsefulDatasets/gen_1_pokemon_learnsets.json
81,142,TM/HM,0,1,Supplied Gen-I learnset JSON,https://raw.githubusercontent.com/cRz-Shadows/Pokemon_Trainer_Tournament_Simulator/main/Data/UsefulDatasets/gen_1_pokemon_learnsets.json
81,47,TM/HM,0,1,Supplied Gen-I learnset JSON,https://raw.githubusercontent.com/cRz-Shadows/Pokemon_Trainer_Tournament_Simulator/main/Data/UsefulDatasets/gen_1_pokemon_learnsets.json
81,106,TM/HM,0,1,Supplied Gen-I learnset JSON,https://raw.githubusercontent.com/cRz-Shadows/Pokemon_Trainer_Tournament_Simulator/main/Data/UsefulDatasets/gen_1_pokemon_learnsets.json
81,138,TM/HM,0,1,Supplied Gen-I learnset JSON,https://raw.githubusercontent.com/cRz-Shadows/Pokemon_Trainer_Tournament_Simulator/main/Data/UsefulDatasets/gen_1_pokemon_learnsets.json
82,144,level-up,1,1,Supplied Gen-I learnset JSON,https://raw.githubusercontent.com/cRz-Shadows/Pokemon_Trainer_Tournament_Simulator/main/Data/UsefulDatasets/gen_1_pokemon_learnsets.json
82,153,level-up,1,1,Supplied Gen-I learnset JSON,https://raw.githubusercontent.com/cRz-Shadows/Pokemon_Trainer_Tournament_Simulator/main/Data/UsefulDatasets/gen_1_pokemon_learnsets.json
82,128,level-up,1,1,Supplied Gen-I learnset JSON,https://raw.githubusercontent.com/cRz-Shadows/Pokemon_Trainer_Tournament_Simulator/main/Data/UsefulDatasets/gen_1_pokemon_learnsets.json
82,128,level-up,21,1,Supplied Gen-I learnset JSON,https://raw.githubusercontent.com/cRz-Shadows/Pokemon_Trainer_Tournament_Simulator/main/Data/UsefulDatasets/gen_1_pokemon_learnsets.json
82,153,level-up,25,1,Supplied Gen-I learnset JSON,https://raw.githubusercontent.com/cRz-Shadows/Pokemon_Trainer_Tournament_Simulator/main/Data/UsefulDatasets/gen_1_pokemon_learnsets.json
82,140,level-up,29,1,Supplied Gen-I learnset JSON,https://raw.githubusercontent.com/cRz-Shadows/Pokemon_Trainer_Tournament_Simulator/main/Data/UsefulDatasets/gen_1_pokemon_learnsets.json
82,150,level-up,38,1,Supplied Gen-I learnset JSON,https://raw.githubusercontent.com/cRz-Shadows/Pokemon_Trainer_Tournament_Simulator/main/Data/UsefulDatasets/gen_1_pokemon_learnsets.json
82,142,level-up,46,1,Supplied Gen-I learnset JSON,https://raw.githubusercontent.com/cRz-Shadows/Pokemon_Trainer_Tournament_Simulator/main/Data/UsefulDatasets/gen_1_pokemon_learnsets.json
82,113,level-up,54,1,Supplied Gen-I learnset JSON,https://raw.githubusercontent.com/cRz-Shadows/Pokemon_Trainer_Tournament_Simulator/main/Data/UsefulDatasets/gen_1_pokemon_learnsets.json
82,146,TM/HM,0,1,Supplied Gen-I learnset JSON,https://raw.githubusercontent.com/cRz-Shadows/Pokemon_Trainer_Tournament_Simulator/main/Data/UsefulDatasets/gen_1_pokemon_learnsets.json
82,33,TM/HM,0,1,Supplied Gen-I learnset JSON,https://raw.githubusercontent.com/cRz-Shadows/Pokemon_Trainer_Tournament_Simulator/main/Data/UsefulDatasets/gen_1_pokemon_learnsets.json
82,64,TM/HM,0,1,Supplied Gen-I learnset JSON,https://raw.githubusercontent.com/cRz-Shadows/Pokemon_Trainer_Tournament_Simulator/main/Data/UsefulDatasets/gen_1_pokemon_learnsets.json
82,151,TM/HM,0,1,Supplied Gen-I learnset JSON,https://raw.githubusercontent.com/cRz-Shadows/Pokemon_Trainer_Tournament_Simulator/main/Data/UsefulDatasets/gen_1_pokemon_learnsets.json
82,150,TM/HM,0,1,Supplied Gen-I learnset JSON,https://raw.githubusercontent.com/cRz-Shadows/Pokemon_Trainer_Tournament_Simulator/main/Data/UsefulDatasets/gen_1_pokemon_learnsets.json
82,149,TM/HM,0,1,Supplied Gen-I learnset JSON,https://raw.githubusercontent.com/cRz-Shadows/Pokemon_Trainer_Tournament_Simulator/main/Data/UsefulDatasets/gen_1_pokemon_learnsets.json
82,154,TM/HM,0,1,Supplied Gen-I learnset JSON,https://raw.githubusercontent.com/cRz-Shadows/Pokemon_Trainer_Tournament_Simulator/main/Data/UsefulDatasets/gen_1_pokemon_learnsets.json
82,101,TM/HM,0,1,Supplied Gen-I learnset JSON,https://raw.githubusercontent.com/cRz-Shadows/Pokemon_Trainer_Tournament_Simulator/main/Data/UsefulDatasets/gen_1_pokemon_learnsets.json
82,147,TM/HM,0,1,Supplied Gen-I learnset JSON,https://raw.githubusercontent.com/cRz-Shadows/Pokemon_Trainer_Tournament_Simulator/main/Data/UsefulDatasets/gen_1_pokemon_learnsets.json
82,84,TM/HM,0,1,Supplied Gen-I learnset JSON,https://raw.githubusercontent.com/cRz-Shadows/Pokemon_Trainer_Tournament_Simulator/main/Data/UsefulDatasets/gen_1_pokemon_learnsets.json
82,32,TM/HM,0,1,Supplied Gen-I learnset JSON,https://raw.githubusercontent.com/cRz-Shadows/Pokemon_Trainer_Tournament_Simulator/main/Data/UsefulDatasets/gen_1_pokemon_learnsets.json
82,105,TM/HM,0,1,Supplied Gen-I learnset JSON,https://raw.githubusercontent.com/cRz-Shadows/Pokemon_Trainer_Tournament_Simulator/main/Data/UsefulDatasets/gen_1_pokemon_learnsets.json
82,9,TM/HM,0,1,Supplied Gen-I learnset JSON,https://raw.githubusercontent.com/cRz-Shadows/Pokemon_Trainer_Tournament_Simulator/main/Data/UsefulDatasets/gen_1_pokemon_learnsets.json
82,142,TM/HM,0,1,Supplied Gen-I learnset JSON,https://raw.githubusercontent.com/cRz-Shadows/Pokemon_Trainer_Tournament_Simulator/main/Data/UsefulDatasets/gen_1_pokemon_learnsets.json
82,47,TM/HM,0,1,Supplied Gen-I learnset JSON,https://raw.githubusercontent.com/cRz-Shadows/Pokemon_Trainer_Tournament_Simulator/main/Data/UsefulDatasets/gen_1_pokemon_learnsets.json
82,106,TM/HM,0,1,Supplied Gen-I learnset JSON,https://raw.githubusercontent.com/cRz-Shadows/Pokemon_Trainer_Tournament_Simulator/main/Data/UsefulDatasets/gen_1_pokemon_learnsets.json
82,138,TM/HM,0,1,Supplied Gen-I learnset JSON,https://raw.githubusercontent.com/cRz-Shadows/Pokemon_Trainer_Tournament_Simulator/main/Data/UsefulDatasets/gen_1_pokemon_learnsets.json
83,90,level-up,1,1,Supplied Gen-I learnset JSON,https://raw.githubusercontent.com/cRz-Shadows/Pokemon_Trainer_Tournament_Simulator/main/Data/UsefulDatasets/gen_1_pokemon_learnsets.json
83,111,level-up,1,1,Supplied Gen-I learnset JSON,https://raw.githubusercontent.com/cRz-Shadows/Pokemon_Trainer_Tournament_Simulator/main/Data/UsefulDatasets/gen_1_pokemon_learnsets.json
83,74,level-up,7,1,Supplied Gen-I learnset JSON,https://raw.githubusercontent.com/cRz-Shadows/Pokemon_Trainer_Tournament_Simulator/main/Data/UsefulDatasets/gen_1_pokemon_learnsets.json
83,50,level-up,15,1,Supplied Gen-I learnset JSON,https://raw.githubusercontent.com/cRz-Shadows/Pokemon_Trainer_Tournament_Simulator/main/Data/UsefulDatasets/gen_1_pokemon_learnsets.json
83,143,level-up,23,1,Supplied Gen-I learnset JSON,https://raw.githubusercontent.com/cRz-Shadows/Pokemon_Trainer_Tournament_Simulator/main/Data/UsefulDatasets/gen_1_pokemon_learnsets.json
83,4,level-up,31,1,Supplied Gen-I learnset JSON,https://raw.githubusercontent.com/cRz-Shadows/Pokemon_Trainer_Tournament_Simulator/main/Data/UsefulDatasets/gen_1_pokemon_learnsets.json
83,121,level-up,39,1,Supplied Gen-I learnset JSON,https://raw.githubusercontent.com/cRz-Shadows/Pokemon_Trainer_Tournament_Simulator/main/Data/UsefulDatasets/gen_1_pokemon_learnsets.json
83,103,TM/HM,0,1,Supplied Gen-I learnset JSON,https://raw.githubusercontent.com/cRz-Shadows/Pokemon_Trainer_Tournament_Simulator/main/Data/UsefulDatasets/gen_1_pokemon_learnsets.json
83,143,TM/HM,0,1,Supplied Gen-I learnset JSON,https://raw.githubusercontent.com/cRz-Shadows/Pokemon_Trainer_Tournament_Simulator/main/Data/UsefulDatasets/gen_1_pokemon_learnsets.json
83,26,TM/HM,0,1,Supplied Gen-I learnset JSON,https://raw.githubusercontent.com/cRz-Shadows/Pokemon_Trainer_Tournament_Simulator/main/Data/UsefulDatasets/gen_1_pokemon_learnsets.json
83,162,TM/HM,0,1,Supplied Gen-I learnset JSON,https://raw.githubusercontent.com/cRz-Shadows/Pokemon_Trainer_Tournament_Simulator/main/Data/UsefulDatasets/gen_1_pokemon_learnsets.json
83,48,TM/HM,0,1,Supplied Gen-I learnset JSON,https://raw.githubusercontent.com/cRz-Shadows/Pokemon_Trainer_Tournament_Simulator/main/Data/UsefulDatasets/gen_1_pokemon_learnsets.json
83,13,TM/HM,0,1,Supplied Gen-I learnset JSON,https://raw.githubusercontent.com/cRz-Shadows/Pokemon_Trainer_Tournament_Simulator/main/Data/UsefulDatasets/gen_1_pokemon_learnsets.json
83,146,TM/HM,0,1,Supplied Gen-I learnset JSON,https://raw.githubusercontent.com/cRz-Shadows/Pokemon_Trainer_Tournament_Simulator/main/Data/UsefulDatasets/gen_1_pokemon_learnsets.json
83,33,TM/HM,0,1,Supplied Gen-I learnset JSON,https://raw.githubusercontent.com/cRz-Shadows/Pokemon_Trainer_Tournament_Simulator/main/Data/UsefulDatasets/gen_1_pokemon_learnsets.json
83,154,TM/HM,0,1,Supplied Gen-I learnset JSON,https://raw.githubusercontent.com/cRz-Shadows/Pokemon_Trainer_Tournament_Simulator/main/Data/UsefulDatasets/gen_1_pokemon_learnsets.json
83,101,TM/HM,0,1,Supplied Gen-I learnset JSON,https://raw.githubusercontent.com/cRz-Shadows/Pokemon_Trainer_Tournament_Simulator/main/Data/UsefulDatasets/gen_1_pokemon_learnsets.json
83,84,TM/HM,0,1,Supplied Gen-I learnset JSON,https://raw.githubusercontent.com/cRz-Shadows/Pokemon_Trainer_Tournament_Simulator/main/Data/UsefulDatasets/gen_1_pokemon_learnsets.json
83,32,TM/HM,0,1,Supplied Gen-I learnset JSON,https://raw.githubusercontent.com/cRz-Shadows/Pokemon_Trainer_Tournament_Simulator/main/Data/UsefulDatasets/gen_1_pokemon_learnsets.json
83,105,TM/HM,0,1,Supplied Gen-I learnset JSON,https://raw.githubusercontent.com/cRz-Shadows/Pokemon_Trainer_Tournament_Simulator/main/Data/UsefulDatasets/gen_1_pokemon_learnsets.json
83,9,TM/HM,0,1,Supplied Gen-I learnset JSON,https://raw.githubusercontent.com/cRz-Shadows/Pokemon_Trainer_Tournament_Simulator/main/Data/UsefulDatasets/gen_1_pokemon_learnsets.json
83,142,TM/HM,0,1,Supplied Gen-I learnset JSON,https://raw.githubusercontent.com/cRz-Shadows/Pokemon_Trainer_Tournament_Simulator/main/Data/UsefulDatasets/gen_1_pokemon_learnsets.json
83,118,TM/HM,0,1,Supplied Gen-I learnset JSON,https://raw.githubusercontent.com/cRz-Shadows/Pokemon_Trainer_Tournament_Simulator/main/Data/UsefulDatasets/gen_1_pokemon_learnsets.json
83,106,TM/HM,0,1,Supplied Gen-I learnset JSON,https://raw.githubusercontent.com/cRz-Shadows/Pokemon_Trainer_Tournament_Simulator/main/Data/UsefulDatasets/gen_1_pokemon_learnsets.json
83,138,TM/HM,0,1,Supplied Gen-I learnset JSON,https://raw.githubusercontent.com/cRz-Shadows/Pokemon_Trainer_Tournament_Simulator/main/Data/UsefulDatasets/gen_1_pokemon_learnsets.json
84,90,level-up,1,1,Supplied Gen-I learnset JSON,https://raw.githubusercontent.com/cRz-Shadows/Pokemon_Trainer_Tournament_Simulator/main/Data/UsefulDatasets/gen_1_pokemon_learnsets.json
84,53,level-up,20,1,Supplied Gen-I learnset JSON,https://raw.githubusercontent.com/cRz-Shadows/Pokemon_Trainer_Tournament_Simulator/main/Data/UsefulDatasets/gen_1_pokemon_learnsets.json
84,50,level-up,24,1,Supplied Gen-I learnset JSON,https://raw.githubusercontent.com/cRz-Shadows/Pokemon_Trainer_Tournament_Simulator/main/Data/UsefulDatasets/gen_1_pokemon_learnsets.json
84,37,level-up,30,1,Supplied Gen-I learnset JSON,https://raw.githubusercontent.com/cRz-Shadows/Pokemon_Trainer_Tournament_Simulator/main/Data/UsefulDatasets/gen_1_pokemon_learnsets.json
84,101,level-up,36,1,Supplied Gen-I learnset JSON,https://raw.githubusercontent.com/cRz-Shadows/Pokemon_Trainer_Tournament_Simulator/main/Data/UsefulDatasets/gen_1_pokemon_learnsets.json
84,156,level-up,40,1,Supplied Gen-I learnset JSON,https://raw.githubusercontent.com/cRz-Shadows/Pokemon_Trainer_Tournament_Simulator/main/Data/UsefulDatasets/gen_1_pokemon_learnsets.json
84,4,level-up,44,1,Supplied Gen-I learnset JSON,https://raw.githubusercontent.com/cRz-Shadows/Pokemon_Trainer_Tournament_Simulator/main/Data/UsefulDatasets/gen_1_pokemon_learnsets.json
84,162,TM/HM,0,1,Supplied Gen-I learnset JSON,https://raw.githubusercontent.com/cRz-Shadows/Pokemon_Trainer_Tournament_Simulator/main/Data/UsefulDatasets/gen_1_pokemon_learnsets.json
84,48,TM/HM,0,1,Supplied Gen-I learnset JSON,https://raw.githubusercontent.com/cRz-Shadows/Pokemon_Trainer_Tournament_Simulator/main/Data/UsefulDatasets/gen_1_pokemon_learnsets.json
84,13,TM/HM,0,1,Supplied Gen-I learnset JSON,https://raw.githubusercontent.com/cRz-Shadows/Pokemon_Trainer_Tournament_Simulator/main/Data/UsefulDatasets/gen_1_pokemon_learnsets.json
84,146,TM/HM,0,1,Supplied Gen-I learnset JSON,https://raw.githubusercontent.com/cRz-Shadows/Pokemon_Trainer_Tournament_Simulator/main/Data/UsefulDatasets/gen_1_pokemon_learnsets.json
84,33,TM/HM,0,1,Supplied Gen-I learnset JSON,https://raw.githubusercontent.com/cRz-Shadows/Pokemon_Trainer_Tournament_Simulator/main/Data/UsefulDatasets/gen_1_pokemon_learnsets.json
84,154,TM/HM,0,1,Supplied Gen-I learnset JSON,https://raw.githubusercontent.com/cRz-Shadows/Pokemon_Trainer_Tournament_Simulator/main/Data/UsefulDatasets/gen_1_pokemon_learnsets.json
84,101,TM/HM,0,1,Supplied Gen-I learnset JSON,https://raw.githubusercontent.com/cRz-Shadows/Pokemon_Trainer_Tournament_Simulator/main/Data/UsefulDatasets/gen_1_pokemon_learnsets.json
84,84,TM/HM,0,1,Supplied Gen-I learnset JSON,https://raw.githubusercontent.com/cRz-Shadows/Pokemon_Trainer_Tournament_Simulator/main/Data/UsefulDatasets/gen_1_pokemon_learnsets.json
84,32,TM/HM,0,1,Supplied Gen-I learnset JSON,https://raw.githubusercontent.com/cRz-Shadows/Pokemon_Trainer_Tournament_Simulator/main/Data/UsefulDatasets/gen_1_pokemon_learnsets.json
84,105,TM/HM,0,1,Supplied Gen-I learnset JSON,https://raw.githubusercontent.com/cRz-Shadows/Pokemon_Trainer_Tournament_Simulator/main/Data/UsefulDatasets/gen_1_pokemon_learnsets.json
84,9,TM/HM,0,1,Supplied Gen-I learnset JSON,https://raw.githubusercontent.com/cRz-Shadows/Pokemon_Trainer_Tournament_Simulator/main/Data/UsefulDatasets/gen_1_pokemon_learnsets.json
84,118,TM/HM,0,1,Supplied Gen-I learnset JSON,https://raw.githubusercontent.com/cRz-Shadows/Pokemon_Trainer_Tournament_Simulator/main/Data/UsefulDatasets/gen_1_pokemon_learnsets.json
84,119,TM/HM,0,1,Supplied Gen-I learnset JSON,https://raw.githubusercontent.com/cRz-Shadows/Pokemon_Trainer_Tournament_Simulator/main/Data/UsefulDatasets/gen_1_pokemon_learnsets.json
84,106,TM/HM,0,1,Supplied Gen-I learnset JSON,https://raw.githubusercontent.com/cRz-Shadows/Pokemon_Trainer_Tournament_Simulator/main/Data/UsefulDatasets/gen_1_pokemon_learnsets.json
84,156,TM/HM,0,1,Supplied Gen-I learnset JSON,https://raw.githubusercontent.com/cRz-Shadows/Pokemon_Trainer_Tournament_Simulator/main/Data/UsefulDatasets/gen_1_pokemon_learnsets.json
84,138,TM/HM,0,1,Supplied Gen-I learnset JSON,https://raw.githubusercontent.com/cRz-Shadows/Pokemon_Trainer_Tournament_Simulator/main/Data/UsefulDatasets/gen_1_pokemon_learnsets.json
85,50,level-up,1,1,Supplied Gen-I learnset JSON,https://raw.githubusercontent.com/cRz-Shadows/Pokemon_Trainer_Tournament_Simulator/main/Data/UsefulDatasets/gen_1_pokemon_learnsets.json
85,90,level-up,1,1,Supplied Gen-I learnset JSON,https://raw.githubusercontent.com/cRz-Shadows/Pokemon_Trainer_Tournament_Simulator/main/Data/UsefulDatasets/gen_1_pokemon_learnsets.json
85,53,level-up,1,1,Supplied Gen-I learnset JSON,https://raw.githubusercontent.com/cRz-Shadows/Pokemon_Trainer_Tournament_Simulator/main/Data/UsefulDatasets/gen_1_pokemon_learnsets.json
85,53,level-up,20,1,Supplied Gen-I learnset JSON,https://raw.githubusercontent.com/cRz-Shadows/Pokemon_Trainer_Tournament_Simulator/main/Data/UsefulDatasets/gen_1_pokemon_learnsets.json
85,50,level-up,24,1,Supplied Gen-I learnset JSON,https://raw.githubusercontent.com/cRz-Shadows/Pokemon_Trainer_Tournament_Simulator/main/Data/UsefulDatasets/gen_1_pokemon_learnsets.json
85,37,level-up,30,1,Supplied Gen-I learnset JSON,https://raw.githubusercontent.com/cRz-Shadows/Pokemon_Trainer_Tournament_Simulator/main/Data/UsefulDatasets/gen_1_pokemon_learnsets.json
85,101,level-up,39,1,Supplied Gen-I learnset JSON,https://raw.githubusercontent.com/cRz-Shadows/Pokemon_Trainer_Tournament_Simulator/main/Data/UsefulDatasets/gen_1_pokemon_learnsets.json
85,156,level-up,45,1,Supplied Gen-I learnset JSON,https://raw.githubusercontent.com/cRz-Shadows/Pokemon_Trainer_Tournament_Simulator/main/Data/UsefulDatasets/gen_1_pokemon_learnsets.json
85,4,level-up,51,1,Supplied Gen-I learnset JSON,https://raw.githubusercontent.com/cRz-Shadows/Pokemon_Trainer_Tournament_Simulator/main/Data/UsefulDatasets/gen_1_pokemon_learnsets.json
85,162,TM/HM,0,1,Supplied Gen-I learnset JSON,https://raw.githubusercontent.com/cRz-Shadows/Pokemon_Trainer_Tournament_Simulator/main/Data/UsefulDatasets/gen_1_pokemon_learnsets.json
85,48,TM/HM,0,1,Supplied Gen-I learnset JSON,https://raw.githubusercontent.com/cRz-Shadows/Pokemon_Trainer_Tournament_Simulator/main/Data/UsefulDatasets/gen_1_pokemon_learnsets.json
85,13,TM/HM,0,1,Supplied Gen-I learnset JSON,https://raw.githubusercontent.com/cRz-Shadows/Pokemon_Trainer_Tournament_Simulator/main/Data/UsefulDatasets/gen_1_pokemon_learnsets.json
85,146,TM/HM,0,1,Supplied Gen-I learnset JSON,https://raw.githubusercontent.com/cRz-Shadows/Pokemon_Trainer_Tournament_Simulator/main/Data/UsefulDatasets/gen_1_pokemon_learnsets.json
85,33,TM/HM,0,1,Supplied Gen-I learnset JSON,https://raw.githubusercontent.com/cRz-Shadows/Pokemon_Trainer_Tournament_Simulator/main/Data/UsefulDatasets/gen_1_pokemon_learnsets.json
85,64,TM/HM,0,1,Supplied Gen-I learnset JSON,https://raw.githubusercontent.com/cRz-Shadows/Pokemon_Trainer_Tournament_Simulator/main/Data/UsefulDatasets/gen_1_pokemon_learnsets.json
85,154,TM/HM,0,1,Supplied Gen-I learnset JSON,https://raw.githubusercontent.com/cRz-Shadows/Pokemon_Trainer_Tournament_Simulator/main/Data/UsefulDatasets/gen_1_pokemon_learnsets.json
85,101,TM/HM,0,1,Supplied Gen-I learnset JSON,https://raw.githubusercontent.com/cRz-Shadows/Pokemon_Trainer_Tournament_Simulator/main/Data/UsefulDatasets/gen_1_pokemon_learnsets.json
85,84,TM/HM,0,1,Supplied Gen-I learnset JSON,https://raw.githubusercontent.com/cRz-Shadows/Pokemon_Trainer_Tournament_Simulator/main/Data/UsefulDatasets/gen_1_pokemon_learnsets.json
85,32,TM/HM,0,1,Supplied Gen-I learnset JSON,https://raw.githubusercontent.com/cRz-Shadows/Pokemon_Trainer_Tournament_Simulator/main/Data/UsefulDatasets/gen_1_pokemon_learnsets.json
85,105,TM/HM,0,1,Supplied Gen-I learnset JSON,https://raw.githubusercontent.com/cRz-Shadows/Pokemon_Trainer_Tournament_Simulator/main/Data/UsefulDatasets/gen_1_pokemon_learnsets.json
85,9,TM/HM,0,1,Supplied Gen-I learnset JSON,https://raw.githubusercontent.com/cRz-Shadows/Pokemon_Trainer_Tournament_Simulator/main/Data/UsefulDatasets/gen_1_pokemon_learnsets.json
85,118,TM/HM,0,1,Supplied Gen-I learnset JSON,https://raw.githubusercontent.com/cRz-Shadows/Pokemon_Trainer_Tournament_Simulator/main/Data/UsefulDatasets/gen_1_pokemon_learnsets.json
85,119,TM/HM,0,1,Supplied Gen-I learnset JSON,https://raw.githubusercontent.com/cRz-Shadows/Pokemon_Trainer_Tournament_Simulator/main/Data/UsefulDatasets/gen_1_pokemon_learnsets.json
85,106,TM/HM,0,1,Supplied Gen-I learnset JSON,https://raw.githubusercontent.com/cRz-Shadows/Pokemon_Trainer_Tournament_Simulator/main/Data/UsefulDatasets/gen_1_pokemon_learnsets.json
85,156,TM/HM,0,1,Supplied Gen-I learnset JSON,https://raw.githubusercontent.com/cRz-Shadows/Pokemon_Trainer_Tournament_Simulator/main/Data/UsefulDatasets/gen_1_pokemon_learnsets.json
85,138,TM/HM,0,1,Supplied Gen-I learnset JSON,https://raw.githubusercontent.com/cRz-Shadows/Pokemon_Trainer_Tournament_Simulator/main/Data/UsefulDatasets/gen_1_pokemon_learnsets.json
86,59,level-up,1,1,Supplied Gen-I learnset JSON,https://raw.githubusercontent.com/cRz-Shadows/Pokemon_Trainer_Tournament_Simulator/main/Data/UsefulDatasets/gen_1_pokemon_learnsets.json
86,53,level-up,30,1,Supplied Gen-I learnset JSON,https://raw.githubusercontent.com/cRz-Shadows/Pokemon_Trainer_Tournament_Simulator/main/Data/UsefulDatasets/gen_1_pokemon_learnsets.json
86,6,level-up,35,1,Supplied Gen-I learnset JSON,https://raw.githubusercontent.com/cRz-Shadows/Pokemon_Trainer_Tournament_Simulator/main/Data/UsefulDatasets/gen_1_pokemon_learnsets.json
86,106,level-up,40,1,Supplied Gen-I learnset JSON,https://raw.githubusercontent.com/cRz-Shadows/Pokemon_Trainer_Tournament_Simulator/main/Data/UsefulDatasets/gen_1_pokemon_learnsets.json
86,146,level-up,45,1,Supplied Gen-I learnset JSON,https://raw.githubusercontent.com/cRz-Shadows/Pokemon_Trainer_Tournament_Simulator/main/Data/UsefulDatasets/gen_1_pokemon_learnsets.json
86,67,level-up,50,1,Supplied Gen-I learnset JSON,https://raw.githubusercontent.com/cRz-Shadows/Pokemon_Trainer_Tournament_Simulator/main/Data/UsefulDatasets/gen_1_pokemon_learnsets.json
86,89,TM/HM,0,1,Supplied Gen-I learnset JSON,https://raw.githubusercontent.com/cRz-Shadows/Pokemon_Trainer_Tournament_Simulator/main/Data/UsefulDatasets/gen_1_pokemon_learnsets.json
86,62,TM/HM,0,1,Supplied Gen-I learnset JSON,https://raw.githubusercontent.com/cRz-Shadows/Pokemon_Trainer_Tournament_Simulator/main/Data/UsefulDatasets/gen_1_pokemon_learnsets.json
86,13,TM/HM,0,1,Supplied Gen-I learnset JSON,https://raw.githubusercontent.com/cRz-Shadows/Pokemon_Trainer_Tournament_Simulator/main/Data/UsefulDatasets/gen_1_pokemon_learnsets.json
86,146,TM/HM,0,1,Supplied Gen-I learnset JSON,https://raw.githubusercontent.com/cRz-Shadows/Pokemon_Trainer_Tournament_Simulator/main/Data/UsefulDatasets/gen_1_pokemon_learnsets.json
86,33,TM/HM,0,1,Supplied Gen-I learnset JSON,https://raw.githubusercontent.com/cRz-Shadows/Pokemon_Trainer_Tournament_Simulator/main/Data/UsefulDatasets/gen_1_pokemon_learnsets.json
86,160,TM/HM,0,1,Supplied Gen-I learnset JSON,https://raw.githubusercontent.com/cRz-Shadows/Pokemon_Trainer_Tournament_Simulator/main/Data/UsefulDatasets/gen_1_pokemon_learnsets.json
86,141,TM/HM,0,1,Supplied Gen-I learnset JSON,https://raw.githubusercontent.com/cRz-Shadows/Pokemon_Trainer_Tournament_Simulator/main/Data/UsefulDatasets/gen_1_pokemon_learnsets.json
86,67,TM/HM,0,1,Supplied Gen-I learnset JSON,https://raw.githubusercontent.com/cRz-Shadows/Pokemon_Trainer_Tournament_Simulator/main/Data/UsefulDatasets/gen_1_pokemon_learnsets.json
86,12,TM/HM,0,1,Supplied Gen-I learnset JSON,https://raw.githubusercontent.com/cRz-Shadows/Pokemon_Trainer_Tournament_Simulator/main/Data/UsefulDatasets/gen_1_pokemon_learnsets.json
86,17,TM/HM,0,1,Supplied Gen-I learnset JSON,https://raw.githubusercontent.com/cRz-Shadows/Pokemon_Trainer_Tournament_Simulator/main/Data/UsefulDatasets/gen_1_pokemon_learnsets.json
86,133,TM/HM,0,1,Supplied Gen-I learnset JSON,https://raw.githubusercontent.com/cRz-Shadows/Pokemon_Trainer_Tournament_Simulator/main/Data/UsefulDatasets/gen_1_pokemon_learnsets.json
86,154,TM/HM,0,1,Supplied Gen-I learnset JSON,https://raw.githubusercontent.com/cRz-Shadows/Pokemon_Trainer_Tournament_Simulator/main/Data/UsefulDatasets/gen_1_pokemon_learnsets.json
86,101,TM/HM,0,1,Supplied Gen-I learnset JSON,https://raw.githubusercontent.com/cRz-Shadows/Pokemon_Trainer_Tournament_Simulator/main/Data/UsefulDatasets/gen_1_pokemon_learnsets.json
86,84,TM/HM,0,1,Supplied Gen-I learnset JSON,https://raw.githubusercontent.com/cRz-Shadows/Pokemon_Trainer_Tournament_Simulator/main/Data/UsefulDatasets/gen_1_pokemon_learnsets.json
86,32,TM/HM,0,1,Supplied Gen-I learnset JSON,https://raw.githubusercontent.com/cRz-Shadows/Pokemon_Trainer_Tournament_Simulator/main/Data/UsefulDatasets/gen_1_pokemon_learnsets.json
86,9,TM/HM,0,1,Supplied Gen-I learnset JSON,https://raw.githubusercontent.com/cRz-Shadows/Pokemon_Trainer_Tournament_Simulator/main/Data/UsefulDatasets/gen_1_pokemon_learnsets.json
86,118,TM/HM,0,1,Supplied Gen-I learnset JSON,https://raw.githubusercontent.com/cRz-Shadows/Pokemon_Trainer_Tournament_Simulator/main/Data/UsefulDatasets/gen_1_pokemon_learnsets.json
86,106,TM/HM,0,1,Supplied Gen-I learnset JSON,https://raw.githubusercontent.com/cRz-Shadows/Pokemon_Trainer_Tournament_Simulator/main/Data/UsefulDatasets/gen_1_pokemon_learnsets.json
86,138,TM/HM,0,1,Supplied Gen-I learnset JSON,https://raw.githubusercontent.com/cRz-Shadows/Pokemon_Trainer_Tournament_Simulator/main/Data/UsefulDatasets/gen_1_pokemon_learnsets.json
87,6,level-up,1,1,Supplied Gen-I learnset JSON,https://raw.githubusercontent.com/cRz-Shadows/Pokemon_Trainer_Tournament_Simulator/main/Data/UsefulDatasets/gen_1_pokemon_learnsets.json
87,59,level-up,1,1,Supplied Gen-I learnset JSON,https://raw.githubusercontent.com/cRz-Shadows/Pokemon_Trainer_Tournament_Simulator/main/Data/UsefulDatasets/gen_1_pokemon_learnsets.json
87,53,level-up,1,1,Supplied Gen-I learnset JSON,https://raw.githubusercontent.com/cRz-Shadows/Pokemon_Trainer_Tournament_Simulator/main/Data/UsefulDatasets/gen_1_pokemon_learnsets.json
87,53,level-up,30,1,Supplied Gen-I learnset JSON,https://raw.githubusercontent.com/cRz-Shadows/Pokemon_Trainer_Tournament_Simulator/main/Data/UsefulDatasets/gen_1_pokemon_learnsets.json
87,6,level-up,35,1,Supplied Gen-I learnset JSON,https://raw.githubusercontent.com/cRz-Shadows/Pokemon_Trainer_Tournament_Simulator/main/Data/UsefulDatasets/gen_1_pokemon_learnsets.json
87,106,level-up,44,1,Supplied Gen-I learnset JSON,https://raw.githubusercontent.com/cRz-Shadows/Pokemon_Trainer_Tournament_Simulator/main/Data/UsefulDatasets/gen_1_pokemon_learnsets.json
87,146,level-up,50,1,Supplied Gen-I learnset JSON,https://raw.githubusercontent.com/cRz-Shadows/Pokemon_Trainer_Tournament_Simulator/main/Data/UsefulDatasets/gen_1_pokemon_learnsets.json
87,67,level-up,56,1,Supplied Gen-I learnset JSON,https://raw.githubusercontent.com/cRz-Shadows/Pokemon_Trainer_Tournament_Simulator/main/Data/UsefulDatasets/gen_1_pokemon_learnsets.json
87,89,TM/HM,0,1,Supplied Gen-I learnset JSON,https://raw.githubusercontent.com/cRz-Shadows/Pokemon_Trainer_Tournament_Simulator/main/Data/UsefulDatasets/gen_1_pokemon_learnsets.json
87,62,TM/HM,0,1,Supplied Gen-I learnset JSON,https://raw.githubusercontent.com/cRz-Shadows/Pokemon_Trainer_Tournament_Simulator/main/Data/UsefulDatasets/gen_1_pokemon_learnsets.json
87,13,TM/HM,0,1,Supplied Gen-I learnset JSON,https://raw.githubusercontent.com/cRz-Shadows/Pokemon_Trainer_Tournament_Simulator/main/Data/UsefulDatasets/gen_1_pokemon_learnsets.json
87,146,TM/HM,0,1,Supplied Gen-I learnset JSON,https://raw.githubusercontent.com/cRz-Shadows/Pokemon_Trainer_Tournament_Simulator/main/Data/UsefulDatasets/gen_1_pokemon_learnsets.json
87,33,TM/HM,0,1,Supplied Gen-I learnset JSON,https://raw.githubusercontent.com/cRz-Shadows/Pokemon_Trainer_Tournament_Simulator/main/Data/UsefulDatasets/gen_1_pokemon_learnsets.json
87,160,TM/HM,0,1,Supplied Gen-I learnset JSON,https://raw.githubusercontent.com/cRz-Shadows/Pokemon_Trainer_Tournament_Simulator/main/Data/UsefulDatasets/gen_1_pokemon_learnsets.json
87,141,TM/HM,0,1,Supplied Gen-I learnset JSON,https://raw.githubusercontent.com/cRz-Shadows/Pokemon_Trainer_Tournament_Simulator/main/Data/UsefulDatasets/gen_1_pokemon_learnsets.json
87,67,TM/HM,0,1,Supplied Gen-I learnset JSON,https://raw.githubusercontent.com/cRz-Shadows/Pokemon_Trainer_Tournament_Simulator/main/Data/UsefulDatasets/gen_1_pokemon_learnsets.json
87,12,TM/HM,0,1,Supplied Gen-I learnset JSON,https://raw.githubusercontent.com/cRz-Shadows/Pokemon_Trainer_Tournament_Simulator/main/Data/UsefulDatasets/gen_1_pokemon_learnsets.json
87,17,TM/HM,0,1,Supplied Gen-I learnset JSON,https://raw.githubusercontent.com/cRz-Shadows/Pokemon_Trainer_Tournament_Simulator/main/Data/UsefulDatasets/gen_1_pokemon_learnsets.json
87,64,TM/HM,0,1,Supplied Gen-I learnset JSON,https://raw.githubusercontent.com/cRz-Shadows/Pokemon_Trainer_Tournament_Simulator/main/Data/UsefulDatasets/gen_1_pokemon_learnsets.json
87,133,TM/HM,0,1,Supplied Gen-I learnset JSON,https://raw.githubusercontent.com/cRz-Shadows/Pokemon_Trainer_Tournament_Simulator/main/Data/UsefulDatasets/gen_1_pokemon_learnsets.json
87,154,TM/HM,0,1,Supplied Gen-I learnset JSON,https://raw.githubusercontent.com/cRz-Shadows/Pokemon_Trainer_Tournament_Simulator/main/Data/UsefulDatasets/gen_1_pokemon_learnsets.json
87,101,TM/HM,0,1,Supplied Gen-I learnset JSON,https://raw.githubusercontent.com/cRz-Shadows/Pokemon_Trainer_Tournament_Simulator/main/Data/UsefulDatasets/gen_1_pokemon_learnsets.json
87,84,TM/HM,0,1,Supplied Gen-I learnset JSON,https://raw.githubusercontent.com/cRz-Shadows/Pokemon_Trainer_Tournament_Simulator/main/Data/UsefulDatasets/gen_1_pokemon_learnsets.json
87,32,TM/HM,0,1,Supplied Gen-I learnset JSON,https://raw.githubusercontent.com/cRz-Shadows/Pokemon_Trainer_Tournament_Simulator/main/Data/UsefulDatasets/gen_1_pokemon_learnsets.json
87,9,TM/HM,0,1,Supplied Gen-I learnset JSON,https://raw.githubusercontent.com/cRz-Shadows/Pokemon_Trainer_Tournament_Simulator/main/Data/UsefulDatasets/gen_1_pokemon_learnsets.json
87,118,TM/HM,0,1,Supplied Gen-I learnset JSON,https://raw.githubusercontent.com/cRz-Shadows/Pokemon_Trainer_Tournament_Simulator/main/Data/UsefulDatasets/gen_1_pokemon_learnsets.json
87,106,TM/HM,0,1,Supplied Gen-I learnset JSON,https://raw.githubusercontent.com/cRz-Shadows/Pokemon_Trainer_Tournament_Simulator/main/Data/UsefulDatasets/gen_1_pokemon_learnsets.json
87,138,TM/HM,0,1,Supplied Gen-I learnset JSON,https://raw.githubusercontent.com/cRz-Shadows/Pokemon_Trainer_Tournament_Simulator/main/Data/UsefulDatasets/gen_1_pokemon_learnsets.json
88,96,level-up,1,1,Supplied Gen-I learnset JSON,https://raw.githubusercontent.com/cRz-Shadows/Pokemon_Trainer_Tournament_Simulator/main/Data/UsefulDatasets/gen_1_pokemon_learnsets.json
88,29,level-up,1,1,Supplied Gen-I learnset JSON,https://raw.githubusercontent.com/cRz-Shadows/Pokemon_Trainer_Tournament_Simulator/main/Data/UsefulDatasets/gen_1_pokemon_learnsets.json
88,93,level-up,30,1,Supplied Gen-I learnset JSON,https://raw.githubusercontent.com/cRz-Shadows/Pokemon_Trainer_Tournament_Simulator/main/Data/UsefulDatasets/gen_1_pokemon_learnsets.json
88,85,level-up,33,1,Supplied Gen-I learnset JSON,https://raw.githubusercontent.com/cRz-Shadows/Pokemon_Trainer_Tournament_Simulator/main/Data/UsefulDatasets/gen_1_pokemon_learnsets.json
88,123,level-up,37,1,Supplied Gen-I learnset JSON,https://raw.githubusercontent.com/cRz-Shadows/Pokemon_Trainer_Tournament_Simulator/main/Data/UsefulDatasets/gen_1_pokemon_learnsets.json
88,57,level-up,42,1,Supplied Gen-I learnset JSON,https://raw.githubusercontent.com/cRz-Shadows/Pokemon_Trainer_Tournament_Simulator/main/Data/UsefulDatasets/gen_1_pokemon_learnsets.json
88,113,level-up,48,1,Supplied Gen-I learnset JSON,https://raw.githubusercontent.com/cRz-Shadows/Pokemon_Trainer_Tournament_Simulator/main/Data/UsefulDatasets/gen_1_pokemon_learnsets.json
88,3,level-up,55,1,Supplied Gen-I learnset JSON,https://raw.githubusercontent.com/cRz-Shadows/Pokemon_Trainer_Tournament_Simulator/main/Data/UsefulDatasets/gen_1_pokemon_learnsets.json
88,13,TM/HM,0,1,Supplied Gen-I learnset JSON,https://raw.githubusercontent.com/cRz-Shadows/Pokemon_Trainer_Tournament_Simulator/main/Data/UsefulDatasets/gen_1_pokemon_learnsets.json
88,80,TM/HM,0,1,Supplied Gen-I learnset JSON,https://raw.githubusercontent.com/cRz-Shadows/Pokemon_Trainer_Tournament_Simulator/main/Data/UsefulDatasets/gen_1_pokemon_learnsets.json
88,151,TM/HM,0,1,Supplied Gen-I learnset JSON,https://raw.githubusercontent.com/cRz-Shadows/Pokemon_Trainer_Tournament_Simulator/main/Data/UsefulDatasets/gen_1_pokemon_learnsets.json
88,149,TM/HM,0,1,Supplied Gen-I learnset JSON,https://raw.githubusercontent.com/cRz-Shadows/Pokemon_Trainer_Tournament_Simulator/main/Data/UsefulDatasets/gen_1_pokemon_learnsets.json
88,154,TM/HM,0,1,Supplied Gen-I learnset JSON,https://raw.githubusercontent.com/cRz-Shadows/Pokemon_Trainer_Tournament_Simulator/main/Data/UsefulDatasets/gen_1_pokemon_learnsets.json
88,101,TM/HM,0,1,Supplied Gen-I learnset JSON,https://raw.githubusercontent.com/cRz-Shadows/Pokemon_Trainer_Tournament_Simulator/main/Data/UsefulDatasets/gen_1_pokemon_learnsets.json
88,84,TM/HM,0,1,Supplied Gen-I learnset JSON,https://raw.githubusercontent.com/cRz-Shadows/Pokemon_Trainer_Tournament_Simulator/main/Data/UsefulDatasets/gen_1_pokemon_learnsets.json
88,32,TM/HM,0,1,Supplied Gen-I learnset JSON,https://raw.githubusercontent.com/cRz-Shadows/Pokemon_Trainer_Tournament_Simulator/main/Data/UsefulDatasets/gen_1_pokemon_learnsets.json
88,9,TM/HM,0,1,Supplied Gen-I learnset JSON,https://raw.githubusercontent.com/cRz-Shadows/Pokemon_Trainer_Tournament_Simulator/main/Data/UsefulDatasets/gen_1_pokemon_learnsets.json
88,115,TM/HM,0,1,Supplied Gen-I learnset JSON,https://raw.githubusercontent.com/cRz-Shadows/Pokemon_Trainer_Tournament_Simulator/main/Data/UsefulDatasets/gen_1_pokemon_learnsets.json
88,42,TM/HM,0,1,Supplied Gen-I learnset JSON,https://raw.githubusercontent.com/cRz-Shadows/Pokemon_Trainer_Tournament_Simulator/main/Data/UsefulDatasets/gen_1_pokemon_learnsets.json
88,41,TM/HM,0,1,Supplied Gen-I learnset JSON,https://raw.githubusercontent.com/cRz-Shadows/Pokemon_Trainer_Tournament_Simulator/main/Data/UsefulDatasets/gen_1_pokemon_learnsets.json
88,106,TM/HM,0,1,Supplied Gen-I learnset JSON,https://raw.githubusercontent.com/cRz-Shadows/Pokemon_Trainer_Tournament_Simulator/main/Data/UsefulDatasets/gen_1_pokemon_learnsets.json
88,138,TM/HM,0,1,Supplied Gen-I learnset JSON,https://raw.githubusercontent.com/cRz-Shadows/Pokemon_Trainer_Tournament_Simulator/main/Data/UsefulDatasets/gen_1_pokemon_learnsets.json
89,96,level-up,1,1,Supplied Gen-I learnset JSON,https://raw.githubusercontent.com/cRz-Shadows/Pokemon_Trainer_Tournament_Simulator/main/Data/UsefulDatasets/gen_1_pokemon_learnsets.json
89,29,level-up,1,1,Supplied Gen-I learnset JSON,https://raw.githubusercontent.com/cRz-Shadows/Pokemon_Trainer_Tournament_Simulator/main/Data/UsefulDatasets/gen_1_pokemon_learnsets.json
89,93,level-up,1,1,Supplied Gen-I learnset JSON,https://raw.githubusercontent.com/cRz-Shadows/Pokemon_Trainer_Tournament_Simulator/main/Data/UsefulDatasets/gen_1_pokemon_learnsets.json
89,93,level-up,30,1,Supplied Gen-I learnset JSON,https://raw.githubusercontent.com/cRz-Shadows/Pokemon_Trainer_Tournament_Simulator/main/Data/UsefulDatasets/gen_1_pokemon_learnsets.json
89,85,level-up,33,1,Supplied Gen-I learnset JSON,https://raw.githubusercontent.com/cRz-Shadows/Pokemon_Trainer_Tournament_Simulator/main/Data/UsefulDatasets/gen_1_pokemon_learnsets.json
89,123,level-up,37,1,Supplied Gen-I learnset JSON,https://raw.githubusercontent.com/cRz-Shadows/Pokemon_Trainer_Tournament_Simulator/main/Data/UsefulDatasets/gen_1_pokemon_learnsets.json
89,57,level-up,45,1,Supplied Gen-I learnset JSON,https://raw.githubusercontent.com/cRz-Shadows/Pokemon_Trainer_Tournament_Simulator/main/Data/UsefulDatasets/gen_1_pokemon_learnsets.json
89,113,level-up,53,1,Supplied Gen-I learnset JSON,https://raw.githubusercontent.com/cRz-Shadows/Pokemon_Trainer_Tournament_Simulator/main/Data/UsefulDatasets/gen_1_pokemon_learnsets.json
89,3,level-up,60,1,Supplied Gen-I learnset JSON,https://raw.githubusercontent.com/cRz-Shadows/Pokemon_Trainer_Tournament_Simulator/main/Data/UsefulDatasets/gen_1_pokemon_learnsets.json
89,13,TM/HM,0,1,Supplied Gen-I learnset JSON,https://raw.githubusercontent.com/cRz-Shadows/Pokemon_Trainer_Tournament_Simulator/main/Data/UsefulDatasets/gen_1_pokemon_learnsets.json
89,64,TM/HM,0,1,Supplied Gen-I learnset JSON,https://raw.githubusercontent.com/cRz-Shadows/Pokemon_Trainer_Tournament_Simulator/main/Data/UsefulDatasets/gen_1_pokemon_learnsets.json
89,80,TM/HM,0,1,Supplied Gen-I learnset JSON,https://raw.githubusercontent.com/cRz-Shadows/Pokemon_Trainer_Tournament_Simulator/main/Data/UsefulDatasets/gen_1_pokemon_learnsets.json
89,151,TM/HM,0,1,Supplied Gen-I learnset JSON,https://raw.githubusercontent.com/cRz-Shadows/Pokemon_Trainer_Tournament_Simulator/main/Data/UsefulDatasets/gen_1_pokemon_learnsets.json
89,149,TM/HM,0,1,Supplied Gen-I learnset JSON,https://raw.githubusercontent.com/cRz-Shadows/Pokemon_Trainer_Tournament_Simulator/main/Data/UsefulDatasets/gen_1_pokemon_learnsets.json
89,154,TM/HM,0,1,Supplied Gen-I learnset JSON,https://raw.githubusercontent.com/cRz-Shadows/Pokemon_Trainer_Tournament_Simulator/main/Data/UsefulDatasets/gen_1_pokemon_learnsets.json
89,101,TM/HM,0,1,Supplied Gen-I learnset JSON,https://raw.githubusercontent.com/cRz-Shadows/Pokemon_Trainer_Tournament_Simulator/main/Data/UsefulDatasets/gen_1_pokemon_learnsets.json
89,84,TM/HM,0,1,Supplied Gen-I learnset JSON,https://raw.githubusercontent.com/cRz-Shadows/Pokemon_Trainer_Tournament_Simulator/main/Data/UsefulDatasets/gen_1_pokemon_learnsets.json
89,32,TM/HM,0,1,Supplied Gen-I learnset JSON,https://raw.githubusercontent.com/cRz-Shadows/Pokemon_Trainer_Tournament_Simulator/main/Data/UsefulDatasets/gen_1_pokemon_learnsets.json
89,9,TM/HM,0,1,Supplied Gen-I learnset JSON,https://raw.githubusercontent.com/cRz-Shadows/Pokemon_Trainer_Tournament_Simulator/main/Data/UsefulDatasets/gen_1_pokemon_learnsets.json
89,115,TM/HM,0,1,Supplied Gen-I learnset JSON,https://raw.githubusercontent.com/cRz-Shadows/Pokemon_Trainer_Tournament_Simulator/main/Data/UsefulDatasets/gen_1_pokemon_learnsets.json
89,42,TM/HM,0,1,Supplied Gen-I learnset JSON,https://raw.githubusercontent.com/cRz-Shadows/Pokemon_Trainer_Tournament_Simulator/main/Data/UsefulDatasets/gen_1_pokemon_learnsets.json
89,41,TM/HM,0,1,Supplied Gen-I learnset JSON,https://raw.githubusercontent.com/cRz-Shadows/Pokemon_Trainer_Tournament_Simulator/main/Data/UsefulDatasets/gen_1_pokemon_learnsets.json
89,106,TM/HM,0,1,Supplied Gen-I learnset JSON,https://raw.githubusercontent.com/cRz-Shadows/Pokemon_Trainer_Tournament_Simulator/main/Data/UsefulDatasets/gen_1_pokemon_learnsets.json
89,138,TM/HM,0,1,Supplied Gen-I learnset JSON,https://raw.githubusercontent.com/cRz-Shadows/Pokemon_Trainer_Tournament_Simulator/main/Data/UsefulDatasets/gen_1_pokemon_learnsets.json
90,144,level-up,1,1,Supplied Gen-I learnset JSON,https://raw.githubusercontent.com/cRz-Shadows/Pokemon_Trainer_Tournament_Simulator/main/Data/UsefulDatasets/gen_1_pokemon_learnsets.json
90,164,level-up,1,1,Supplied Gen-I learnset JSON,https://raw.githubusercontent.com/cRz-Shadows/Pokemon_Trainer_Tournament_Simulator/main/Data/UsefulDatasets/gen_1_pokemon_learnsets.json
90,140,level-up,18,1,Supplied Gen-I learnset JSON,https://raw.githubusercontent.com/cRz-Shadows/Pokemon_Trainer_Tournament_Simulator/main/Data/UsefulDatasets/gen_1_pokemon_learnsets.json
90,18,level-up,23,1,Supplied Gen-I learnset JSON,https://raw.githubusercontent.com/cRz-Shadows/Pokemon_Trainer_Tournament_Simulator/main/Data/UsefulDatasets/gen_1_pokemon_learnsets.json
90,6,level-up,30,1,Supplied Gen-I learnset JSON,https://raw.githubusercontent.com/cRz-Shadows/Pokemon_Trainer_Tournament_Simulator/main/Data/UsefulDatasets/gen_1_pokemon_learnsets.json
90,74,level-up,39,1,Supplied Gen-I learnset JSON,https://raw.githubusercontent.com/cRz-Shadows/Pokemon_Trainer_Tournament_Simulator/main/Data/UsefulDatasets/gen_1_pokemon_learnsets.json
90,67,level-up,50,1,Supplied Gen-I learnset JSON,https://raw.githubusercontent.com/cRz-Shadows/Pokemon_Trainer_Tournament_Simulator/main/Data/UsefulDatasets/gen_1_pokemon_learnsets.json
90,146,TM/HM,0,1,Supplied Gen-I learnset JSON,https://raw.githubusercontent.com/cRz-Shadows/Pokemon_Trainer_Tournament_Simulator/main/Data/UsefulDatasets/gen_1_pokemon_learnsets.json
90,33,TM/HM,0,1,Supplied Gen-I learnset JSON,https://raw.githubusercontent.com/cRz-Shadows/Pokemon_Trainer_Tournament_Simulator/main/Data/UsefulDatasets/gen_1_pokemon_learnsets.json
90,160,TM/HM,0,1,Supplied Gen-I learnset JSON,https://raw.githubusercontent.com/cRz-Shadows/Pokemon_Trainer_Tournament_Simulator/main/Data/UsefulDatasets/gen_1_pokemon_learnsets.json
90,141,TM/HM,0,1,Supplied Gen-I learnset JSON,https://raw.githubusercontent.com/cRz-Shadows/Pokemon_Trainer_Tournament_Simulator/main/Data/UsefulDatasets/gen_1_pokemon_learnsets.json
90,67,TM/HM,0,1,Supplied Gen-I learnset JSON,https://raw.githubusercontent.com/cRz-Shadows/Pokemon_Trainer_Tournament_Simulator/main/Data/UsefulDatasets/gen_1_pokemon_learnsets.json
90,12,TM/HM,0,1,Supplied Gen-I learnset JSON,https://raw.githubusercontent.com/cRz-Shadows/Pokemon_Trainer_Tournament_Simulator/main/Data/UsefulDatasets/gen_1_pokemon_learnsets.json
90,17,TM/HM,0,1,Supplied Gen-I learnset JSON,https://raw.githubusercontent.com/cRz-Shadows/Pokemon_Trainer_Tournament_Simulator/main/Data/UsefulDatasets/gen_1_pokemon_learnsets.json
90,154,TM/HM,0,1,Supplied Gen-I learnset JSON,https://raw.githubusercontent.com/cRz-Shadows/Pokemon_Trainer_Tournament_Simulator/main/Data/UsefulDatasets/gen_1_pokemon_learnsets.json
90,101,TM/HM,0,1,Supplied Gen-I learnset JSON,https://raw.githubusercontent.com/cRz-Shadows/Pokemon_Trainer_Tournament_Simulator/main/Data/UsefulDatasets/gen_1_pokemon_learnsets.json
90,147,TM/HM,0,1,Supplied Gen-I learnset JSON,https://raw.githubusercontent.com/cRz-Shadows/Pokemon_Trainer_Tournament_Simulator/main/Data/UsefulDatasets/gen_1_pokemon_learnsets.json
90,84,TM/HM,0,1,Supplied Gen-I learnset JSON,https://raw.githubusercontent.com/cRz-Shadows/Pokemon_Trainer_Tournament_Simulator/main/Data/UsefulDatasets/gen_1_pokemon_learnsets.json
90,32,TM/HM,0,1,Supplied Gen-I learnset JSON,https://raw.githubusercontent.com/cRz-Shadows/Pokemon_Trainer_Tournament_Simulator/main/Data/UsefulDatasets/gen_1_pokemon_learnsets.json
90,105,TM/HM,0,1,Supplied Gen-I learnset JSON,https://raw.githubusercontent.com/cRz-Shadows/Pokemon_Trainer_Tournament_Simulator/main/Data/UsefulDatasets/gen_1_pokemon_learnsets.json
90,9,TM/HM,0,1,Supplied Gen-I learnset JSON,https://raw.githubusercontent.com/cRz-Shadows/Pokemon_Trainer_Tournament_Simulator/main/Data/UsefulDatasets/gen_1_pokemon_learnsets.json
90,115,TM/HM,0,1,Supplied Gen-I learnset JSON,https://raw.githubusercontent.com/cRz-Shadows/Pokemon_Trainer_Tournament_Simulator/main/Data/UsefulDatasets/gen_1_pokemon_learnsets.json
90,142,TM/HM,0,1,Supplied Gen-I learnset JSON,https://raw.githubusercontent.com/cRz-Shadows/Pokemon_Trainer_Tournament_Simulator/main/Data/UsefulDatasets/gen_1_pokemon_learnsets.json
90,41,TM/HM,0,1,Supplied Gen-I learnset JSON,https://raw.githubusercontent.com/cRz-Shadows/Pokemon_Trainer_Tournament_Simulator/main/Data/UsefulDatasets/gen_1_pokemon_learnsets.json
90,106,TM/HM,0,1,Supplied Gen-I learnset JSON,https://raw.githubusercontent.com/cRz-Shadows/Pokemon_Trainer_Tournament_Simulator/main/Data/UsefulDatasets/gen_1_pokemon_learnsets.json
90,156,TM/HM,0,1,Supplied Gen-I learnset JSON,https://raw.githubusercontent.com/cRz-Shadows/Pokemon_Trainer_Tournament_Simulator/main/Data/UsefulDatasets/gen_1_pokemon_learnsets.json
90,138,TM/HM,0,1,Supplied Gen-I learnset JSON,https://raw.githubusercontent.com/cRz-Shadows/Pokemon_Trainer_Tournament_Simulator/main/Data/UsefulDatasets/gen_1_pokemon_learnsets.json
91,18,level-up,1,1,Supplied Gen-I learnset JSON,https://raw.githubusercontent.com/cRz-Shadows/Pokemon_Trainer_Tournament_Simulator/main/Data/UsefulDatasets/gen_1_pokemon_learnsets.json
91,6,level-up,1,1,Supplied Gen-I learnset JSON,https://raw.githubusercontent.com/cRz-Shadows/Pokemon_Trainer_Tournament_Simulator/main/Data/UsefulDatasets/gen_1_pokemon_learnsets.json
91,140,level-up,1,1,Supplied Gen-I learnset JSON,https://raw.githubusercontent.com/cRz-Shadows/Pokemon_Trainer_Tournament_Simulator/main/Data/UsefulDatasets/gen_1_pokemon_learnsets.json
91,164,level-up,1,1,Supplied Gen-I learnset JSON,https://raw.githubusercontent.com/cRz-Shadows/Pokemon_Trainer_Tournament_Simulator/main/Data/UsefulDatasets/gen_1_pokemon_learnsets.json
91,129,level-up,50,1,Supplied Gen-I learnset JSON,https://raw.githubusercontent.com/cRz-Shadows/Pokemon_Trainer_Tournament_Simulator/main/Data/UsefulDatasets/gen_1_pokemon_learnsets.json
91,146,TM/HM,0,1,Supplied Gen-I learnset JSON,https://raw.githubusercontent.com/cRz-Shadows/Pokemon_Trainer_Tournament_Simulator/main/Data/UsefulDatasets/gen_1_pokemon_learnsets.json
91,33,TM/HM,0,1,Supplied Gen-I learnset JSON,https://raw.githubusercontent.com/cRz-Shadows/Pokemon_Trainer_Tournament_Simulator/main/Data/UsefulDatasets/gen_1_pokemon_learnsets.json
91,160,TM/HM,0,1,Supplied Gen-I learnset JSON,https://raw.githubusercontent.com/cRz-Shadows/Pokemon_Trainer_Tournament_Simulator/main/Data/UsefulDatasets/gen_1_pokemon_learnsets.json
91,141,TM/HM,0,1,Supplied Gen-I learnset JSON,https://raw.githubusercontent.com/cRz-Shadows/Pokemon_Trainer_Tournament_Simulator/main/Data/UsefulDatasets/gen_1_pokemon_learnsets.json
91,67,TM/HM,0,1,Supplied Gen-I learnset JSON,https://raw.githubusercontent.com/cRz-Shadows/Pokemon_Trainer_Tournament_Simulator/main/Data/UsefulDatasets/gen_1_pokemon_learnsets.json
91,12,TM/HM,0,1,Supplied Gen-I learnset JSON,https://raw.githubusercontent.com/cRz-Shadows/Pokemon_Trainer_Tournament_Simulator/main/Data/UsefulDatasets/gen_1_pokemon_learnsets.json
91,17,TM/HM,0,1,Supplied Gen-I learnset JSON,https://raw.githubusercontent.com/cRz-Shadows/Pokemon_Trainer_Tournament_Simulator/main/Data/UsefulDatasets/gen_1_pokemon_learnsets.json
91,64,TM/HM,0,1,Supplied Gen-I learnset JSON,https://raw.githubusercontent.com/cRz-Shadows/Pokemon_Trainer_Tournament_Simulator/main/Data/UsefulDatasets/gen_1_pokemon_learnsets.json
91,154,TM/HM,0,1,Supplied Gen-I learnset JSON,https://raw.githubusercontent.com/cRz-Shadows/Pokemon_Trainer_Tournament_Simulator/main/Data/UsefulDatasets/gen_1_pokemon_learnsets.json
91,101,TM/HM,0,1,Supplied Gen-I learnset JSON,https://raw.githubusercontent.com/cRz-Shadows/Pokemon_Trainer_Tournament_Simulator/main/Data/UsefulDatasets/gen_1_pokemon_learnsets.json
91,147,TM/HM,0,1,Supplied Gen-I learnset JSON,https://raw.githubusercontent.com/cRz-Shadows/Pokemon_Trainer_Tournament_Simulator/main/Data/UsefulDatasets/gen_1_pokemon_learnsets.json
91,84,TM/HM,0,1,Supplied Gen-I learnset JSON,https://raw.githubusercontent.com/cRz-Shadows/Pokemon_Trainer_Tournament_Simulator/main/Data/UsefulDatasets/gen_1_pokemon_learnsets.json
91,32,TM/HM,0,1,Supplied Gen-I learnset JSON,https://raw.githubusercontent.com/cRz-Shadows/Pokemon_Trainer_Tournament_Simulator/main/Data/UsefulDatasets/gen_1_pokemon_learnsets.json
91,105,TM/HM,0,1,Supplied Gen-I learnset JSON,https://raw.githubusercontent.com/cRz-Shadows/Pokemon_Trainer_Tournament_Simulator/main/Data/UsefulDatasets/gen_1_pokemon_learnsets.json
91,9,TM/HM,0,1,Supplied Gen-I learnset JSON,https://raw.githubusercontent.com/cRz-Shadows/Pokemon_Trainer_Tournament_Simulator/main/Data/UsefulDatasets/gen_1_pokemon_learnsets.json
91,115,TM/HM,0,1,Supplied Gen-I learnset JSON,https://raw.githubusercontent.com/cRz-Shadows/Pokemon_Trainer_Tournament_Simulator/main/Data/UsefulDatasets/gen_1_pokemon_learnsets.json
91,142,TM/HM,0,1,Supplied Gen-I learnset JSON,https://raw.githubusercontent.com/cRz-Shadows/Pokemon_Trainer_Tournament_Simulator/main/Data/UsefulDatasets/gen_1_pokemon_learnsets.json
91,41,TM/HM,0,1,Supplied Gen-I learnset JSON,https://raw.githubusercontent.com/cRz-Shadows/Pokemon_Trainer_Tournament_Simulator/main/Data/UsefulDatasets/gen_1_pokemon_learnsets.json
91,106,TM/HM,0,1,Supplied Gen-I learnset JSON,https://raw.githubusercontent.com/cRz-Shadows/Pokemon_Trainer_Tournament_Simulator/main/Data/UsefulDatasets/gen_1_pokemon_learnsets.json
91,156,TM/HM,0,1,Supplied Gen-I learnset JSON,https://raw.githubusercontent.com/cRz-Shadows/Pokemon_Trainer_Tournament_Simulator/main/Data/UsefulDatasets/gen_1_pokemon_learnsets.json
91,138,TM/HM,0,1,Supplied Gen-I learnset JSON,https://raw.githubusercontent.com/cRz-Shadows/Pokemon_Trainer_Tournament_Simulator/main/Data/UsefulDatasets/gen_1_pokemon_learnsets.json
92,75,level-up,1,1,Supplied Gen-I learnset JSON,https://raw.githubusercontent.com/cRz-Shadows/Pokemon_Trainer_Tournament_Simulator/main/Data/UsefulDatasets/gen_1_pokemon_learnsets.json
92,88,level-up,1,1,Supplied Gen-I learnset JSON,https://raw.githubusercontent.com/cRz-Shadows/Pokemon_Trainer_Tournament_Simulator/main/Data/UsefulDatasets/gen_1_pokemon_learnsets.json
92,20,level-up,1,1,Supplied Gen-I learnset JSON,https://raw.githubusercontent.com/cRz-Shadows/Pokemon_Trainer_Tournament_Simulator/main/Data/UsefulDatasets/gen_1_pokemon_learnsets.json
92,66,level-up,27,1,Supplied Gen-I learnset JSON,https://raw.githubusercontent.com/cRz-Shadows/Pokemon_Trainer_Tournament_Simulator/main/Data/UsefulDatasets/gen_1_pokemon_learnsets.json
92,36,level-up,35,1,Supplied Gen-I learnset JSON,https://raw.githubusercontent.com/cRz-Shadows/Pokemon_Trainer_Tournament_Simulator/main/Data/UsefulDatasets/gen_1_pokemon_learnsets.json
92,80,TM/HM,0,1,Supplied Gen-I learnset JSON,https://raw.githubusercontent.com/cRz-Shadows/Pokemon_Trainer_Tournament_Simulator/main/Data/UsefulDatasets/gen_1_pokemon_learnsets.json
92,151,TM/HM,0,1,Supplied Gen-I learnset JSON,https://raw.githubusercontent.com/cRz-Shadows/Pokemon_Trainer_Tournament_Simulator/main/Data/UsefulDatasets/gen_1_pokemon_learnsets.json
92,149,TM/HM,0,1,Supplied Gen-I learnset JSON,https://raw.githubusercontent.com/cRz-Shadows/Pokemon_Trainer_Tournament_Simulator/main/Data/UsefulDatasets/gen_1_pokemon_learnsets.json
92,154,TM/HM,0,1,Supplied Gen-I learnset JSON,https://raw.githubusercontent.com/cRz-Shadows/Pokemon_Trainer_Tournament_Simulator/main/Data/UsefulDatasets/gen_1_pokemon_learnsets.json
92,98,TM/HM,0,1,Supplied Gen-I learnset JSON,https://raw.githubusercontent.com/cRz-Shadows/Pokemon_Trainer_Tournament_Simulator/main/Data/UsefulDatasets/gen_1_pokemon_learnsets.json
92,101,TM/HM,0,1,Supplied Gen-I learnset JSON,https://raw.githubusercontent.com/cRz-Shadows/Pokemon_Trainer_Tournament_Simulator/main/Data/UsefulDatasets/gen_1_pokemon_learnsets.json
92,84,TM/HM,0,1,Supplied Gen-I learnset JSON,https://raw.githubusercontent.com/cRz-Shadows/Pokemon_Trainer_Tournament_Simulator/main/Data/UsefulDatasets/gen_1_pokemon_learnsets.json
92,32,TM/HM,0,1,Supplied Gen-I learnset JSON,https://raw.githubusercontent.com/cRz-Shadows/Pokemon_Trainer_Tournament_Simulator/main/Data/UsefulDatasets/gen_1_pokemon_learnsets.json
92,9,TM/HM,0,1,Supplied Gen-I learnset JSON,https://raw.githubusercontent.com/cRz-Shadows/Pokemon_Trainer_Tournament_Simulator/main/Data/UsefulDatasets/gen_1_pokemon_learnsets.json
92,115,TM/HM,0,1,Supplied Gen-I learnset JSON,https://raw.githubusercontent.com/cRz-Shadows/Pokemon_Trainer_Tournament_Simulator/main/Data/UsefulDatasets/gen_1_pokemon_learnsets.json
92,36,TM/HM,0,1,Supplied Gen-I learnset JSON,https://raw.githubusercontent.com/cRz-Shadows/Pokemon_Trainer_Tournament_Simulator/main/Data/UsefulDatasets/gen_1_pokemon_learnsets.json
92,99,TM/HM,0,1,Supplied Gen-I learnset JSON,https://raw.githubusercontent.com/cRz-Shadows/Pokemon_Trainer_Tournament_Simulator/main/Data/UsefulDatasets/gen_1_pokemon_learnsets.json
92,41,TM/HM,0,1,Supplied Gen-I learnset JSON,https://raw.githubusercontent.com/cRz-Shadows/Pokemon_Trainer_Tournament_Simulator/main/Data/UsefulDatasets/gen_1_pokemon_learnsets.json
92,106,TM/HM,0,1,Supplied Gen-I learnset JSON,https://raw.githubusercontent.com/cRz-Shadows/Pokemon_Trainer_Tournament_Simulator/main/Data/UsefulDatasets/gen_1_pokemon_learnsets.json
92,138,TM/HM,0,1,Supplied Gen-I learnset JSON,https://raw.githubusercontent.com/cRz-Shadows/Pokemon_Trainer_Tournament_Simulator/main/Data/UsefulDatasets/gen_1_pokemon_learnsets.json
93,75,level-up,1,1,Supplied Gen-I learnset JSON,https://raw.githubusercontent.com/cRz-Shadows/Pokemon_Trainer_Tournament_Simulator/main/Data/UsefulDatasets/gen_1_pokemon_learnsets.json
93,88,level-up,1,1,Supplied Gen-I learnset JSON,https://raw.githubusercontent.com/cRz-Shadows/Pokemon_Trainer_Tournament_Simulator/main/Data/UsefulDatasets/gen_1_pokemon_learnsets.json
93,20,level-up,1,1,Supplied Gen-I learnset JSON,https://raw.githubusercontent.com/cRz-Shadows/Pokemon_Trainer_Tournament_Simulator/main/Data/UsefulDatasets/gen_1_pokemon_learnsets.json
93,66,level-up,29,1,Supplied Gen-I learnset JSON,https://raw.githubusercontent.com/cRz-Shadows/Pokemon_Trainer_Tournament_Simulator/main/Data/UsefulDatasets/gen_1_pokemon_learnsets.json
93,36,level-up,38,1,Supplied Gen-I learnset JSON,https://raw.githubusercontent.com/cRz-Shadows/Pokemon_Trainer_Tournament_Simulator/main/Data/UsefulDatasets/gen_1_pokemon_learnsets.json
93,80,TM/HM,0,1,Supplied Gen-I learnset JSON,https://raw.githubusercontent.com/cRz-Shadows/Pokemon_Trainer_Tournament_Simulator/main/Data/UsefulDatasets/gen_1_pokemon_learnsets.json
93,151,TM/HM,0,1,Supplied Gen-I learnset JSON,https://raw.githubusercontent.com/cRz-Shadows/Pokemon_Trainer_Tournament_Simulator/main/Data/UsefulDatasets/gen_1_pokemon_learnsets.json
93,149,TM/HM,0,1,Supplied Gen-I learnset JSON,https://raw.githubusercontent.com/cRz-Shadows/Pokemon_Trainer_Tournament_Simulator/main/Data/UsefulDatasets/gen_1_pokemon_learnsets.json
93,154,TM/HM,0,1,Supplied Gen-I learnset JSON,https://raw.githubusercontent.com/cRz-Shadows/Pokemon_Trainer_Tournament_Simulator/main/Data/UsefulDatasets/gen_1_pokemon_learnsets.json
93,98,TM/HM,0,1,Supplied Gen-I learnset JSON,https://raw.githubusercontent.com/cRz-Shadows/Pokemon_Trainer_Tournament_Simulator/main/Data/UsefulDatasets/gen_1_pokemon_learnsets.json
93,101,TM/HM,0,1,Supplied Gen-I learnset JSON,https://raw.githubusercontent.com/cRz-Shadows/Pokemon_Trainer_Tournament_Simulator/main/Data/UsefulDatasets/gen_1_pokemon_learnsets.json
93,84,TM/HM,0,1,Supplied Gen-I learnset JSON,https://raw.githubusercontent.com/cRz-Shadows/Pokemon_Trainer_Tournament_Simulator/main/Data/UsefulDatasets/gen_1_pokemon_learnsets.json
93,32,TM/HM,0,1,Supplied Gen-I learnset JSON,https://raw.githubusercontent.com/cRz-Shadows/Pokemon_Trainer_Tournament_Simulator/main/Data/UsefulDatasets/gen_1_pokemon_learnsets.json
93,9,TM/HM,0,1,Supplied Gen-I learnset JSON,https://raw.githubusercontent.com/cRz-Shadows/Pokemon_Trainer_Tournament_Simulator/main/Data/UsefulDatasets/gen_1_pokemon_learnsets.json
93,115,TM/HM,0,1,Supplied Gen-I learnset JSON,https://raw.githubusercontent.com/cRz-Shadows/Pokemon_Trainer_Tournament_Simulator/main/Data/UsefulDatasets/gen_1_pokemon_learnsets.json
93,36,TM/HM,0,1,Supplied Gen-I learnset JSON,https://raw.githubusercontent.com/cRz-Shadows/Pokemon_Trainer_Tournament_Simulator/main/Data/UsefulDatasets/gen_1_pokemon_learnsets.json
93,99,TM/HM,0,1,Supplied Gen-I learnset JSON,https://raw.githubusercontent.com/cRz-Shadows/Pokemon_Trainer_Tournament_Simulator/main/Data/UsefulDatasets/gen_1_pokemon_learnsets.json
93,41,TM/HM,0,1,Supplied Gen-I learnset JSON,https://raw.githubusercontent.com/cRz-Shadows/Pokemon_Trainer_Tournament_Simulator/main/Data/UsefulDatasets/gen_1_pokemon_learnsets.json
93,106,TM/HM,0,1,Supplied Gen-I learnset JSON,https://raw.githubusercontent.com/cRz-Shadows/Pokemon_Trainer_Tournament_Simulator/main/Data/UsefulDatasets/gen_1_pokemon_learnsets.json
93,138,TM/HM,0,1,Supplied Gen-I learnset JSON,https://raw.githubusercontent.com/cRz-Shadows/Pokemon_Trainer_Tournament_Simulator/main/Data/UsefulDatasets/gen_1_pokemon_learnsets.json
94,75,level-up,1,1,Supplied Gen-I learnset JSON,https://raw.githubusercontent.com/cRz-Shadows/Pokemon_Trainer_Tournament_Simulator/main/Data/UsefulDatasets/gen_1_pokemon_learnsets.json
94,88,level-up,1,1,Supplied Gen-I learnset JSON,https://raw.githubusercontent.com/cRz-Shadows/Pokemon_Trainer_Tournament_Simulator/main/Data/UsefulDatasets/gen_1_pokemon_learnsets.json
94,20,level-up,1,1,Supplied Gen-I learnset JSON,https://raw.githubusercontent.com/cRz-Shadows/Pokemon_Trainer_Tournament_Simulator/main/Data/UsefulDatasets/gen_1_pokemon_learnsets.json
94,66,level-up,29,1,Supplied Gen-I learnset JSON,https://raw.githubusercontent.com/cRz-Shadows/Pokemon_Trainer_Tournament_Simulator/main/Data/UsefulDatasets/gen_1_pokemon_learnsets.json
94,36,level-up,38,1,Supplied Gen-I learnset JSON,https://raw.githubusercontent.com/cRz-Shadows/Pokemon_Trainer_Tournament_Simulator/main/Data/UsefulDatasets/gen_1_pokemon_learnsets.json
94,82,TM/HM,0,1,Supplied Gen-I learnset JSON,https://raw.githubusercontent.com/cRz-Shadows/Pokemon_Trainer_Tournament_Simulator/main/Data/UsefulDatasets/gen_1_pokemon_learnsets.json
94,81,TM/HM,0,1,Supplied Gen-I learnset JSON,https://raw.githubusercontent.com/cRz-Shadows/Pokemon_Trainer_Tournament_Simulator/main/Data/UsefulDatasets/gen_1_pokemon_learnsets.json
94,13,TM/HM,0,1,Supplied Gen-I learnset JSON,https://raw.githubusercontent.com/cRz-Shadows/Pokemon_Trainer_Tournament_Simulator/main/Data/UsefulDatasets/gen_1_pokemon_learnsets.json
94,146,TM/HM,0,1,Supplied Gen-I learnset JSON,https://raw.githubusercontent.com/cRz-Shadows/Pokemon_Trainer_Tournament_Simulator/main/Data/UsefulDatasets/gen_1_pokemon_learnsets.json
94,33,TM/HM,0,1,Supplied Gen-I learnset JSON,https://raw.githubusercontent.com/cRz-Shadows/Pokemon_Trainer_Tournament_Simulator/main/Data/UsefulDatasets/gen_1_pokemon_learnsets.json
94,64,TM/HM,0,1,Supplied Gen-I learnset JSON,https://raw.githubusercontent.com/cRz-Shadows/Pokemon_Trainer_Tournament_Simulator/main/Data/UsefulDatasets/gen_1_pokemon_learnsets.json
94,137,TM/HM,0,1,Supplied Gen-I learnset JSON,https://raw.githubusercontent.com/cRz-Shadows/Pokemon_Trainer_Tournament_Simulator/main/Data/UsefulDatasets/gen_1_pokemon_learnsets.json
94,24,TM/HM,0,1,Supplied Gen-I learnset JSON,https://raw.githubusercontent.com/cRz-Shadows/Pokemon_Trainer_Tournament_Simulator/main/Data/UsefulDatasets/gen_1_pokemon_learnsets.json
94,114,TM/HM,0,1,Supplied Gen-I learnset JSON,https://raw.githubusercontent.com/cRz-Shadows/Pokemon_Trainer_Tournament_Simulator/main/Data/UsefulDatasets/gen_1_pokemon_learnsets.json
94,133,TM/HM,0,1,Supplied Gen-I learnset JSON,https://raw.githubusercontent.com/cRz-Shadows/Pokemon_Trainer_Tournament_Simulator/main/Data/UsefulDatasets/gen_1_pokemon_learnsets.json
94,80,TM/HM,0,1,Supplied Gen-I learnset JSON,https://raw.githubusercontent.com/cRz-Shadows/Pokemon_Trainer_Tournament_Simulator/main/Data/UsefulDatasets/gen_1_pokemon_learnsets.json
94,151,TM/HM,0,1,Supplied Gen-I learnset JSON,https://raw.githubusercontent.com/cRz-Shadows/Pokemon_Trainer_Tournament_Simulator/main/Data/UsefulDatasets/gen_1_pokemon_learnsets.json
94,149,TM/HM,0,1,Supplied Gen-I learnset JSON,https://raw.githubusercontent.com/cRz-Shadows/Pokemon_Trainer_Tournament_Simulator/main/Data/UsefulDatasets/gen_1_pokemon_learnsets.json
94,154,TM/HM,0,1,Supplied Gen-I learnset JSON,https://raw.githubusercontent.com/cRz-Shadows/Pokemon_Trainer_Tournament_Simulator/main/Data/UsefulDatasets/gen_1_pokemon_learnsets.json
94,98,TM/HM,0,1,Supplied Gen-I learnset JSON,https://raw.githubusercontent.com/cRz-Shadows/Pokemon_Trainer_Tournament_Simulator/main/Data/UsefulDatasets/gen_1_pokemon_learnsets.json
94,101,TM/HM,0,1,Supplied Gen-I learnset JSON,https://raw.githubusercontent.com/cRz-Shadows/Pokemon_Trainer_Tournament_Simulator/main/Data/UsefulDatasets/gen_1_pokemon_learnsets.json
94,84,TM/HM,0,1,Supplied Gen-I learnset JSON,https://raw.githubusercontent.com/cRz-Shadows/Pokemon_Trainer_Tournament_Simulator/main/Data/UsefulDatasets/gen_1_pokemon_learnsets.json
94,32,TM/HM,0,1,Supplied Gen-I learnset JSON,https://raw.githubusercontent.com/cRz-Shadows/Pokemon_Trainer_Tournament_Simulator/main/Data/UsefulDatasets/gen_1_pokemon_learnsets.json
94,9,TM/HM,0,1,Supplied Gen-I learnset JSON,https://raw.githubusercontent.com/cRz-Shadows/Pokemon_Trainer_Tournament_Simulator/main/Data/UsefulDatasets/gen_1_pokemon_learnsets.json
94,83,TM/HM,0,1,Supplied Gen-I learnset JSON,https://raw.githubusercontent.com/cRz-Shadows/Pokemon_Trainer_Tournament_Simulator/main/Data/UsefulDatasets/gen_1_pokemon_learnsets.json
94,115,TM/HM,0,1,Supplied Gen-I learnset JSON,https://raw.githubusercontent.com/cRz-Shadows/Pokemon_Trainer_Tournament_Simulator/main/Data/UsefulDatasets/gen_1_pokemon_learnsets.json
94,118,TM/HM,0,1,Supplied Gen-I learnset JSON,https://raw.githubusercontent.com/cRz-Shadows/Pokemon_Trainer_Tournament_Simulator/main/Data/UsefulDatasets/gen_1_pokemon_learnsets.json
94,36,TM/HM,0,1,Supplied Gen-I learnset JSON,https://raw.githubusercontent.com/cRz-Shadows/Pokemon_Trainer_Tournament_Simulator/main/Data/UsefulDatasets/gen_1_pokemon_learnsets.json
94,99,TM/HM,0,1,Supplied Gen-I learnset JSON,https://raw.githubusercontent.com/cRz-Shadows/Pokemon_Trainer_Tournament_Simulator/main/Data/UsefulDatasets/gen_1_pokemon_learnsets.json
94,41,TM/HM,0,1,Supplied Gen-I learnset JSON,https://raw.githubusercontent.com/cRz-Shadows/Pokemon_Trainer_Tournament_Simulator/main/Data/UsefulDatasets/gen_1_pokemon_learnsets.json
94,106,TM/HM,0,1,Supplied Gen-I learnset JSON,https://raw.githubusercontent.com/cRz-Shadows/Pokemon_Trainer_Tournament_Simulator/main/Data/UsefulDatasets/gen_1_pokemon_learnsets.json
94,138,TM/HM,0,1,Supplied Gen-I learnset JSON,https://raw.githubusercontent.com/cRz-Shadows/Pokemon_Trainer_Tournament_Simulator/main/Data/UsefulDatasets/gen_1_pokemon_learnsets.json
95,144,level-up,1,1,Supplied Gen-I learnset JSON,https://raw.githubusercontent.com/cRz-Shadows/Pokemon_Trainer_Tournament_Simulator/main/Data/UsefulDatasets/gen_1_pokemon_learnsets.json
95,113,level-up,1,1,Supplied Gen-I learnset JSON,https://raw.githubusercontent.com/cRz-Shadows/Pokemon_Trainer_Tournament_Simulator/main/Data/UsefulDatasets/gen_1_pokemon_learnsets.json
95,10,level-up,15,1,Supplied Gen-I learnset JSON,https://raw.githubusercontent.com/cRz-Shadows/Pokemon_Trainer_Tournament_Simulator/main/Data/UsefulDatasets/gen_1_pokemon_learnsets.json
95,109,level-up,19,1,Supplied Gen-I learnset JSON,https://raw.githubusercontent.com/cRz-Shadows/Pokemon_Trainer_Tournament_Simulator/main/Data/UsefulDatasets/gen_1_pokemon_learnsets.json
95,101,level-up,25,1,Supplied Gen-I learnset JSON,https://raw.githubusercontent.com/cRz-Shadows/Pokemon_Trainer_Tournament_Simulator/main/Data/UsefulDatasets/gen_1_pokemon_learnsets.json
95,120,level-up,33,1,Supplied Gen-I learnset JSON,https://raw.githubusercontent.com/cRz-Shadows/Pokemon_Trainer_Tournament_Simulator/main/Data/UsefulDatasets/gen_1_pokemon_learnsets.json
95,57,level-up,43,1,Supplied Gen-I learnset JSON,https://raw.githubusercontent.com/cRz-Shadows/Pokemon_Trainer_Tournament_Simulator/main/Data/UsefulDatasets/gen_1_pokemon_learnsets.json
95,13,TM/HM,0,1,Supplied Gen-I learnset JSON,https://raw.githubusercontent.com/cRz-Shadows/Pokemon_Trainer_Tournament_Simulator/main/Data/UsefulDatasets/gen_1_pokemon_learnsets.json
95,146,TM/HM,0,1,Supplied Gen-I learnset JSON,https://raw.githubusercontent.com/cRz-Shadows/Pokemon_Trainer_Tournament_Simulator/main/Data/UsefulDatasets/gen_1_pokemon_learnsets.json
95,33,TM/HM,0,1,Supplied Gen-I learnset JSON,https://raw.githubusercontent.com/cRz-Shadows/Pokemon_Trainer_Tournament_Simulator/main/Data/UsefulDatasets/gen_1_pokemon_learnsets.json
95,133,TM/HM,0,1,Supplied Gen-I learnset JSON,https://raw.githubusercontent.com/cRz-Shadows/Pokemon_Trainer_Tournament_Simulator/main/Data/UsefulDatasets/gen_1_pokemon_learnsets.json
95,38,TM/HM,0,1,Supplied Gen-I learnset JSON,https://raw.githubusercontent.com/cRz-Shadows/Pokemon_Trainer_Tournament_Simulator/main/Data/UsefulDatasets/gen_1_pokemon_learnsets.json
95,45,TM/HM,0,1,Supplied Gen-I learnset JSON,https://raw.githubusercontent.com/cRz-Shadows/Pokemon_Trainer_Tournament_Simulator/main/Data/UsefulDatasets/gen_1_pokemon_learnsets.json
95,28,TM/HM,0,1,Supplied Gen-I learnset JSON,https://raw.githubusercontent.com/cRz-Shadows/Pokemon_Trainer_Tournament_Simulator/main/Data/UsefulDatasets/gen_1_pokemon_learnsets.json
95,154,TM/HM,0,1,Supplied Gen-I learnset JSON,https://raw.githubusercontent.com/cRz-Shadows/Pokemon_Trainer_Tournament_Simulator/main/Data/UsefulDatasets/gen_1_pokemon_learnsets.json
95,101,TM/HM,0,1,Supplied Gen-I learnset JSON,https://raw.githubusercontent.com/cRz-Shadows/Pokemon_Trainer_Tournament_Simulator/main/Data/UsefulDatasets/gen_1_pokemon_learnsets.json
95,84,TM/HM,0,1,Supplied Gen-I learnset JSON,https://raw.githubusercontent.com/cRz-Shadows/Pokemon_Trainer_Tournament_Simulator/main/Data/UsefulDatasets/gen_1_pokemon_learnsets.json
95,32,TM/HM,0,1,Supplied Gen-I learnset JSON,https://raw.githubusercontent.com/cRz-Shadows/Pokemon_Trainer_Tournament_Simulator/main/Data/UsefulDatasets/gen_1_pokemon_learnsets.json
95,9,TM/HM,0,1,Supplied Gen-I learnset JSON,https://raw.githubusercontent.com/cRz-Shadows/Pokemon_Trainer_Tournament_Simulator/main/Data/UsefulDatasets/gen_1_pokemon_learnsets.json
95,115,TM/HM,0,1,Supplied Gen-I learnset JSON,https://raw.githubusercontent.com/cRz-Shadows/Pokemon_Trainer_Tournament_Simulator/main/Data/UsefulDatasets/gen_1_pokemon_learnsets.json
95,118,TM/HM,0,1,Supplied Gen-I learnset JSON,https://raw.githubusercontent.com/cRz-Shadows/Pokemon_Trainer_Tournament_Simulator/main/Data/UsefulDatasets/gen_1_pokemon_learnsets.json
95,41,TM/HM,0,1,Supplied Gen-I learnset JSON,https://raw.githubusercontent.com/cRz-Shadows/Pokemon_Trainer_Tournament_Simulator/main/Data/UsefulDatasets/gen_1_pokemon_learnsets.json
95,106,TM/HM,0,1,Supplied Gen-I learnset JSON,https://raw.githubusercontent.com/cRz-Shadows/Pokemon_Trainer_Tournament_Simulator/main/Data/UsefulDatasets/gen_1_pokemon_learnsets.json
95,108,TM/HM,0,1,Supplied Gen-I learnset JSON,https://raw.githubusercontent.com/cRz-Shadows/Pokemon_Trainer_Tournament_Simulator/main/Data/UsefulDatasets/gen_1_pokemon_learnsets.json
95,138,TM/HM,0,1,Supplied Gen-I learnset JSON,https://raw.githubusercontent.com/cRz-Shadows/Pokemon_Trainer_Tournament_Simulator/main/Data/UsefulDatasets/gen_1_pokemon_learnsets.json
96,96,level-up,1,1,Supplied Gen-I learnset JSON,https://raw.githubusercontent.com/cRz-Shadows/Pokemon_Trainer_Tournament_Simulator/main/Data/UsefulDatasets/gen_1_pokemon_learnsets.json
96,66,level-up,1,1,Supplied Gen-I learnset JSON,https://raw.githubusercontent.com/cRz-Shadows/Pokemon_Trainer_Tournament_Simulator/main/Data/UsefulDatasets/gen_1_pokemon_learnsets.json
96,29,level-up,12,1,Supplied Gen-I learnset JSON,https://raw.githubusercontent.com/cRz-Shadows/Pokemon_Trainer_Tournament_Simulator/main/Data/UsefulDatasets/gen_1_pokemon_learnsets.json
96,21,level-up,17,1,Supplied Gen-I learnset JSON,https://raw.githubusercontent.com/cRz-Shadows/Pokemon_Trainer_Tournament_Simulator/main/Data/UsefulDatasets/gen_1_pokemon_learnsets.json
96,59,level-up,24,1,Supplied Gen-I learnset JSON,https://raw.githubusercontent.com/cRz-Shadows/Pokemon_Trainer_Tournament_Simulator/main/Data/UsefulDatasets/gen_1_pokemon_learnsets.json
96,93,level-up,29,1,Supplied Gen-I learnset JSON,https://raw.githubusercontent.com/cRz-Shadows/Pokemon_Trainer_Tournament_Simulator/main/Data/UsefulDatasets/gen_1_pokemon_learnsets.json
96,98,level-up,32,1,Supplied Gen-I learnset JSON,https://raw.githubusercontent.com/cRz-Shadows/Pokemon_Trainer_Tournament_Simulator/main/Data/UsefulDatasets/gen_1_pokemon_learnsets.json
96,79,level-up,37,1,Supplied Gen-I learnset JSON,https://raw.githubusercontent.com/cRz-Shadows/Pokemon_Trainer_Tournament_Simulator/main/Data/UsefulDatasets/gen_1_pokemon_learnsets.json
96,82,TM/HM,0,1,Supplied Gen-I learnset JSON,https://raw.githubusercontent.com/cRz-Shadows/Pokemon_Trainer_Tournament_Simulator/main/Data/UsefulDatasets/gen_1_pokemon_learnsets.json
96,81,TM/HM,0,1,Supplied Gen-I learnset JSON,https://raw.githubusercontent.com/cRz-Shadows/Pokemon_Trainer_Tournament_Simulator/main/Data/UsefulDatasets/gen_1_pokemon_learnsets.json
96,13,TM/HM,0,1,Supplied Gen-I learnset JSON,https://raw.githubusercontent.com/cRz-Shadows/Pokemon_Trainer_Tournament_Simulator/main/Data/UsefulDatasets/gen_1_pokemon_learnsets.json
96,146,TM/HM,0,1,Supplied Gen-I learnset JSON,https://raw.githubusercontent.com/cRz-Shadows/Pokemon_Trainer_Tournament_Simulator/main/Data/UsefulDatasets/gen_1_pokemon_learnsets.json
96,33,TM/HM,0,1,Supplied Gen-I learnset JSON,https://raw.githubusercontent.com/cRz-Shadows/Pokemon_Trainer_Tournament_Simulator/main/Data/UsefulDatasets/gen_1_pokemon_learnsets.json
96,137,TM/HM,0,1,Supplied Gen-I learnset JSON,https://raw.githubusercontent.com/cRz-Shadows/Pokemon_Trainer_Tournament_Simulator/main/Data/UsefulDatasets/gen_1_pokemon_learnsets.json
96,24,TM/HM,0,1,Supplied Gen-I learnset JSON,https://raw.githubusercontent.com/cRz-Shadows/Pokemon_Trainer_Tournament_Simulator/main/Data/UsefulDatasets/gen_1_pokemon_learnsets.json
96,114,TM/HM,0,1,Supplied Gen-I learnset JSON,https://raw.githubusercontent.com/cRz-Shadows/Pokemon_Trainer_Tournament_Simulator/main/Data/UsefulDatasets/gen_1_pokemon_learnsets.json
96,150,TM/HM,0,1,Supplied Gen-I learnset JSON,https://raw.githubusercontent.com/cRz-Shadows/Pokemon_Trainer_Tournament_Simulator/main/Data/UsefulDatasets/gen_1_pokemon_learnsets.json
96,154,TM/HM,0,1,Supplied Gen-I learnset JSON,https://raw.githubusercontent.com/cRz-Shadows/Pokemon_Trainer_Tournament_Simulator/main/Data/UsefulDatasets/gen_1_pokemon_learnsets.json
96,98,TM/HM,0,1,Supplied Gen-I learnset JSON,https://raw.githubusercontent.com/cRz-Shadows/Pokemon_Trainer_Tournament_Simulator/main/Data/UsefulDatasets/gen_1_pokemon_learnsets.json
96,101,TM/HM,0,1,Supplied Gen-I learnset JSON,https://raw.githubusercontent.com/cRz-Shadows/Pokemon_Trainer_Tournament_Simulator/main/Data/UsefulDatasets/gen_1_pokemon_learnsets.json
96,147,TM/HM,0,1,Supplied Gen-I learnset JSON,https://raw.githubusercontent.com/cRz-Shadows/Pokemon_Trainer_Tournament_Simulator/main/Data/UsefulDatasets/gen_1_pokemon_learnsets.json
96,84,TM/HM,0,1,Supplied Gen-I learnset JSON,https://raw.githubusercontent.com/cRz-Shadows/Pokemon_Trainer_Tournament_Simulator/main/Data/UsefulDatasets/gen_1_pokemon_learnsets.json
96,32,TM/HM,0,1,Supplied Gen-I learnset JSON,https://raw.githubusercontent.com/cRz-Shadows/Pokemon_Trainer_Tournament_Simulator/main/Data/UsefulDatasets/gen_1_pokemon_learnsets.json
96,105,TM/HM,0,1,Supplied Gen-I learnset JSON,https://raw.githubusercontent.com/cRz-Shadows/Pokemon_Trainer_Tournament_Simulator/main/Data/UsefulDatasets/gen_1_pokemon_learnsets.json
96,9,TM/HM,0,1,Supplied Gen-I learnset JSON,https://raw.githubusercontent.com/cRz-Shadows/Pokemon_Trainer_Tournament_Simulator/main/Data/UsefulDatasets/gen_1_pokemon_learnsets.json
96,83,TM/HM,0,1,Supplied Gen-I learnset JSON,https://raw.githubusercontent.com/cRz-Shadows/Pokemon_Trainer_Tournament_Simulator/main/Data/UsefulDatasets/gen_1_pokemon_learnsets.json
96,118,TM/HM,0,1,Supplied Gen-I learnset JSON,https://raw.githubusercontent.com/cRz-Shadows/Pokemon_Trainer_Tournament_Simulator/main/Data/UsefulDatasets/gen_1_pokemon_learnsets.json
96,36,TM/HM,0,1,Supplied Gen-I learnset JSON,https://raw.githubusercontent.com/cRz-Shadows/Pokemon_Trainer_Tournament_Simulator/main/Data/UsefulDatasets/gen_1_pokemon_learnsets.json
96,47,TM/HM,0,1,Supplied Gen-I learnset JSON,https://raw.githubusercontent.com/cRz-Shadows/Pokemon_Trainer_Tournament_Simulator/main/Data/UsefulDatasets/gen_1_pokemon_learnsets.json
96,99,TM/HM,0,1,Supplied Gen-I learnset JSON,https://raw.githubusercontent.com/cRz-Shadows/Pokemon_Trainer_Tournament_Simulator/main/Data/UsefulDatasets/gen_1_pokemon_learnsets.json
96,106,TM/HM,0,1,Supplied Gen-I learnset JSON,https://raw.githubusercontent.com/cRz-Shadows/Pokemon_Trainer_Tournament_Simulator/main/Data/UsefulDatasets/gen_1_pokemon_learnsets.json
96,156,TM/HM,0,1,Supplied Gen-I learnset JSON,https://raw.githubusercontent.com/cRz-Shadows/Pokemon_Trainer_Tournament_Simulator/main/Data/UsefulDatasets/gen_1_pokemon_learnsets.json
96,138,TM/HM,0,1,Supplied Gen-I learnset JSON,https://raw.githubusercontent.com/cRz-Shadows/Pokemon_Trainer_Tournament_Simulator/main/Data/UsefulDatasets/gen_1_pokemon_learnsets.json
97,96,level-up,1,1,Supplied Gen-I learnset JSON,https://raw.githubusercontent.com/cRz-Shadows/Pokemon_Trainer_Tournament_Simulator/main/Data/UsefulDatasets/gen_1_pokemon_learnsets.json
97,21,level-up,1,1,Supplied Gen-I learnset JSON,https://raw.githubusercontent.com/cRz-Shadows/Pokemon_Trainer_Tournament_Simulator/main/Data/UsefulDatasets/gen_1_pokemon_learnsets.json
97,29,level-up,1,1,Supplied Gen-I learnset JSON,https://raw.githubusercontent.com/cRz-Shadows/Pokemon_Trainer_Tournament_Simulator/main/Data/UsefulDatasets/gen_1_pokemon_learnsets.json
97,66,level-up,1,1,Supplied Gen-I learnset JSON,https://raw.githubusercontent.com/cRz-Shadows/Pokemon_Trainer_Tournament_Simulator/main/Data/UsefulDatasets/gen_1_pokemon_learnsets.json
97,29,level-up,12,1,Supplied Gen-I learnset JSON,https://raw.githubusercontent.com/cRz-Shadows/Pokemon_Trainer_Tournament_Simulator/main/Data/UsefulDatasets/gen_1_pokemon_learnsets.json
97,21,level-up,17,1,Supplied Gen-I learnset JSON,https://raw.githubusercontent.com/cRz-Shadows/Pokemon_Trainer_Tournament_Simulator/main/Data/UsefulDatasets/gen_1_pokemon_learnsets.json
97,59,level-up,24,1,Supplied Gen-I learnset JSON,https://raw.githubusercontent.com/cRz-Shadows/Pokemon_Trainer_Tournament_Simulator/main/Data/UsefulDatasets/gen_1_pokemon_learnsets.json
97,93,level-up,33,1,Supplied Gen-I learnset JSON,https://raw.githubusercontent.com/cRz-Shadows/Pokemon_Trainer_Tournament_Simulator/main/Data/UsefulDatasets/gen_1_pokemon_learnsets.json
97,98,level-up,37,1,Supplied Gen-I learnset JSON,https://raw.githubusercontent.com/cRz-Shadows/Pokemon_Trainer_Tournament_Simulator/main/Data/UsefulDatasets/gen_1_pokemon_learnsets.json
97,79,level-up,43,1,Supplied Gen-I learnset JSON,https://raw.githubusercontent.com/cRz-Shadows/Pokemon_Trainer_Tournament_Simulator/main/Data/UsefulDatasets/gen_1_pokemon_learnsets.json
97,82,TM/HM,0,1,Supplied Gen-I learnset JSON,https://raw.githubusercontent.com/cRz-Shadows/Pokemon_Trainer_Tournament_Simulator/main/Data/UsefulDatasets/gen_1_pokemon_learnsets.json
97,81,TM/HM,0,1,Supplied Gen-I learnset JSON,https://raw.githubusercontent.com/cRz-Shadows/Pokemon_Trainer_Tournament_Simulator/main/Data/UsefulDatasets/gen_1_pokemon_learnsets.json
97,13,TM/HM,0,1,Supplied Gen-I learnset JSON,https://raw.githubusercontent.com/cRz-Shadows/Pokemon_Trainer_Tournament_Simulator/main/Data/UsefulDatasets/gen_1_pokemon_learnsets.json
97,146,TM/HM,0,1,Supplied Gen-I learnset JSON,https://raw.githubusercontent.com/cRz-Shadows/Pokemon_Trainer_Tournament_Simulator/main/Data/UsefulDatasets/gen_1_pokemon_learnsets.json
97,33,TM/HM,0,1,Supplied Gen-I learnset JSON,https://raw.githubusercontent.com/cRz-Shadows/Pokemon_Trainer_Tournament_Simulator/main/Data/UsefulDatasets/gen_1_pokemon_learnsets.json
97,64,TM/HM,0,1,Supplied Gen-I learnset JSON,https://raw.githubusercontent.com/cRz-Shadows/Pokemon_Trainer_Tournament_Simulator/main/Data/UsefulDatasets/gen_1_pokemon_learnsets.json
97,137,TM/HM,0,1,Supplied Gen-I learnset JSON,https://raw.githubusercontent.com/cRz-Shadows/Pokemon_Trainer_Tournament_Simulator/main/Data/UsefulDatasets/gen_1_pokemon_learnsets.json
97,24,TM/HM,0,1,Supplied Gen-I learnset JSON,https://raw.githubusercontent.com/cRz-Shadows/Pokemon_Trainer_Tournament_Simulator/main/Data/UsefulDatasets/gen_1_pokemon_learnsets.json
97,114,TM/HM,0,1,Supplied Gen-I learnset JSON,https://raw.githubusercontent.com/cRz-Shadows/Pokemon_Trainer_Tournament_Simulator/main/Data/UsefulDatasets/gen_1_pokemon_learnsets.json
97,150,TM/HM,0,1,Supplied Gen-I learnset JSON,https://raw.githubusercontent.com/cRz-Shadows/Pokemon_Trainer_Tournament_Simulator/main/Data/UsefulDatasets/gen_1_pokemon_learnsets.json
97,154,TM/HM,0,1,Supplied Gen-I learnset JSON,https://raw.githubusercontent.com/cRz-Shadows/Pokemon_Trainer_Tournament_Simulator/main/Data/UsefulDatasets/gen_1_pokemon_learnsets.json
97,98,TM/HM,0,1,Supplied Gen-I learnset JSON,https://raw.githubusercontent.com/cRz-Shadows/Pokemon_Trainer_Tournament_Simulator/main/Data/UsefulDatasets/gen_1_pokemon_learnsets.json
97,101,TM/HM,0,1,Supplied Gen-I learnset JSON,https://raw.githubusercontent.com/cRz-Shadows/Pokemon_Trainer_Tournament_Simulator/main/Data/UsefulDatasets/gen_1_pokemon_learnsets.json
97,147,TM/HM,0,1,Supplied Gen-I learnset JSON,https://raw.githubusercontent.com/cRz-Shadows/Pokemon_Trainer_Tournament_Simulator/main/Data/UsefulDatasets/gen_1_pokemon_learnsets.json
97,84,TM/HM,0,1,Supplied Gen-I learnset JSON,https://raw.githubusercontent.com/cRz-Shadows/Pokemon_Trainer_Tournament_Simulator/main/Data/UsefulDatasets/gen_1_pokemon_learnsets.json
97,32,TM/HM,0,1,Supplied Gen-I learnset JSON,https://raw.githubusercontent.com/cRz-Shadows/Pokemon_Trainer_Tournament_Simulator/main/Data/UsefulDatasets/gen_1_pokemon_learnsets.json
97,105,TM/HM,0,1,Supplied Gen-I learnset JSON,https://raw.githubusercontent.com/cRz-Shadows/Pokemon_Trainer_Tournament_Simulator/main/Data/UsefulDatasets/gen_1_pokemon_learnsets.json
97,9,TM/HM,0,1,Supplied Gen-I learnset JSON,https://raw.githubusercontent.com/cRz-Shadows/Pokemon_Trainer_Tournament_Simulator/main/Data/UsefulDatasets/gen_1_pokemon_learnsets.json
97,83,TM/HM,0,1,Supplied Gen-I learnset JSON,https://raw.githubusercontent.com/cRz-Shadows/Pokemon_Trainer_Tournament_Simulator/main/Data/UsefulDatasets/gen_1_pokemon_learnsets.json
97,118,TM/HM,0,1,Supplied Gen-I learnset JSON,https://raw.githubusercontent.com/cRz-Shadows/Pokemon_Trainer_Tournament_Simulator/main/Data/UsefulDatasets/gen_1_pokemon_learnsets.json
97,36,TM/HM,0,1,Supplied Gen-I learnset JSON,https://raw.githubusercontent.com/cRz-Shadows/Pokemon_Trainer_Tournament_Simulator/main/Data/UsefulDatasets/gen_1_pokemon_learnsets.json
97,47,TM/HM,0,1,Supplied Gen-I learnset JSON,https://raw.githubusercontent.com/cRz-Shadows/Pokemon_Trainer_Tournament_Simulator/main/Data/UsefulDatasets/gen_1_pokemon_learnsets.json
97,99,TM/HM,0,1,Supplied Gen-I learnset JSON,https://raw.githubusercontent.com/cRz-Shadows/Pokemon_Trainer_Tournament_Simulator/main/Data/UsefulDatasets/gen_1_pokemon_learnsets.json
97,106,TM/HM,0,1,Supplied Gen-I learnset JSON,https://raw.githubusercontent.com/cRz-Shadows/Pokemon_Trainer_Tournament_Simulator/main/Data/UsefulDatasets/gen_1_pokemon_learnsets.json
97,156,TM/HM,0,1,Supplied Gen-I learnset JSON,https://raw.githubusercontent.com/cRz-Shadows/Pokemon_Trainer_Tournament_Simulator/main/Data/UsefulDatasets/gen_1_pokemon_learnsets.json
97,138,TM/HM,0,1,Supplied Gen-I learnset JSON,https://raw.githubusercontent.com/cRz-Shadows/Pokemon_Trainer_Tournament_Simulator/main/Data/UsefulDatasets/gen_1_pokemon_learnsets.json
98,16,level-up,1,1,Supplied Gen-I learnset JSON,https://raw.githubusercontent.com/cRz-Shadows/Pokemon_Trainer_Tournament_Simulator/main/Data/UsefulDatasets/gen_1_pokemon_learnsets.json
98,74,level-up,1,1,Supplied Gen-I learnset JSON,https://raw.githubusercontent.com/cRz-Shadows/Pokemon_Trainer_Tournament_Simulator/main/Data/UsefulDatasets/gen_1_pokemon_learnsets.json
98,158,level-up,20,1,Supplied Gen-I learnset JSON,https://raw.githubusercontent.com/cRz-Shadows/Pokemon_Trainer_Tournament_Simulator/main/Data/UsefulDatasets/gen_1_pokemon_learnsets.json
98,55,level-up,25,1,Supplied Gen-I learnset JSON,https://raw.githubusercontent.com/cRz-Shadows/Pokemon_Trainer_Tournament_Simulator/main/Data/UsefulDatasets/gen_1_pokemon_learnsets.json
98,132,level-up,30,1,Supplied Gen-I learnset JSON,https://raw.githubusercontent.com/cRz-Shadows/Pokemon_Trainer_Tournament_Simulator/main/Data/UsefulDatasets/gen_1_pokemon_learnsets.json
98,25,level-up,35,1,Supplied Gen-I learnset JSON,https://raw.githubusercontent.com/cRz-Shadows/Pokemon_Trainer_Tournament_Simulator/main/Data/UsefulDatasets/gen_1_pokemon_learnsets.json
98,57,level-up,40,1,Supplied Gen-I learnset JSON,https://raw.githubusercontent.com/cRz-Shadows/Pokemon_Trainer_Tournament_Simulator/main/Data/UsefulDatasets/gen_1_pokemon_learnsets.json
98,143,TM/HM,0,1,Supplied Gen-I learnset JSON,https://raw.githubusercontent.com/cRz-Shadows/Pokemon_Trainer_Tournament_Simulator/main/Data/UsefulDatasets/gen_1_pokemon_learnsets.json
98,26,TM/HM,0,1,Supplied Gen-I learnset JSON,https://raw.githubusercontent.com/cRz-Shadows/Pokemon_Trainer_Tournament_Simulator/main/Data/UsefulDatasets/gen_1_pokemon_learnsets.json
98,13,TM/HM,0,1,Supplied Gen-I learnset JSON,https://raw.githubusercontent.com/cRz-Shadows/Pokemon_Trainer_Tournament_Simulator/main/Data/UsefulDatasets/gen_1_pokemon_learnsets.json
98,146,TM/HM,0,1,Supplied Gen-I learnset JSON,https://raw.githubusercontent.com/cRz-Shadows/Pokemon_Trainer_Tournament_Simulator/main/Data/UsefulDatasets/gen_1_pokemon_learnsets.json
98,33,TM/HM,0,1,Supplied Gen-I learnset JSON,https://raw.githubusercontent.com/cRz-Shadows/Pokemon_Trainer_Tournament_Simulator/main/Data/UsefulDatasets/gen_1_pokemon_learnsets.json
98,160,TM/HM,0,1,Supplied Gen-I learnset JSON,https://raw.githubusercontent.com/cRz-Shadows/Pokemon_Trainer_Tournament_Simulator/main/Data/UsefulDatasets/gen_1_pokemon_learnsets.json
98,141,TM/HM,0,1,Supplied Gen-I learnset JSON,https://raw.githubusercontent.com/cRz-Shadows/Pokemon_Trainer_Tournament_Simulator/main/Data/UsefulDatasets/gen_1_pokemon_learnsets.json
98,67,TM/HM,0,1,Supplied Gen-I learnset JSON,https://raw.githubusercontent.com/cRz-Shadows/Pokemon_Trainer_Tournament_Simulator/main/Data/UsefulDatasets/gen_1_pokemon_learnsets.json
98,12,TM/HM,0,1,Supplied Gen-I learnset JSON,https://raw.githubusercontent.com/cRz-Shadows/Pokemon_Trainer_Tournament_Simulator/main/Data/UsefulDatasets/gen_1_pokemon_learnsets.json
98,17,TM/HM,0,1,Supplied Gen-I learnset JSON,https://raw.githubusercontent.com/cRz-Shadows/Pokemon_Trainer_Tournament_Simulator/main/Data/UsefulDatasets/gen_1_pokemon_learnsets.json
98,133,TM/HM,0,1,Supplied Gen-I learnset JSON,https://raw.githubusercontent.com/cRz-Shadows/Pokemon_Trainer_Tournament_Simulator/main/Data/UsefulDatasets/gen_1_pokemon_learnsets.json
98,154,TM/HM,0,1,Supplied Gen-I learnset JSON,https://raw.githubusercontent.com/cRz-Shadows/Pokemon_Trainer_Tournament_Simulator/main/Data/UsefulDatasets/gen_1_pokemon_learnsets.json
98,101,TM/HM,0,1,Supplied Gen-I learnset JSON,https://raw.githubusercontent.com/cRz-Shadows/Pokemon_Trainer_Tournament_Simulator/main/Data/UsefulDatasets/gen_1_pokemon_learnsets.json
98,84,TM/HM,0,1,Supplied Gen-I learnset JSON,https://raw.githubusercontent.com/cRz-Shadows/Pokemon_Trainer_Tournament_Simulator/main/Data/UsefulDatasets/gen_1_pokemon_learnsets.json
98,32,TM/HM,0,1,Supplied Gen-I learnset JSON,https://raw.githubusercontent.com/cRz-Shadows/Pokemon_Trainer_Tournament_Simulator/main/Data/UsefulDatasets/gen_1_pokemon_learnsets.json
98,9,TM/HM,0,1,Supplied Gen-I learnset JSON,https://raw.githubusercontent.com/cRz-Shadows/Pokemon_Trainer_Tournament_Simulator/main/Data/UsefulDatasets/gen_1_pokemon_learnsets.json
98,106,TM/HM,0,1,Supplied Gen-I learnset JSON,https://raw.githubusercontent.com/cRz-Shadows/Pokemon_Trainer_Tournament_Simulator/main/Data/UsefulDatasets/gen_1_pokemon_learnsets.json
98,138,TM/HM,0,1,Supplied Gen-I learnset JSON,https://raw.githubusercontent.com/cRz-Shadows/Pokemon_Trainer_Tournament_Simulator/main/Data/UsefulDatasets/gen_1_pokemon_learnsets.json
99,16,level-up,1,1,Supplied Gen-I learnset JSON,https://raw.githubusercontent.com/cRz-Shadows/Pokemon_Trainer_Tournament_Simulator/main/Data/UsefulDatasets/gen_1_pokemon_learnsets.json
99,158,level-up,1,1,Supplied Gen-I learnset JSON,https://raw.githubusercontent.com/cRz-Shadows/Pokemon_Trainer_Tournament_Simulator/main/Data/UsefulDatasets/gen_1_pokemon_learnsets.json
99,74,level-up,1,1,Supplied Gen-I learnset JSON,https://raw.githubusercontent.com/cRz-Shadows/Pokemon_Trainer_Tournament_Simulator/main/Data/UsefulDatasets/gen_1_pokemon_learnsets.json
99,158,level-up,20,1,Supplied Gen-I learnset JSON,https://raw.githubusercontent.com/cRz-Shadows/Pokemon_Trainer_Tournament_Simulator/main/Data/UsefulDatasets/gen_1_pokemon_learnsets.json
99,55,level-up,25,1,Supplied Gen-I learnset JSON,https://raw.githubusercontent.com/cRz-Shadows/Pokemon_Trainer_Tournament_Simulator/main/Data/UsefulDatasets/gen_1_pokemon_learnsets.json
99,132,level-up,34,1,Supplied Gen-I learnset JSON,https://raw.githubusercontent.com/cRz-Shadows/Pokemon_Trainer_Tournament_Simulator/main/Data/UsefulDatasets/gen_1_pokemon_learnsets.json
99,25,level-up,42,1,Supplied Gen-I learnset JSON,https://raw.githubusercontent.com/cRz-Shadows/Pokemon_Trainer_Tournament_Simulator/main/Data/UsefulDatasets/gen_1_pokemon_learnsets.json
99,57,level-up,49,1,Supplied Gen-I learnset JSON,https://raw.githubusercontent.com/cRz-Shadows/Pokemon_Trainer_Tournament_Simulator/main/Data/UsefulDatasets/gen_1_pokemon_learnsets.json
99,143,TM/HM,0,1,Supplied Gen-I learnset JSON,https://raw.githubusercontent.com/cRz-Shadows/Pokemon_Trainer_Tournament_Simulator/main/Data/UsefulDatasets/gen_1_pokemon_learnsets.json
99,26,TM/HM,0,1,Supplied Gen-I learnset JSON,https://raw.githubusercontent.com/cRz-Shadows/Pokemon_Trainer_Tournament_Simulator/main/Data/UsefulDatasets/gen_1_pokemon_learnsets.json
99,13,TM/HM,0,1,Supplied Gen-I learnset JSON,https://raw.githubusercontent.com/cRz-Shadows/Pokemon_Trainer_Tournament_Simulator/main/Data/UsefulDatasets/gen_1_pokemon_learnsets.json
99,146,TM/HM,0,1,Supplied Gen-I learnset JSON,https://raw.githubusercontent.com/cRz-Shadows/Pokemon_Trainer_Tournament_Simulator/main/Data/UsefulDatasets/gen_1_pokemon_learnsets.json
99,33,TM/HM,0,1,Supplied Gen-I learnset JSON,https://raw.githubusercontent.com/cRz-Shadows/Pokemon_Trainer_Tournament_Simulator/main/Data/UsefulDatasets/gen_1_pokemon_learnsets.json
99,160,TM/HM,0,1,Supplied Gen-I learnset JSON,https://raw.githubusercontent.com/cRz-Shadows/Pokemon_Trainer_Tournament_Simulator/main/Data/UsefulDatasets/gen_1_pokemon_learnsets.json
99,141,TM/HM,0,1,Supplied Gen-I learnset JSON,https://raw.githubusercontent.com/cRz-Shadows/Pokemon_Trainer_Tournament_Simulator/main/Data/UsefulDatasets/gen_1_pokemon_learnsets.json
99,67,TM/HM,0,1,Supplied Gen-I learnset JSON,https://raw.githubusercontent.com/cRz-Shadows/Pokemon_Trainer_Tournament_Simulator/main/Data/UsefulDatasets/gen_1_pokemon_learnsets.json
99,12,TM/HM,0,1,Supplied Gen-I learnset JSON,https://raw.githubusercontent.com/cRz-Shadows/Pokemon_Trainer_Tournament_Simulator/main/Data/UsefulDatasets/gen_1_pokemon_learnsets.json
99,17,TM/HM,0,1,Supplied Gen-I learnset JSON,https://raw.githubusercontent.com/cRz-Shadows/Pokemon_Trainer_Tournament_Simulator/main/Data/UsefulDatasets/gen_1_pokemon_learnsets.json
99,64,TM/HM,0,1,Supplied Gen-I learnset JSON,https://raw.githubusercontent.com/cRz-Shadows/Pokemon_Trainer_Tournament_Simulator/main/Data/UsefulDatasets/gen_1_pokemon_learnsets.json
99,133,TM/HM,0,1,Supplied Gen-I learnset JSON,https://raw.githubusercontent.com/cRz-Shadows/Pokemon_Trainer_Tournament_Simulator/main/Data/UsefulDatasets/gen_1_pokemon_learnsets.json
99,154,TM/HM,0,1,Supplied Gen-I learnset JSON,https://raw.githubusercontent.com/cRz-Shadows/Pokemon_Trainer_Tournament_Simulator/main/Data/UsefulDatasets/gen_1_pokemon_learnsets.json
99,101,TM/HM,0,1,Supplied Gen-I learnset JSON,https://raw.githubusercontent.com/cRz-Shadows/Pokemon_Trainer_Tournament_Simulator/main/Data/UsefulDatasets/gen_1_pokemon_learnsets.json
99,84,TM/HM,0,1,Supplied Gen-I learnset JSON,https://raw.githubusercontent.com/cRz-Shadows/Pokemon_Trainer_Tournament_Simulator/main/Data/UsefulDatasets/gen_1_pokemon_learnsets.json
99,32,TM/HM,0,1,Supplied Gen-I learnset JSON,https://raw.githubusercontent.com/cRz-Shadows/Pokemon_Trainer_Tournament_Simulator/main/Data/UsefulDatasets/gen_1_pokemon_learnsets.json
99,9,TM/HM,0,1,Supplied Gen-I learnset JSON,https://raw.githubusercontent.com/cRz-Shadows/Pokemon_Trainer_Tournament_Simulator/main/Data/UsefulDatasets/gen_1_pokemon_learnsets.json
99,106,TM/HM,0,1,Supplied Gen-I learnset JSON,https://raw.githubusercontent.com/cRz-Shadows/Pokemon_Trainer_Tournament_Simulator/main/Data/UsefulDatasets/gen_1_pokemon_learnsets.json
99,138,TM/HM,0,1,Supplied Gen-I learnset JSON,https://raw.githubusercontent.com/cRz-Shadows/Pokemon_Trainer_Tournament_Simulator/main/Data/UsefulDatasets/gen_1_pokemon_learnsets.json
100,144,level-up,1,1,Supplied Gen-I learnset JSON,https://raw.githubusercontent.com/cRz-Shadows/Pokemon_Trainer_Tournament_Simulator/main/Data/UsefulDatasets/gen_1_pokemon_learnsets.json
100,113,level-up,1,1,Supplied Gen-I learnset JSON,https://raw.githubusercontent.com/cRz-Shadows/Pokemon_Trainer_Tournament_Simulator/main/Data/UsefulDatasets/gen_1_pokemon_learnsets.json
100,128,level-up,17,1,Supplied Gen-I learnset JSON,https://raw.githubusercontent.com/cRz-Shadows/Pokemon_Trainer_Tournament_Simulator/main/Data/UsefulDatasets/gen_1_pokemon_learnsets.json
100,115,level-up,22,1,Supplied Gen-I learnset JSON,https://raw.githubusercontent.com/cRz-Shadows/Pokemon_Trainer_Tournament_Simulator/main/Data/UsefulDatasets/gen_1_pokemon_learnsets.json
100,76,level-up,29,1,Supplied Gen-I learnset JSON,https://raw.githubusercontent.com/cRz-Shadows/Pokemon_Trainer_Tournament_Simulator/main/Data/UsefulDatasets/gen_1_pokemon_learnsets.json
100,142,level-up,36,1,Supplied Gen-I learnset JSON,https://raw.githubusercontent.com/cRz-Shadows/Pokemon_Trainer_Tournament_Simulator/main/Data/UsefulDatasets/gen_1_pokemon_learnsets.json
100,41,level-up,43,1,Supplied Gen-I learnset JSON,https://raw.githubusercontent.com/cRz-Shadows/Pokemon_Trainer_Tournament_Simulator/main/Data/UsefulDatasets/gen_1_pokemon_learnsets.json
100,146,TM/HM,0,1,Supplied Gen-I learnset JSON,https://raw.githubusercontent.com/cRz-Shadows/Pokemon_Trainer_Tournament_Simulator/main/Data/UsefulDatasets/gen_1_pokemon_learnsets.json
100,151,TM/HM,0,1,Supplied Gen-I learnset JSON,https://raw.githubusercontent.com/cRz-Shadows/Pokemon_Trainer_Tournament_Simulator/main/Data/UsefulDatasets/gen_1_pokemon_learnsets.json
100,150,TM/HM,0,1,Supplied Gen-I learnset JSON,https://raw.githubusercontent.com/cRz-Shadows/Pokemon_Trainer_Tournament_Simulator/main/Data/UsefulDatasets/gen_1_pokemon_learnsets.json
100,149,TM/HM,0,1,Supplied Gen-I learnset JSON,https://raw.githubusercontent.com/cRz-Shadows/Pokemon_Trainer_Tournament_Simulator/main/Data/UsefulDatasets/gen_1_pokemon_learnsets.json
100,154,TM/HM,0,1,Supplied Gen-I learnset JSON,https://raw.githubusercontent.com/cRz-Shadows/Pokemon_Trainer_Tournament_Simulator/main/Data/UsefulDatasets/gen_1_pokemon_learnsets.json
100,101,TM/HM,0,1,Supplied Gen-I learnset JSON,https://raw.githubusercontent.com/cRz-Shadows/Pokemon_Trainer_Tournament_Simulator/main/Data/UsefulDatasets/gen_1_pokemon_learnsets.json
100,147,TM/HM,0,1,Supplied Gen-I learnset JSON,https://raw.githubusercontent.com/cRz-Shadows/Pokemon_Trainer_Tournament_Simulator/main/Data/UsefulDatasets/gen_1_pokemon_learnsets.json
100,84,TM/HM,0,1,Supplied Gen-I learnset JSON,https://raw.githubusercontent.com/cRz-Shadows/Pokemon_Trainer_Tournament_Simulator/main/Data/UsefulDatasets/gen_1_pokemon_learnsets.json
100,32,TM/HM,0,1,Supplied Gen-I learnset JSON,https://raw.githubusercontent.com/cRz-Shadows/Pokemon_Trainer_Tournament_Simulator/main/Data/UsefulDatasets/gen_1_pokemon_learnsets.json
100,105,TM/HM,0,1,Supplied Gen-I learnset JSON,https://raw.githubusercontent.com/cRz-Shadows/Pokemon_Trainer_Tournament_Simulator/main/Data/UsefulDatasets/gen_1_pokemon_learnsets.json
100,9,TM/HM,0,1,Supplied Gen-I learnset JSON,https://raw.githubusercontent.com/cRz-Shadows/Pokemon_Trainer_Tournament_Simulator/main/Data/UsefulDatasets/gen_1_pokemon_learnsets.json
100,115,TM/HM,0,1,Supplied Gen-I learnset JSON,https://raw.githubusercontent.com/cRz-Shadows/Pokemon_Trainer_Tournament_Simulator/main/Data/UsefulDatasets/gen_1_pokemon_learnsets.json
100,142,TM/HM,0,1,Supplied Gen-I learnset JSON,https://raw.githubusercontent.com/cRz-Shadows/Pokemon_Trainer_Tournament_Simulator/main/Data/UsefulDatasets/gen_1_pokemon_learnsets.json
100,47,TM/HM,0,1,Supplied Gen-I learnset JSON,https://raw.githubusercontent.com/cRz-Shadows/Pokemon_Trainer_Tournament_Simulator/main/Data/UsefulDatasets/gen_1_pokemon_learnsets.json
100,41,TM/HM,0,1,Supplied Gen-I learnset JSON,https://raw.githubusercontent.com/cRz-Shadows/Pokemon_Trainer_Tournament_Simulator/main/Data/UsefulDatasets/gen_1_pokemon_learnsets.json
100,106,TM/HM,0,1,Supplied Gen-I learnset JSON,https://raw.githubusercontent.com/cRz-Shadows/Pokemon_Trainer_Tournament_Simulator/main/Data/UsefulDatasets/gen_1_pokemon_learnsets.json
100,138,TM/HM,0,1,Supplied Gen-I learnset JSON,https://raw.githubusercontent.com/cRz-Shadows/Pokemon_Trainer_Tournament_Simulator/main/Data/UsefulDatasets/gen_1_pokemon_learnsets.json
101,144,level-up,1,1,Supplied Gen-I learnset JSON,https://raw.githubusercontent.com/cRz-Shadows/Pokemon_Trainer_Tournament_Simulator/main/Data/UsefulDatasets/gen_1_pokemon_learnsets.json
101,128,level-up,1,1,Supplied Gen-I learnset JSON,https://raw.githubusercontent.com/cRz-Shadows/Pokemon_Trainer_Tournament_Simulator/main/Data/UsefulDatasets/gen_1_pokemon_learnsets.json
101,113,level-up,1,1,Supplied Gen-I learnset JSON,https://raw.githubusercontent.com/cRz-Shadows/Pokemon_Trainer_Tournament_Simulator/main/Data/UsefulDatasets/gen_1_pokemon_learnsets.json
101,128,level-up,17,1,Supplied Gen-I learnset JSON,https://raw.githubusercontent.com/cRz-Shadows/Pokemon_Trainer_Tournament_Simulator/main/Data/UsefulDatasets/gen_1_pokemon_learnsets.json
101,115,level-up,22,1,Supplied Gen-I learnset JSON,https://raw.githubusercontent.com/cRz-Shadows/Pokemon_Trainer_Tournament_Simulator/main/Data/UsefulDatasets/gen_1_pokemon_learnsets.json
101,76,level-up,29,1,Supplied Gen-I learnset JSON,https://raw.githubusercontent.com/cRz-Shadows/Pokemon_Trainer_Tournament_Simulator/main/Data/UsefulDatasets/gen_1_pokemon_learnsets.json
101,142,level-up,40,1,Supplied Gen-I learnset JSON,https://raw.githubusercontent.com/cRz-Shadows/Pokemon_Trainer_Tournament_Simulator/main/Data/UsefulDatasets/gen_1_pokemon_learnsets.json
101,41,level-up,50,1,Supplied Gen-I learnset JSON,https://raw.githubusercontent.com/cRz-Shadows/Pokemon_Trainer_Tournament_Simulator/main/Data/UsefulDatasets/gen_1_pokemon_learnsets.json
101,146,TM/HM,0,1,Supplied Gen-I learnset JSON,https://raw.githubusercontent.com/cRz-Shadows/Pokemon_Trainer_Tournament_Simulator/main/Data/UsefulDatasets/gen_1_pokemon_learnsets.json
101,64,TM/HM,0,1,Supplied Gen-I learnset JSON,https://raw.githubusercontent.com/cRz-Shadows/Pokemon_Trainer_Tournament_Simulator/main/Data/UsefulDatasets/gen_1_pokemon_learnsets.json
101,151,TM/HM,0,1,Supplied Gen-I learnset JSON,https://raw.githubusercontent.com/cRz-Shadows/Pokemon_Trainer_Tournament_Simulator/main/Data/UsefulDatasets/gen_1_pokemon_learnsets.json
101,150,TM/HM,0,1,Supplied Gen-I learnset JSON,https://raw.githubusercontent.com/cRz-Shadows/Pokemon_Trainer_Tournament_Simulator/main/Data/UsefulDatasets/gen_1_pokemon_learnsets.json
101,149,TM/HM,0,1,Supplied Gen-I learnset JSON,https://raw.githubusercontent.com/cRz-Shadows/Pokemon_Trainer_Tournament_Simulator/main/Data/UsefulDatasets/gen_1_pokemon_learnsets.json
101,154,TM/HM,0,1,Supplied Gen-I learnset JSON,https://raw.githubusercontent.com/cRz-Shadows/Pokemon_Trainer_Tournament_Simulator/main/Data/UsefulDatasets/gen_1_pokemon_learnsets.json
101,101,TM/HM,0,1,Supplied Gen-I learnset JSON,https://raw.githubusercontent.com/cRz-Shadows/Pokemon_Trainer_Tournament_Simulator/main/Data/UsefulDatasets/gen_1_pokemon_learnsets.json
101,147,TM/HM,0,1,Supplied Gen-I learnset JSON,https://raw.githubusercontent.com/cRz-Shadows/Pokemon_Trainer_Tournament_Simulator/main/Data/UsefulDatasets/gen_1_pokemon_learnsets.json
101,84,TM/HM,0,1,Supplied Gen-I learnset JSON,https://raw.githubusercontent.com/cRz-Shadows/Pokemon_Trainer_Tournament_Simulator/main/Data/UsefulDatasets/gen_1_pokemon_learnsets.json
101,32,TM/HM,0,1,Supplied Gen-I learnset JSON,https://raw.githubusercontent.com/cRz-Shadows/Pokemon_Trainer_Tournament_Simulator/main/Data/UsefulDatasets/gen_1_pokemon_learnsets.json
101,105,TM/HM,0,1,Supplied Gen-I learnset JSON,https://raw.githubusercontent.com/cRz-Shadows/Pokemon_Trainer_Tournament_Simulator/main/Data/UsefulDatasets/gen_1_pokemon_learnsets.json
101,9,TM/HM,0,1,Supplied Gen-I learnset JSON,https://raw.githubusercontent.com/cRz-Shadows/Pokemon_Trainer_Tournament_Simulator/main/Data/UsefulDatasets/gen_1_pokemon_learnsets.json
101,115,TM/HM,0,1,Supplied Gen-I learnset JSON,https://raw.githubusercontent.com/cRz-Shadows/Pokemon_Trainer_Tournament_Simulator/main/Data/UsefulDatasets/gen_1_pokemon_learnsets.json
101,142,TM/HM,0,1,Supplied Gen-I learnset JSON,https://raw.githubusercontent.com/cRz-Shadows/Pokemon_Trainer_Tournament_Simulator/main/Data/UsefulDatasets/gen_1_pokemon_learnsets.json
101,118,TM/HM,0,1,Supplied Gen-I learnset JSON,https://raw.githubusercontent.com/cRz-Shadows/Pokemon_Trainer_Tournament_Simulator/main/Data/UsefulDatasets/gen_1_pokemon_learnsets.json
101,47,TM/HM,0,1,Supplied Gen-I learnset JSON,https://raw.githubusercontent.com/cRz-Shadows/Pokemon_Trainer_Tournament_Simulator/main/Data/UsefulDatasets/gen_1_pokemon_learnsets.json
101,41,TM/HM,0,1,Supplied Gen-I learnset JSON,https://raw.githubusercontent.com/cRz-Shadows/Pokemon_Trainer_Tournament_Simulator/main/Data/UsefulDatasets/gen_1_pokemon_learnsets.json
101,106,TM/HM,0,1,Supplied Gen-I learnset JSON,https://raw.githubusercontent.com/cRz-Shadows/Pokemon_Trainer_Tournament_Simulator/main/Data/UsefulDatasets/gen_1_pokemon_learnsets.json
101,138,TM/HM,0,1,Supplied Gen-I learnset JSON,https://raw.githubusercontent.com/cRz-Shadows/Pokemon_Trainer_Tournament_Simulator/main/Data/UsefulDatasets/gen_1_pokemon_learnsets.json
102,7,level-up,1,1,Supplied Gen-I learnset JSON,https://raw.githubusercontent.com/cRz-Shadows/Pokemon_Trainer_Tournament_Simulator/main/Data/UsefulDatasets/gen_1_pokemon_learnsets.json
102,66,level-up,1,1,Supplied Gen-I learnset JSON,https://raw.githubusercontent.com/cRz-Shadows/Pokemon_Trainer_Tournament_Simulator/main/Data/UsefulDatasets/gen_1_pokemon_learnsets.json
102,105,level-up,25,1,Supplied Gen-I learnset JSON,https://raw.githubusercontent.com/cRz-Shadows/Pokemon_Trainer_Tournament_Simulator/main/Data/UsefulDatasets/gen_1_pokemon_learnsets.json
102,73,level-up,28,1,Supplied Gen-I learnset JSON,https://raw.githubusercontent.com/cRz-Shadows/Pokemon_Trainer_Tournament_Simulator/main/Data/UsefulDatasets/gen_1_pokemon_learnsets.json
102,136,level-up,32,1,Supplied Gen-I learnset JSON,https://raw.githubusercontent.com/cRz-Shadows/Pokemon_Trainer_Tournament_Simulator/main/Data/UsefulDatasets/gen_1_pokemon_learnsets.json
102,95,level-up,37,1,Supplied Gen-I learnset JSON,https://raw.githubusercontent.com/cRz-Shadows/Pokemon_Trainer_Tournament_Simulator/main/Data/UsefulDatasets/gen_1_pokemon_learnsets.json
102,127,level-up,42,1,Supplied Gen-I learnset JSON,https://raw.githubusercontent.com/cRz-Shadows/Pokemon_Trainer_Tournament_Simulator/main/Data/UsefulDatasets/gen_1_pokemon_learnsets.json
102,122,level-up,48,1,Supplied Gen-I learnset JSON,https://raw.githubusercontent.com/cRz-Shadows/Pokemon_Trainer_Tournament_Simulator/main/Data/UsefulDatasets/gen_1_pokemon_learnsets.json
102,146,TM/HM,0,1,Supplied Gen-I learnset JSON,https://raw.githubusercontent.com/cRz-Shadows/Pokemon_Trainer_Tournament_Simulator/main/Data/UsefulDatasets/gen_1_pokemon_learnsets.json
102,33,TM/HM,0,1,Supplied Gen-I learnset JSON,https://raw.githubusercontent.com/cRz-Shadows/Pokemon_Trainer_Tournament_Simulator/main/Data/UsefulDatasets/gen_1_pokemon_learnsets.json
102,154,TM/HM,0,1,Supplied Gen-I learnset JSON,https://raw.githubusercontent.com/cRz-Shadows/Pokemon_Trainer_Tournament_Simulator/main/Data/UsefulDatasets/gen_1_pokemon_learnsets.json
102,98,TM/HM,0,1,Supplied Gen-I learnset JSON,https://raw.githubusercontent.com/cRz-Shadows/Pokemon_Trainer_Tournament_Simulator/main/Data/UsefulDatasets/gen_1_pokemon_learnsets.json
102,101,TM/HM,0,1,Supplied Gen-I learnset JSON,https://raw.githubusercontent.com/cRz-Shadows/Pokemon_Trainer_Tournament_Simulator/main/Data/UsefulDatasets/gen_1_pokemon_learnsets.json
102,147,TM/HM,0,1,Supplied Gen-I learnset JSON,https://raw.githubusercontent.com/cRz-Shadows/Pokemon_Trainer_Tournament_Simulator/main/Data/UsefulDatasets/gen_1_pokemon_learnsets.json
102,84,TM/HM,0,1,Supplied Gen-I learnset JSON,https://raw.githubusercontent.com/cRz-Shadows/Pokemon_Trainer_Tournament_Simulator/main/Data/UsefulDatasets/gen_1_pokemon_learnsets.json
102,32,TM/HM,0,1,Supplied Gen-I learnset JSON,https://raw.githubusercontent.com/cRz-Shadows/Pokemon_Trainer_Tournament_Simulator/main/Data/UsefulDatasets/gen_1_pokemon_learnsets.json
102,105,TM/HM,0,1,Supplied Gen-I learnset JSON,https://raw.githubusercontent.com/cRz-Shadows/Pokemon_Trainer_Tournament_Simulator/main/Data/UsefulDatasets/gen_1_pokemon_learnsets.json
102,9,TM/HM,0,1,Supplied Gen-I learnset JSON,https://raw.githubusercontent.com/cRz-Shadows/Pokemon_Trainer_Tournament_Simulator/main/Data/UsefulDatasets/gen_1_pokemon_learnsets.json
102,115,TM/HM,0,1,Supplied Gen-I learnset JSON,https://raw.githubusercontent.com/cRz-Shadows/Pokemon_Trainer_Tournament_Simulator/main/Data/UsefulDatasets/gen_1_pokemon_learnsets.json
102,39,TM/HM,0,1,Supplied Gen-I learnset JSON,https://raw.githubusercontent.com/cRz-Shadows/Pokemon_Trainer_Tournament_Simulator/main/Data/UsefulDatasets/gen_1_pokemon_learnsets.json
102,99,TM/HM,0,1,Supplied Gen-I learnset JSON,https://raw.githubusercontent.com/cRz-Shadows/Pokemon_Trainer_Tournament_Simulator/main/Data/UsefulDatasets/gen_1_pokemon_learnsets.json
102,41,TM/HM,0,1,Supplied Gen-I learnset JSON,https://raw.githubusercontent.com/cRz-Shadows/Pokemon_Trainer_Tournament_Simulator/main/Data/UsefulDatasets/gen_1_pokemon_learnsets.json
102,106,TM/HM,0,1,Supplied Gen-I learnset JSON,https://raw.githubusercontent.com/cRz-Shadows/Pokemon_Trainer_Tournament_Simulator/main/Data/UsefulDatasets/gen_1_pokemon_learnsets.json
102,138,TM/HM,0,1,Supplied Gen-I learnset JSON,https://raw.githubusercontent.com/cRz-Shadows/Pokemon_Trainer_Tournament_Simulator/main/Data/UsefulDatasets/gen_1_pokemon_learnsets.json
103,7,level-up,1,1,Supplied Gen-I learnset JSON,https://raw.githubusercontent.com/cRz-Shadows/Pokemon_Trainer_Tournament_Simulator/main/Data/UsefulDatasets/gen_1_pokemon_learnsets.json
103,66,level-up,1,1,Supplied Gen-I learnset JSON,https://raw.githubusercontent.com/cRz-Shadows/Pokemon_Trainer_Tournament_Simulator/main/Data/UsefulDatasets/gen_1_pokemon_learnsets.json
103,132,level-up,28,1,Supplied Gen-I learnset JSON,https://raw.githubusercontent.com/cRz-Shadows/Pokemon_Trainer_Tournament_Simulator/main/Data/UsefulDatasets/gen_1_pokemon_learnsets.json
103,146,TM/HM,0,1,Supplied Gen-I learnset JSON,https://raw.githubusercontent.com/cRz-Shadows/Pokemon_Trainer_Tournament_Simulator/main/Data/UsefulDatasets/gen_1_pokemon_learnsets.json
103,33,TM/HM,0,1,Supplied Gen-I learnset JSON,https://raw.githubusercontent.com/cRz-Shadows/Pokemon_Trainer_Tournament_Simulator/main/Data/UsefulDatasets/gen_1_pokemon_learnsets.json
103,64,TM/HM,0,1,Supplied Gen-I learnset JSON,https://raw.githubusercontent.com/cRz-Shadows/Pokemon_Trainer_Tournament_Simulator/main/Data/UsefulDatasets/gen_1_pokemon_learnsets.json
103,133,TM/HM,0,1,Supplied Gen-I learnset JSON,https://raw.githubusercontent.com/cRz-Shadows/Pokemon_Trainer_Tournament_Simulator/main/Data/UsefulDatasets/gen_1_pokemon_learnsets.json
103,80,TM/HM,0,1,Supplied Gen-I learnset JSON,https://raw.githubusercontent.com/cRz-Shadows/Pokemon_Trainer_Tournament_Simulator/main/Data/UsefulDatasets/gen_1_pokemon_learnsets.json
103,127,TM/HM,0,1,Supplied Gen-I learnset JSON,https://raw.githubusercontent.com/cRz-Shadows/Pokemon_Trainer_Tournament_Simulator/main/Data/UsefulDatasets/gen_1_pokemon_learnsets.json
103,154,TM/HM,0,1,Supplied Gen-I learnset JSON,https://raw.githubusercontent.com/cRz-Shadows/Pokemon_Trainer_Tournament_Simulator/main/Data/UsefulDatasets/gen_1_pokemon_learnsets.json
103,98,TM/HM,0,1,Supplied Gen-I learnset JSON,https://raw.githubusercontent.com/cRz-Shadows/Pokemon_Trainer_Tournament_Simulator/main/Data/UsefulDatasets/gen_1_pokemon_learnsets.json
103,101,TM/HM,0,1,Supplied Gen-I learnset JSON,https://raw.githubusercontent.com/cRz-Shadows/Pokemon_Trainer_Tournament_Simulator/main/Data/UsefulDatasets/gen_1_pokemon_learnsets.json
103,147,TM/HM,0,1,Supplied Gen-I learnset JSON,https://raw.githubusercontent.com/cRz-Shadows/Pokemon_Trainer_Tournament_Simulator/main/Data/UsefulDatasets/gen_1_pokemon_learnsets.json
103,84,TM/HM,0,1,Supplied Gen-I learnset JSON,https://raw.githubusercontent.com/cRz-Shadows/Pokemon_Trainer_Tournament_Simulator/main/Data/UsefulDatasets/gen_1_pokemon_learnsets.json
103,32,TM/HM,0,1,Supplied Gen-I learnset JSON,https://raw.githubusercontent.com/cRz-Shadows/Pokemon_Trainer_Tournament_Simulator/main/Data/UsefulDatasets/gen_1_pokemon_learnsets.json
103,105,TM/HM,0,1,Supplied Gen-I learnset JSON,https://raw.githubusercontent.com/cRz-Shadows/Pokemon_Trainer_Tournament_Simulator/main/Data/UsefulDatasets/gen_1_pokemon_learnsets.json
103,9,TM/HM,0,1,Supplied Gen-I learnset JSON,https://raw.githubusercontent.com/cRz-Shadows/Pokemon_Trainer_Tournament_Simulator/main/Data/UsefulDatasets/gen_1_pokemon_learnsets.json
103,115,TM/HM,0,1,Supplied Gen-I learnset JSON,https://raw.githubusercontent.com/cRz-Shadows/Pokemon_Trainer_Tournament_Simulator/main/Data/UsefulDatasets/gen_1_pokemon_learnsets.json
103,39,TM/HM,0,1,Supplied Gen-I learnset JSON,https://raw.githubusercontent.com/cRz-Shadows/Pokemon_Trainer_Tournament_Simulator/main/Data/UsefulDatasets/gen_1_pokemon_learnsets.json
103,99,TM/HM,0,1,Supplied Gen-I learnset JSON,https://raw.githubusercontent.com/cRz-Shadows/Pokemon_Trainer_Tournament_Simulator/main/Data/UsefulDatasets/gen_1_pokemon_learnsets.json
103,41,TM/HM,0,1,Supplied Gen-I learnset JSON,https://raw.githubusercontent.com/cRz-Shadows/Pokemon_Trainer_Tournament_Simulator/main/Data/UsefulDatasets/gen_1_pokemon_learnsets.json
103,106,TM/HM,0,1,Supplied Gen-I learnset JSON,https://raw.githubusercontent.com/cRz-Shadows/Pokemon_Trainer_Tournament_Simulator/main/Data/UsefulDatasets/gen_1_pokemon_learnsets.json
103,138,TM/HM,0,1,Supplied Gen-I learnset JSON,https://raw.githubusercontent.com/cRz-Shadows/Pokemon_Trainer_Tournament_Simulator/main/Data/UsefulDatasets/gen_1_pokemon_learnsets.json
104,14,level-up,1,1,Supplied Gen-I learnset JSON,https://raw.githubusercontent.com/cRz-Shadows/Pokemon_Trainer_Tournament_Simulator/main/Data/UsefulDatasets/gen_1_pokemon_learnsets.json
104,53,level-up,1,1,Supplied Gen-I learnset JSON,https://raw.githubusercontent.com/cRz-Shadows/Pokemon_Trainer_Tournament_Simulator/main/Data/UsefulDatasets/gen_1_pokemon_learnsets.json
104,74,level-up,25,1,Supplied Gen-I learnset JSON,https://raw.githubusercontent.com/cRz-Shadows/Pokemon_Trainer_Tournament_Simulator/main/Data/UsefulDatasets/gen_1_pokemon_learnsets.json
104,49,level-up,31,1,Supplied Gen-I learnset JSON,https://raw.githubusercontent.com/cRz-Shadows/Pokemon_Trainer_Tournament_Simulator/main/Data/UsefulDatasets/gen_1_pokemon_learnsets.json
104,148,level-up,38,1,Supplied Gen-I learnset JSON,https://raw.githubusercontent.com/cRz-Shadows/Pokemon_Trainer_Tournament_Simulator/main/Data/UsefulDatasets/gen_1_pokemon_learnsets.json
104,15,level-up,43,1,Supplied Gen-I learnset JSON,https://raw.githubusercontent.com/cRz-Shadows/Pokemon_Trainer_Tournament_Simulator/main/Data/UsefulDatasets/gen_1_pokemon_learnsets.json
104,101,level-up,46,1,Supplied Gen-I learnset JSON,https://raw.githubusercontent.com/cRz-Shadows/Pokemon_Trainer_Tournament_Simulator/main/Data/UsefulDatasets/gen_1_pokemon_learnsets.json
104,82,TM/HM,0,1,Supplied Gen-I learnset JSON,https://raw.githubusercontent.com/cRz-Shadows/Pokemon_Trainer_Tournament_Simulator/main/Data/UsefulDatasets/gen_1_pokemon_learnsets.json
104,81,TM/HM,0,1,Supplied Gen-I learnset JSON,https://raw.githubusercontent.com/cRz-Shadows/Pokemon_Trainer_Tournament_Simulator/main/Data/UsefulDatasets/gen_1_pokemon_learnsets.json
104,13,TM/HM,0,1,Supplied Gen-I learnset JSON,https://raw.githubusercontent.com/cRz-Shadows/Pokemon_Trainer_Tournament_Simulator/main/Data/UsefulDatasets/gen_1_pokemon_learnsets.json
104,146,TM/HM,0,1,Supplied Gen-I learnset JSON,https://raw.githubusercontent.com/cRz-Shadows/Pokemon_Trainer_Tournament_Simulator/main/Data/UsefulDatasets/gen_1_pokemon_learnsets.json
104,33,TM/HM,0,1,Supplied Gen-I learnset JSON,https://raw.githubusercontent.com/cRz-Shadows/Pokemon_Trainer_Tournament_Simulator/main/Data/UsefulDatasets/gen_1_pokemon_learnsets.json
104,160,TM/HM,0,1,Supplied Gen-I learnset JSON,https://raw.githubusercontent.com/cRz-Shadows/Pokemon_Trainer_Tournament_Simulator/main/Data/UsefulDatasets/gen_1_pokemon_learnsets.json
104,67,TM/HM,0,1,Supplied Gen-I learnset JSON,https://raw.githubusercontent.com/cRz-Shadows/Pokemon_Trainer_Tournament_Simulator/main/Data/UsefulDatasets/gen_1_pokemon_learnsets.json
104,12,TM/HM,0,1,Supplied Gen-I learnset JSON,https://raw.githubusercontent.com/cRz-Shadows/Pokemon_Trainer_Tournament_Simulator/main/Data/UsefulDatasets/gen_1_pokemon_learnsets.json
104,17,TM/HM,0,1,Supplied Gen-I learnset JSON,https://raw.githubusercontent.com/cRz-Shadows/Pokemon_Trainer_Tournament_Simulator/main/Data/UsefulDatasets/gen_1_pokemon_learnsets.json
104,137,TM/HM,0,1,Supplied Gen-I learnset JSON,https://raw.githubusercontent.com/cRz-Shadows/Pokemon_Trainer_Tournament_Simulator/main/Data/UsefulDatasets/gen_1_pokemon_learnsets.json
104,24,TM/HM,0,1,Supplied Gen-I learnset JSON,https://raw.githubusercontent.com/cRz-Shadows/Pokemon_Trainer_Tournament_Simulator/main/Data/UsefulDatasets/gen_1_pokemon_learnsets.json
104,114,TM/HM,0,1,Supplied Gen-I learnset JSON,https://raw.githubusercontent.com/cRz-Shadows/Pokemon_Trainer_Tournament_Simulator/main/Data/UsefulDatasets/gen_1_pokemon_learnsets.json
104,133,TM/HM,0,1,Supplied Gen-I learnset JSON,https://raw.githubusercontent.com/cRz-Shadows/Pokemon_Trainer_Tournament_Simulator/main/Data/UsefulDatasets/gen_1_pokemon_learnsets.json
104,38,TM/HM,0,1,Supplied Gen-I learnset JSON,https://raw.githubusercontent.com/cRz-Shadows/Pokemon_Trainer_Tournament_Simulator/main/Data/UsefulDatasets/gen_1_pokemon_learnsets.json
104,45,TM/HM,0,1,Supplied Gen-I learnset JSON,https://raw.githubusercontent.com/cRz-Shadows/Pokemon_Trainer_Tournament_Simulator/main/Data/UsefulDatasets/gen_1_pokemon_learnsets.json
104,28,TM/HM,0,1,Supplied Gen-I learnset JSON,https://raw.githubusercontent.com/cRz-Shadows/Pokemon_Trainer_Tournament_Simulator/main/Data/UsefulDatasets/gen_1_pokemon_learnsets.json
104,154,TM/HM,0,1,Supplied Gen-I learnset JSON,https://raw.githubusercontent.com/cRz-Shadows/Pokemon_Trainer_Tournament_Simulator/main/Data/UsefulDatasets/gen_1_pokemon_learnsets.json
104,101,TM/HM,0,1,Supplied Gen-I learnset JSON,https://raw.githubusercontent.com/cRz-Shadows/Pokemon_Trainer_Tournament_Simulator/main/Data/UsefulDatasets/gen_1_pokemon_learnsets.json
104,84,TM/HM,0,1,Supplied Gen-I learnset JSON,https://raw.githubusercontent.com/cRz-Shadows/Pokemon_Trainer_Tournament_Simulator/main/Data/UsefulDatasets/gen_1_pokemon_learnsets.json
104,32,TM/HM,0,1,Supplied Gen-I learnset JSON,https://raw.githubusercontent.com/cRz-Shadows/Pokemon_Trainer_Tournament_Simulator/main/Data/UsefulDatasets/gen_1_pokemon_learnsets.json
104,9,TM/HM,0,1,Supplied Gen-I learnset JSON,https://raw.githubusercontent.com/cRz-Shadows/Pokemon_Trainer_Tournament_Simulator/main/Data/UsefulDatasets/gen_1_pokemon_learnsets.json
104,42,TM/HM,0,1,Supplied Gen-I learnset JSON,https://raw.githubusercontent.com/cRz-Shadows/Pokemon_Trainer_Tournament_Simulator/main/Data/UsefulDatasets/gen_1_pokemon_learnsets.json
104,118,TM/HM,0,1,Supplied Gen-I learnset JSON,https://raw.githubusercontent.com/cRz-Shadows/Pokemon_Trainer_Tournament_Simulator/main/Data/UsefulDatasets/gen_1_pokemon_learnsets.json
104,106,TM/HM,0,1,Supplied Gen-I learnset JSON,https://raw.githubusercontent.com/cRz-Shadows/Pokemon_Trainer_Tournament_Simulator/main/Data/UsefulDatasets/gen_1_pokemon_learnsets.json
104,138,TM/HM,0,1,Supplied Gen-I learnset JSON,https://raw.githubusercontent.com/cRz-Shadows/Pokemon_Trainer_Tournament_Simulator/main/Data/UsefulDatasets/gen_1_pokemon_learnsets.json
105,14,level-up,1,1,Supplied Gen-I learnset JSON,https://raw.githubusercontent.com/cRz-Shadows/Pokemon_Trainer_Tournament_Simulator/main/Data/UsefulDatasets/gen_1_pokemon_learnsets.json
105,74,level-up,1,1,Supplied Gen-I learnset JSON,https://raw.githubusercontent.com/cRz-Shadows/Pokemon_Trainer_Tournament_Simulator/main/Data/UsefulDatasets/gen_1_pokemon_learnsets.json
105,53,level-up,1,1,Supplied Gen-I learnset JSON,https://raw.githubusercontent.com/cRz-Shadows/Pokemon_Trainer_Tournament_Simulator/main/Data/UsefulDatasets/gen_1_pokemon_learnsets.json
105,49,level-up,1,1,Supplied Gen-I learnset JSON,https://raw.githubusercontent.com/cRz-Shadows/Pokemon_Trainer_Tournament_Simulator/main/Data/UsefulDatasets/gen_1_pokemon_learnsets.json
105,74,level-up,25,1,Supplied Gen-I learnset JSON,https://raw.githubusercontent.com/cRz-Shadows/Pokemon_Trainer_Tournament_Simulator/main/Data/UsefulDatasets/gen_1_pokemon_learnsets.json
105,49,level-up,33,1,Supplied Gen-I learnset JSON,https://raw.githubusercontent.com/cRz-Shadows/Pokemon_Trainer_Tournament_Simulator/main/Data/UsefulDatasets/gen_1_pokemon_learnsets.json
105,148,level-up,41,1,Supplied Gen-I learnset JSON,https://raw.githubusercontent.com/cRz-Shadows/Pokemon_Trainer_Tournament_Simulator/main/Data/UsefulDatasets/gen_1_pokemon_learnsets.json
105,15,level-up,48,1,Supplied Gen-I learnset JSON,https://raw.githubusercontent.com/cRz-Shadows/Pokemon_Trainer_Tournament_Simulator/main/Data/UsefulDatasets/gen_1_pokemon_learnsets.json
105,101,level-up,55,1,Supplied Gen-I learnset JSON,https://raw.githubusercontent.com/cRz-Shadows/Pokemon_Trainer_Tournament_Simulator/main/Data/UsefulDatasets/gen_1_pokemon_learnsets.json
105,82,TM/HM,0,1,Supplied Gen-I learnset JSON,https://raw.githubusercontent.com/cRz-Shadows/Pokemon_Trainer_Tournament_Simulator/main/Data/UsefulDatasets/gen_1_pokemon_learnsets.json
105,81,TM/HM,0,1,Supplied Gen-I learnset JSON,https://raw.githubusercontent.com/cRz-Shadows/Pokemon_Trainer_Tournament_Simulator/main/Data/UsefulDatasets/gen_1_pokemon_learnsets.json
105,13,TM/HM,0,1,Supplied Gen-I learnset JSON,https://raw.githubusercontent.com/cRz-Shadows/Pokemon_Trainer_Tournament_Simulator/main/Data/UsefulDatasets/gen_1_pokemon_learnsets.json
105,146,TM/HM,0,1,Supplied Gen-I learnset JSON,https://raw.githubusercontent.com/cRz-Shadows/Pokemon_Trainer_Tournament_Simulator/main/Data/UsefulDatasets/gen_1_pokemon_learnsets.json
105,33,TM/HM,0,1,Supplied Gen-I learnset JSON,https://raw.githubusercontent.com/cRz-Shadows/Pokemon_Trainer_Tournament_Simulator/main/Data/UsefulDatasets/gen_1_pokemon_learnsets.json
105,160,TM/HM,0,1,Supplied Gen-I learnset JSON,https://raw.githubusercontent.com/cRz-Shadows/Pokemon_Trainer_Tournament_Simulator/main/Data/UsefulDatasets/gen_1_pokemon_learnsets.json
105,67,TM/HM,0,1,Supplied Gen-I learnset JSON,https://raw.githubusercontent.com/cRz-Shadows/Pokemon_Trainer_Tournament_Simulator/main/Data/UsefulDatasets/gen_1_pokemon_learnsets.json
105,12,TM/HM,0,1,Supplied Gen-I learnset JSON,https://raw.githubusercontent.com/cRz-Shadows/Pokemon_Trainer_Tournament_Simulator/main/Data/UsefulDatasets/gen_1_pokemon_learnsets.json
105,17,TM/HM,0,1,Supplied Gen-I learnset JSON,https://raw.githubusercontent.com/cRz-Shadows/Pokemon_Trainer_Tournament_Simulator/main/Data/UsefulDatasets/gen_1_pokemon_learnsets.json
105,64,TM/HM,0,1,Supplied Gen-I learnset JSON,https://raw.githubusercontent.com/cRz-Shadows/Pokemon_Trainer_Tournament_Simulator/main/Data/UsefulDatasets/gen_1_pokemon_learnsets.json
105,137,TM/HM,0,1,Supplied Gen-I learnset JSON,https://raw.githubusercontent.com/cRz-Shadows/Pokemon_Trainer_Tournament_Simulator/main/Data/UsefulDatasets/gen_1_pokemon_learnsets.json
105,24,TM/HM,0,1,Supplied Gen-I learnset JSON,https://raw.githubusercontent.com/cRz-Shadows/Pokemon_Trainer_Tournament_Simulator/main/Data/UsefulDatasets/gen_1_pokemon_learnsets.json
105,114,TM/HM,0,1,Supplied Gen-I learnset JSON,https://raw.githubusercontent.com/cRz-Shadows/Pokemon_Trainer_Tournament_Simulator/main/Data/UsefulDatasets/gen_1_pokemon_learnsets.json
105,133,TM/HM,0,1,Supplied Gen-I learnset JSON,https://raw.githubusercontent.com/cRz-Shadows/Pokemon_Trainer_Tournament_Simulator/main/Data/UsefulDatasets/gen_1_pokemon_learnsets.json
105,38,TM/HM,0,1,Supplied Gen-I learnset JSON,https://raw.githubusercontent.com/cRz-Shadows/Pokemon_Trainer_Tournament_Simulator/main/Data/UsefulDatasets/gen_1_pokemon_learnsets.json
105,45,TM/HM,0,1,Supplied Gen-I learnset JSON,https://raw.githubusercontent.com/cRz-Shadows/Pokemon_Trainer_Tournament_Simulator/main/Data/UsefulDatasets/gen_1_pokemon_learnsets.json
105,28,TM/HM,0,1,Supplied Gen-I learnset JSON,https://raw.githubusercontent.com/cRz-Shadows/Pokemon_Trainer_Tournament_Simulator/main/Data/UsefulDatasets/gen_1_pokemon_learnsets.json
105,154,TM/HM,0,1,Supplied Gen-I learnset JSON,https://raw.githubusercontent.com/cRz-Shadows/Pokemon_Trainer_Tournament_Simulator/main/Data/UsefulDatasets/gen_1_pokemon_learnsets.json
105,101,TM/HM,0,1,Supplied Gen-I learnset JSON,https://raw.githubusercontent.com/cRz-Shadows/Pokemon_Trainer_Tournament_Simulator/main/Data/UsefulDatasets/gen_1_pokemon_learnsets.json
105,84,TM/HM,0,1,Supplied Gen-I learnset JSON,https://raw.githubusercontent.com/cRz-Shadows/Pokemon_Trainer_Tournament_Simulator/main/Data/UsefulDatasets/gen_1_pokemon_learnsets.json
105,32,TM/HM,0,1,Supplied Gen-I learnset JSON,https://raw.githubusercontent.com/cRz-Shadows/Pokemon_Trainer_Tournament_Simulator/main/Data/UsefulDatasets/gen_1_pokemon_learnsets.json
105,9,TM/HM,0,1,Supplied Gen-I learnset JSON,https://raw.githubusercontent.com/cRz-Shadows/Pokemon_Trainer_Tournament_Simulator/main/Data/UsefulDatasets/gen_1_pokemon_learnsets.json
105,42,TM/HM,0,1,Supplied Gen-I learnset JSON,https://raw.githubusercontent.com/cRz-Shadows/Pokemon_Trainer_Tournament_Simulator/main/Data/UsefulDatasets/gen_1_pokemon_learnsets.json
105,118,TM/HM,0,1,Supplied Gen-I learnset JSON,https://raw.githubusercontent.com/cRz-Shadows/Pokemon_Trainer_Tournament_Simulator/main/Data/UsefulDatasets/gen_1_pokemon_learnsets.json
105,106,TM/HM,0,1,Supplied Gen-I learnset JSON,https://raw.githubusercontent.com/cRz-Shadows/Pokemon_Trainer_Tournament_Simulator/main/Data/UsefulDatasets/gen_1_pokemon_learnsets.json
105,138,TM/HM,0,1,Supplied Gen-I learnset JSON,https://raw.githubusercontent.com/cRz-Shadows/Pokemon_Trainer_Tournament_Simulator/main/Data/UsefulDatasets/gen_1_pokemon_learnsets.json
106,31,level-up,1,1,Supplied Gen-I learnset JSON,https://raw.githubusercontent.com/cRz-Shadows/Pokemon_Trainer_Tournament_Simulator/main/Data/UsefulDatasets/gen_1_pokemon_learnsets.json
106,79,level-up,1,1,Supplied Gen-I learnset JSON,https://raw.githubusercontent.com/cRz-Shadows/Pokemon_Trainer_Tournament_Simulator/main/Data/UsefulDatasets/gen_1_pokemon_learnsets.json
106,110,level-up,33,1,Supplied Gen-I learnset JSON,https://raw.githubusercontent.com/cRz-Shadows/Pokemon_Trainer_Tournament_Simulator/main/Data/UsefulDatasets/gen_1_pokemon_learnsets.json
106,69,level-up,38,1,Supplied Gen-I learnset JSON,https://raw.githubusercontent.com/cRz-Shadows/Pokemon_Trainer_Tournament_Simulator/main/Data/UsefulDatasets/gen_1_pokemon_learnsets.json
106,49,level-up,43,1,Supplied Gen-I learnset JSON,https://raw.githubusercontent.com/cRz-Shadows/Pokemon_Trainer_Tournament_Simulator/main/Data/UsefulDatasets/gen_1_pokemon_learnsets.json
106,81,level-up,53,1,Supplied Gen-I learnset JSON,https://raw.githubusercontent.com/cRz-Shadows/Pokemon_Trainer_Tournament_Simulator/main/Data/UsefulDatasets/gen_1_pokemon_learnsets.json
106,82,TM/HM,0,1,Supplied Gen-I learnset JSON,https://raw.githubusercontent.com/cRz-Shadows/Pokemon_Trainer_Tournament_Simulator/main/Data/UsefulDatasets/gen_1_pokemon_learnsets.json
106,81,TM/HM,0,1,Supplied Gen-I learnset JSON,https://raw.githubusercontent.com/cRz-Shadows/Pokemon_Trainer_Tournament_Simulator/main/Data/UsefulDatasets/gen_1_pokemon_learnsets.json
106,13,TM/HM,0,1,Supplied Gen-I learnset JSON,https://raw.githubusercontent.com/cRz-Shadows/Pokemon_Trainer_Tournament_Simulator/main/Data/UsefulDatasets/gen_1_pokemon_learnsets.json
106,146,TM/HM,0,1,Supplied Gen-I learnset JSON,https://raw.githubusercontent.com/cRz-Shadows/Pokemon_Trainer_Tournament_Simulator/main/Data/UsefulDatasets/gen_1_pokemon_learnsets.json
106,33,TM/HM,0,1,Supplied Gen-I learnset JSON,https://raw.githubusercontent.com/cRz-Shadows/Pokemon_Trainer_Tournament_Simulator/main/Data/UsefulDatasets/gen_1_pokemon_learnsets.json
106,137,TM/HM,0,1,Supplied Gen-I learnset JSON,https://raw.githubusercontent.com/cRz-Shadows/Pokemon_Trainer_Tournament_Simulator/main/Data/UsefulDatasets/gen_1_pokemon_learnsets.json
106,24,TM/HM,0,1,Supplied Gen-I learnset JSON,https://raw.githubusercontent.com/cRz-Shadows/Pokemon_Trainer_Tournament_Simulator/main/Data/UsefulDatasets/gen_1_pokemon_learnsets.json
106,114,TM/HM,0,1,Supplied Gen-I learnset JSON,https://raw.githubusercontent.com/cRz-Shadows/Pokemon_Trainer_Tournament_Simulator/main/Data/UsefulDatasets/gen_1_pokemon_learnsets.json
106,133,TM/HM,0,1,Supplied Gen-I learnset JSON,https://raw.githubusercontent.com/cRz-Shadows/Pokemon_Trainer_Tournament_Simulator/main/Data/UsefulDatasets/gen_1_pokemon_learnsets.json
106,154,TM/HM,0,1,Supplied Gen-I learnset JSON,https://raw.githubusercontent.com/cRz-Shadows/Pokemon_Trainer_Tournament_Simulator/main/Data/UsefulDatasets/gen_1_pokemon_learnsets.json
106,101,TM/HM,0,1,Supplied Gen-I learnset JSON,https://raw.githubusercontent.com/cRz-Shadows/Pokemon_Trainer_Tournament_Simulator/main/Data/UsefulDatasets/gen_1_pokemon_learnsets.json
106,84,TM/HM,0,1,Supplied Gen-I learnset JSON,https://raw.githubusercontent.com/cRz-Shadows/Pokemon_Trainer_Tournament_Simulator/main/Data/UsefulDatasets/gen_1_pokemon_learnsets.json
106,32,TM/HM,0,1,Supplied Gen-I learnset JSON,https://raw.githubusercontent.com/cRz-Shadows/Pokemon_Trainer_Tournament_Simulator/main/Data/UsefulDatasets/gen_1_pokemon_learnsets.json
106,9,TM/HM,0,1,Supplied Gen-I learnset JSON,https://raw.githubusercontent.com/cRz-Shadows/Pokemon_Trainer_Tournament_Simulator/main/Data/UsefulDatasets/gen_1_pokemon_learnsets.json
106,83,TM/HM,0,1,Supplied Gen-I learnset JSON,https://raw.githubusercontent.com/cRz-Shadows/Pokemon_Trainer_Tournament_Simulator/main/Data/UsefulDatasets/gen_1_pokemon_learnsets.json
106,142,TM/HM,0,1,Supplied Gen-I learnset JSON,https://raw.githubusercontent.com/cRz-Shadows/Pokemon_Trainer_Tournament_Simulator/main/Data/UsefulDatasets/gen_1_pokemon_learnsets.json
106,118,TM/HM,0,1,Supplied Gen-I learnset JSON,https://raw.githubusercontent.com/cRz-Shadows/Pokemon_Trainer_Tournament_Simulator/main/Data/UsefulDatasets/gen_1_pokemon_learnsets.json
106,106,TM/HM,0,1,Supplied Gen-I learnset JSON,https://raw.githubusercontent.com/cRz-Shadows/Pokemon_Trainer_Tournament_Simulator/main/Data/UsefulDatasets/gen_1_pokemon_learnsets.json
106,138,TM/HM,0,1,Supplied Gen-I learnset JSON,https://raw.githubusercontent.com/cRz-Shadows/Pokemon_Trainer_Tournament_Simulator/main/Data/UsefulDatasets/gen_1_pokemon_learnsets.json
107,19,level-up,1,1,Supplied Gen-I learnset JSON,https://raw.githubusercontent.com/cRz-Shadows/Pokemon_Trainer_Tournament_Simulator/main/Data/UsefulDatasets/gen_1_pokemon_learnsets.json
107,4,level-up,1,1,Supplied Gen-I learnset JSON,https://raw.githubusercontent.com/cRz-Shadows/Pokemon_Trainer_Tournament_Simulator/main/Data/UsefulDatasets/gen_1_pokemon_learnsets.json
107,43,level-up,33,1,Supplied Gen-I learnset JSON,https://raw.githubusercontent.com/cRz-Shadows/Pokemon_Trainer_Tournament_Simulator/main/Data/UsefulDatasets/gen_1_pokemon_learnsets.json
107,68,level-up,38,1,Supplied Gen-I learnset JSON,https://raw.githubusercontent.com/cRz-Shadows/Pokemon_Trainer_Tournament_Simulator/main/Data/UsefulDatasets/gen_1_pokemon_learnsets.json
107,152,level-up,43,1,Supplied Gen-I learnset JSON,https://raw.githubusercontent.com/cRz-Shadows/Pokemon_Trainer_Tournament_Simulator/main/Data/UsefulDatasets/gen_1_pokemon_learnsets.json
107,82,level-up,48,1,Supplied Gen-I learnset JSON,https://raw.githubusercontent.com/cRz-Shadows/Pokemon_Trainer_Tournament_Simulator/main/Data/UsefulDatasets/gen_1_pokemon_learnsets.json
107,24,level-up,53,1,Supplied Gen-I learnset JSON,https://raw.githubusercontent.com/cRz-Shadows/Pokemon_Trainer_Tournament_Simulator/main/Data/UsefulDatasets/gen_1_pokemon_learnsets.json
107,82,TM/HM,0,1,Supplied Gen-I learnset JSON,https://raw.githubusercontent.com/cRz-Shadows/Pokemon_Trainer_Tournament_Simulator/main/Data/UsefulDatasets/gen_1_pokemon_learnsets.json
107,81,TM/HM,0,1,Supplied Gen-I learnset JSON,https://raw.githubusercontent.com/cRz-Shadows/Pokemon_Trainer_Tournament_Simulator/main/Data/UsefulDatasets/gen_1_pokemon_learnsets.json
107,13,TM/HM,0,1,Supplied Gen-I learnset JSON,https://raw.githubusercontent.com/cRz-Shadows/Pokemon_Trainer_Tournament_Simulator/main/Data/UsefulDatasets/gen_1_pokemon_learnsets.json
107,146,TM/HM,0,1,Supplied Gen-I learnset JSON,https://raw.githubusercontent.com/cRz-Shadows/Pokemon_Trainer_Tournament_Simulator/main/Data/UsefulDatasets/gen_1_pokemon_learnsets.json
107,33,TM/HM,0,1,Supplied Gen-I learnset JSON,https://raw.githubusercontent.com/cRz-Shadows/Pokemon_Trainer_Tournament_Simulator/main/Data/UsefulDatasets/gen_1_pokemon_learnsets.json
107,137,TM/HM,0,1,Supplied Gen-I learnset JSON,https://raw.githubusercontent.com/cRz-Shadows/Pokemon_Trainer_Tournament_Simulator/main/Data/UsefulDatasets/gen_1_pokemon_learnsets.json
107,24,TM/HM,0,1,Supplied Gen-I learnset JSON,https://raw.githubusercontent.com/cRz-Shadows/Pokemon_Trainer_Tournament_Simulator/main/Data/UsefulDatasets/gen_1_pokemon_learnsets.json
107,114,TM/HM,0,1,Supplied Gen-I learnset JSON,https://raw.githubusercontent.com/cRz-Shadows/Pokemon_Trainer_Tournament_Simulator/main/Data/UsefulDatasets/gen_1_pokemon_learnsets.json
107,133,TM/HM,0,1,Supplied Gen-I learnset JSON,https://raw.githubusercontent.com/cRz-Shadows/Pokemon_Trainer_Tournament_Simulator/main/Data/UsefulDatasets/gen_1_pokemon_learnsets.json
107,154,TM/HM,0,1,Supplied Gen-I learnset JSON,https://raw.githubusercontent.com/cRz-Shadows/Pokemon_Trainer_Tournament_Simulator/main/Data/UsefulDatasets/gen_1_pokemon_learnsets.json
107,101,TM/HM,0,1,Supplied Gen-I learnset JSON,https://raw.githubusercontent.com/cRz-Shadows/Pokemon_Trainer_Tournament_Simulator/main/Data/UsefulDatasets/gen_1_pokemon_learnsets.json
107,84,TM/HM,0,1,Supplied Gen-I learnset JSON,https://raw.githubusercontent.com/cRz-Shadows/Pokemon_Trainer_Tournament_Simulator/main/Data/UsefulDatasets/gen_1_pokemon_learnsets.json
107,32,TM/HM,0,1,Supplied Gen-I learnset JSON,https://raw.githubusercontent.com/cRz-Shadows/Pokemon_Trainer_Tournament_Simulator/main/Data/UsefulDatasets/gen_1_pokemon_learnsets.json
107,9,TM/HM,0,1,Supplied Gen-I learnset JSON,https://raw.githubusercontent.com/cRz-Shadows/Pokemon_Trainer_Tournament_Simulator/main/Data/UsefulDatasets/gen_1_pokemon_learnsets.json
107,83,TM/HM,0,1,Supplied Gen-I learnset JSON,https://raw.githubusercontent.com/cRz-Shadows/Pokemon_Trainer_Tournament_Simulator/main/Data/UsefulDatasets/gen_1_pokemon_learnsets.json
107,142,TM/HM,0,1,Supplied Gen-I learnset JSON,https://raw.githubusercontent.com/cRz-Shadows/Pokemon_Trainer_Tournament_Simulator/main/Data/UsefulDatasets/gen_1_pokemon_learnsets.json
107,118,TM/HM,0,1,Supplied Gen-I learnset JSON,https://raw.githubusercontent.com/cRz-Shadows/Pokemon_Trainer_Tournament_Simulator/main/Data/UsefulDatasets/gen_1_pokemon_learnsets.json
107,106,TM/HM,0,1,Supplied Gen-I learnset JSON,https://raw.githubusercontent.com/cRz-Shadows/Pokemon_Trainer_Tournament_Simulator/main/Data/UsefulDatasets/gen_1_pokemon_learnsets.json
107,138,TM/HM,0,1,Supplied Gen-I learnset JSON,https://raw.githubusercontent.com/cRz-Shadows/Pokemon_Trainer_Tournament_Simulator/main/Data/UsefulDatasets/gen_1_pokemon_learnsets.json
108,165,level-up,1,1,Supplied Gen-I learnset JSON,https://raw.githubusercontent.com/cRz-Shadows/Pokemon_Trainer_Tournament_Simulator/main/Data/UsefulDatasets/gen_1_pokemon_learnsets.json
108,140,level-up,1,1,Supplied Gen-I learnset JSON,https://raw.githubusercontent.com/cRz-Shadows/Pokemon_Trainer_Tournament_Simulator/main/Data/UsefulDatasets/gen_1_pokemon_learnsets.json
108,132,level-up,7,1,Supplied Gen-I learnset JSON,https://raw.githubusercontent.com/cRz-Shadows/Pokemon_Trainer_Tournament_Simulator/main/Data/UsefulDatasets/gen_1_pokemon_learnsets.json
108,29,level-up,15,1,Supplied Gen-I learnset JSON,https://raw.githubusercontent.com/cRz-Shadows/Pokemon_Trainer_Tournament_Simulator/main/Data/UsefulDatasets/gen_1_pokemon_learnsets.json
108,27,level-up,23,1,Supplied Gen-I learnset JSON,https://raw.githubusercontent.com/cRz-Shadows/Pokemon_Trainer_Tournament_Simulator/main/Data/UsefulDatasets/gen_1_pokemon_learnsets.json
108,120,level-up,31,1,Supplied Gen-I learnset JSON,https://raw.githubusercontent.com/cRz-Shadows/Pokemon_Trainer_Tournament_Simulator/main/Data/UsefulDatasets/gen_1_pokemon_learnsets.json
108,113,level-up,39,1,Supplied Gen-I learnset JSON,https://raw.githubusercontent.com/cRz-Shadows/Pokemon_Trainer_Tournament_Simulator/main/Data/UsefulDatasets/gen_1_pokemon_learnsets.json
108,82,TM/HM,0,1,Supplied Gen-I learnset JSON,https://raw.githubusercontent.com/cRz-Shadows/Pokemon_Trainer_Tournament_Simulator/main/Data/UsefulDatasets/gen_1_pokemon_learnsets.json
108,143,TM/HM,0,1,Supplied Gen-I learnset JSON,https://raw.githubusercontent.com/cRz-Shadows/Pokemon_Trainer_Tournament_Simulator/main/Data/UsefulDatasets/gen_1_pokemon_learnsets.json
108,26,TM/HM,0,1,Supplied Gen-I learnset JSON,https://raw.githubusercontent.com/cRz-Shadows/Pokemon_Trainer_Tournament_Simulator/main/Data/UsefulDatasets/gen_1_pokemon_learnsets.json
108,81,TM/HM,0,1,Supplied Gen-I learnset JSON,https://raw.githubusercontent.com/cRz-Shadows/Pokemon_Trainer_Tournament_Simulator/main/Data/UsefulDatasets/gen_1_pokemon_learnsets.json
108,13,TM/HM,0,1,Supplied Gen-I learnset JSON,https://raw.githubusercontent.com/cRz-Shadows/Pokemon_Trainer_Tournament_Simulator/main/Data/UsefulDatasets/gen_1_pokemon_learnsets.json
108,146,TM/HM,0,1,Supplied Gen-I learnset JSON,https://raw.githubusercontent.com/cRz-Shadows/Pokemon_Trainer_Tournament_Simulator/main/Data/UsefulDatasets/gen_1_pokemon_learnsets.json
108,33,TM/HM,0,1,Supplied Gen-I learnset JSON,https://raw.githubusercontent.com/cRz-Shadows/Pokemon_Trainer_Tournament_Simulator/main/Data/UsefulDatasets/gen_1_pokemon_learnsets.json
108,160,TM/HM,0,1,Supplied Gen-I learnset JSON,https://raw.githubusercontent.com/cRz-Shadows/Pokemon_Trainer_Tournament_Simulator/main/Data/UsefulDatasets/gen_1_pokemon_learnsets.json
108,141,TM/HM,0,1,Supplied Gen-I learnset JSON,https://raw.githubusercontent.com/cRz-Shadows/Pokemon_Trainer_Tournament_Simulator/main/Data/UsefulDatasets/gen_1_pokemon_learnsets.json
108,67,TM/HM,0,1,Supplied Gen-I learnset JSON,https://raw.githubusercontent.com/cRz-Shadows/Pokemon_Trainer_Tournament_Simulator/main/Data/UsefulDatasets/gen_1_pokemon_learnsets.json
108,12,TM/HM,0,1,Supplied Gen-I learnset JSON,https://raw.githubusercontent.com/cRz-Shadows/Pokemon_Trainer_Tournament_Simulator/main/Data/UsefulDatasets/gen_1_pokemon_learnsets.json
108,17,TM/HM,0,1,Supplied Gen-I learnset JSON,https://raw.githubusercontent.com/cRz-Shadows/Pokemon_Trainer_Tournament_Simulator/main/Data/UsefulDatasets/gen_1_pokemon_learnsets.json
108,64,TM/HM,0,1,Supplied Gen-I learnset JSON,https://raw.githubusercontent.com/cRz-Shadows/Pokemon_Trainer_Tournament_Simulator/main/Data/UsefulDatasets/gen_1_pokemon_learnsets.json
108,137,TM/HM,0,1,Supplied Gen-I learnset JSON,https://raw.githubusercontent.com/cRz-Shadows/Pokemon_Trainer_Tournament_Simulator/main/Data/UsefulDatasets/gen_1_pokemon_learnsets.json
108,24,TM/HM,0,1,Supplied Gen-I learnset JSON,https://raw.githubusercontent.com/cRz-Shadows/Pokemon_Trainer_Tournament_Simulator/main/Data/UsefulDatasets/gen_1_pokemon_learnsets.json
108,114,TM/HM,0,1,Supplied Gen-I learnset JSON,https://raw.githubusercontent.com/cRz-Shadows/Pokemon_Trainer_Tournament_Simulator/main/Data/UsefulDatasets/gen_1_pokemon_learnsets.json
108,133,TM/HM,0,1,Supplied Gen-I learnset JSON,https://raw.githubusercontent.com/cRz-Shadows/Pokemon_Trainer_Tournament_Simulator/main/Data/UsefulDatasets/gen_1_pokemon_learnsets.json
108,151,TM/HM,0,1,Supplied Gen-I learnset JSON,https://raw.githubusercontent.com/cRz-Shadows/Pokemon_Trainer_Tournament_Simulator/main/Data/UsefulDatasets/gen_1_pokemon_learnsets.json
108,149,TM/HM,0,1,Supplied Gen-I learnset JSON,https://raw.githubusercontent.com/cRz-Shadows/Pokemon_Trainer_Tournament_Simulator/main/Data/UsefulDatasets/gen_1_pokemon_learnsets.json
108,38,TM/HM,0,1,Supplied Gen-I learnset JSON,https://raw.githubusercontent.com/cRz-Shadows/Pokemon_Trainer_Tournament_Simulator/main/Data/UsefulDatasets/gen_1_pokemon_learnsets.json
108,45,TM/HM,0,1,Supplied Gen-I learnset JSON,https://raw.githubusercontent.com/cRz-Shadows/Pokemon_Trainer_Tournament_Simulator/main/Data/UsefulDatasets/gen_1_pokemon_learnsets.json
108,154,TM/HM,0,1,Supplied Gen-I learnset JSON,https://raw.githubusercontent.com/cRz-Shadows/Pokemon_Trainer_Tournament_Simulator/main/Data/UsefulDatasets/gen_1_pokemon_learnsets.json
108,101,TM/HM,0,1,Supplied Gen-I learnset JSON,https://raw.githubusercontent.com/cRz-Shadows/Pokemon_Trainer_Tournament_Simulator/main/Data/UsefulDatasets/gen_1_pokemon_learnsets.json
108,84,TM/HM,0,1,Supplied Gen-I learnset JSON,https://raw.githubusercontent.com/cRz-Shadows/Pokemon_Trainer_Tournament_Simulator/main/Data/UsefulDatasets/gen_1_pokemon_learnsets.json
108,32,TM/HM,0,1,Supplied Gen-I learnset JSON,https://raw.githubusercontent.com/cRz-Shadows/Pokemon_Trainer_Tournament_Simulator/main/Data/UsefulDatasets/gen_1_pokemon_learnsets.json
108,9,TM/HM,0,1,Supplied Gen-I learnset JSON,https://raw.githubusercontent.com/cRz-Shadows/Pokemon_Trainer_Tournament_Simulator/main/Data/UsefulDatasets/gen_1_pokemon_learnsets.json
108,42,TM/HM,0,1,Supplied Gen-I learnset JSON,https://raw.githubusercontent.com/cRz-Shadows/Pokemon_Trainer_Tournament_Simulator/main/Data/UsefulDatasets/gen_1_pokemon_learnsets.json
108,118,TM/HM,0,1,Supplied Gen-I learnset JSON,https://raw.githubusercontent.com/cRz-Shadows/Pokemon_Trainer_Tournament_Simulator/main/Data/UsefulDatasets/gen_1_pokemon_learnsets.json
108,106,TM/HM,0,1,Supplied Gen-I learnset JSON,https://raw.githubusercontent.com/cRz-Shadows/Pokemon_Trainer_Tournament_Simulator/main/Data/UsefulDatasets/gen_1_pokemon_learnsets.json
108,138,TM/HM,0,1,Supplied Gen-I learnset JSON,https://raw.githubusercontent.com/cRz-Shadows/Pokemon_Trainer_Tournament_Simulator/main/Data/UsefulDatasets/gen_1_pokemon_learnsets.json
109,124,level-up,1,1,Supplied Gen-I learnset JSON,https://raw.githubusercontent.com/cRz-Shadows/Pokemon_Trainer_Tournament_Simulator/main/Data/UsefulDatasets/gen_1_pokemon_learnsets.json
109,144,level-up,1,1,Supplied Gen-I learnset JSON,https://raw.githubusercontent.com/cRz-Shadows/Pokemon_Trainer_Tournament_Simulator/main/Data/UsefulDatasets/gen_1_pokemon_learnsets.json
109,123,level-up,32,1,Supplied Gen-I learnset JSON,https://raw.githubusercontent.com/cRz-Shadows/Pokemon_Trainer_Tournament_Simulator/main/Data/UsefulDatasets/gen_1_pokemon_learnsets.json
109,125,level-up,37,1,Supplied Gen-I learnset JSON,https://raw.githubusercontent.com/cRz-Shadows/Pokemon_Trainer_Tournament_Simulator/main/Data/UsefulDatasets/gen_1_pokemon_learnsets.json
109,115,level-up,40,1,Supplied Gen-I learnset JSON,https://raw.githubusercontent.com/cRz-Shadows/Pokemon_Trainer_Tournament_Simulator/main/Data/UsefulDatasets/gen_1_pokemon_learnsets.json
109,58,level-up,45,1,Supplied Gen-I learnset JSON,https://raw.githubusercontent.com/cRz-Shadows/Pokemon_Trainer_Tournament_Simulator/main/Data/UsefulDatasets/gen_1_pokemon_learnsets.json
109,41,level-up,48,1,Supplied Gen-I learnset JSON,https://raw.githubusercontent.com/cRz-Shadows/Pokemon_Trainer_Tournament_Simulator/main/Data/UsefulDatasets/gen_1_pokemon_learnsets.json
109,151,TM/HM,0,1,Supplied Gen-I learnset JSON,https://raw.githubusercontent.com/cRz-Shadows/Pokemon_Trainer_Tournament_Simulator/main/Data/UsefulDatasets/gen_1_pokemon_learnsets.json
109,149,TM/HM,0,1,Supplied Gen-I learnset JSON,https://raw.githubusercontent.com/cRz-Shadows/Pokemon_Trainer_Tournament_Simulator/main/Data/UsefulDatasets/gen_1_pokemon_learnsets.json
109,154,TM/HM,0,1,Supplied Gen-I learnset JSON,https://raw.githubusercontent.com/cRz-Shadows/Pokemon_Trainer_Tournament_Simulator/main/Data/UsefulDatasets/gen_1_pokemon_learnsets.json
109,101,TM/HM,0,1,Supplied Gen-I learnset JSON,https://raw.githubusercontent.com/cRz-Shadows/Pokemon_Trainer_Tournament_Simulator/main/Data/UsefulDatasets/gen_1_pokemon_learnsets.json
109,84,TM/HM,0,1,Supplied Gen-I learnset JSON,https://raw.githubusercontent.com/cRz-Shadows/Pokemon_Trainer_Tournament_Simulator/main/Data/UsefulDatasets/gen_1_pokemon_learnsets.json
109,32,TM/HM,0,1,Supplied Gen-I learnset JSON,https://raw.githubusercontent.com/cRz-Shadows/Pokemon_Trainer_Tournament_Simulator/main/Data/UsefulDatasets/gen_1_pokemon_learnsets.json
109,9,TM/HM,0,1,Supplied Gen-I learnset JSON,https://raw.githubusercontent.com/cRz-Shadows/Pokemon_Trainer_Tournament_Simulator/main/Data/UsefulDatasets/gen_1_pokemon_learnsets.json
109,115,TM/HM,0,1,Supplied Gen-I learnset JSON,https://raw.githubusercontent.com/cRz-Shadows/Pokemon_Trainer_Tournament_Simulator/main/Data/UsefulDatasets/gen_1_pokemon_learnsets.json
109,42,TM/HM,0,1,Supplied Gen-I learnset JSON,https://raw.githubusercontent.com/cRz-Shadows/Pokemon_Trainer_Tournament_Simulator/main/Data/UsefulDatasets/gen_1_pokemon_learnsets.json
109,41,TM/HM,0,1,Supplied Gen-I learnset JSON,https://raw.githubusercontent.com/cRz-Shadows/Pokemon_Trainer_Tournament_Simulator/main/Data/UsefulDatasets/gen_1_pokemon_learnsets.json
109,106,TM/HM,0,1,Supplied Gen-I learnset JSON,https://raw.githubusercontent.com/cRz-Shadows/Pokemon_Trainer_Tournament_Simulator/main/Data/UsefulDatasets/gen_1_pokemon_learnsets.json
109,138,TM/HM,0,1,Supplied Gen-I learnset JSON,https://raw.githubusercontent.com/cRz-Shadows/Pokemon_Trainer_Tournament_Simulator/main/Data/UsefulDatasets/gen_1_pokemon_learnsets.json
110,124,level-up,1,1,Supplied Gen-I learnset JSON,https://raw.githubusercontent.com/cRz-Shadows/Pokemon_Trainer_Tournament_Simulator/main/Data/UsefulDatasets/gen_1_pokemon_learnsets.json
110,144,level-up,1,1,Supplied Gen-I learnset JSON,https://raw.githubusercontent.com/cRz-Shadows/Pokemon_Trainer_Tournament_Simulator/main/Data/UsefulDatasets/gen_1_pokemon_learnsets.json
110,123,level-up,1,1,Supplied Gen-I learnset JSON,https://raw.githubusercontent.com/cRz-Shadows/Pokemon_Trainer_Tournament_Simulator/main/Data/UsefulDatasets/gen_1_pokemon_learnsets.json
110,123,level-up,32,1,Supplied Gen-I learnset JSON,https://raw.githubusercontent.com/cRz-Shadows/Pokemon_Trainer_Tournament_Simulator/main/Data/UsefulDatasets/gen_1_pokemon_learnsets.json
110,125,level-up,39,1,Supplied Gen-I learnset JSON,https://raw.githubusercontent.com/cRz-Shadows/Pokemon_Trainer_Tournament_Simulator/main/Data/UsefulDatasets/gen_1_pokemon_learnsets.json
110,115,level-up,43,1,Supplied Gen-I learnset JSON,https://raw.githubusercontent.com/cRz-Shadows/Pokemon_Trainer_Tournament_Simulator/main/Data/UsefulDatasets/gen_1_pokemon_learnsets.json
110,58,level-up,49,1,Supplied Gen-I learnset JSON,https://raw.githubusercontent.com/cRz-Shadows/Pokemon_Trainer_Tournament_Simulator/main/Data/UsefulDatasets/gen_1_pokemon_learnsets.json
110,41,level-up,53,1,Supplied Gen-I learnset JSON,https://raw.githubusercontent.com/cRz-Shadows/Pokemon_Trainer_Tournament_Simulator/main/Data/UsefulDatasets/gen_1_pokemon_learnsets.json
110,64,TM/HM,0,1,Supplied Gen-I learnset JSON,https://raw.githubusercontent.com/cRz-Shadows/Pokemon_Trainer_Tournament_Simulator/main/Data/UsefulDatasets/gen_1_pokemon_learnsets.json
110,151,TM/HM,0,1,Supplied Gen-I learnset JSON,https://raw.githubusercontent.com/cRz-Shadows/Pokemon_Trainer_Tournament_Simulator/main/Data/UsefulDatasets/gen_1_pokemon_learnsets.json
110,149,TM/HM,0,1,Supplied Gen-I learnset JSON,https://raw.githubusercontent.com/cRz-Shadows/Pokemon_Trainer_Tournament_Simulator/main/Data/UsefulDatasets/gen_1_pokemon_learnsets.json
110,154,TM/HM,0,1,Supplied Gen-I learnset JSON,https://raw.githubusercontent.com/cRz-Shadows/Pokemon_Trainer_Tournament_Simulator/main/Data/UsefulDatasets/gen_1_pokemon_learnsets.json
110,101,TM/HM,0,1,Supplied Gen-I learnset JSON,https://raw.githubusercontent.com/cRz-Shadows/Pokemon_Trainer_Tournament_Simulator/main/Data/UsefulDatasets/gen_1_pokemon_learnsets.json
110,84,TM/HM,0,1,Supplied Gen-I learnset JSON,https://raw.githubusercontent.com/cRz-Shadows/Pokemon_Trainer_Tournament_Simulator/main/Data/UsefulDatasets/gen_1_pokemon_learnsets.json
110,32,TM/HM,0,1,Supplied Gen-I learnset JSON,https://raw.githubusercontent.com/cRz-Shadows/Pokemon_Trainer_Tournament_Simulator/main/Data/UsefulDatasets/gen_1_pokemon_learnsets.json
110,9,TM/HM,0,1,Supplied Gen-I learnset JSON,https://raw.githubusercontent.com/cRz-Shadows/Pokemon_Trainer_Tournament_Simulator/main/Data/UsefulDatasets/gen_1_pokemon_learnsets.json
110,115,TM/HM,0,1,Supplied Gen-I learnset JSON,https://raw.githubusercontent.com/cRz-Shadows/Pokemon_Trainer_Tournament_Simulator/main/Data/UsefulDatasets/gen_1_pokemon_learnsets.json
110,42,TM/HM,0,1,Supplied Gen-I learnset JSON,https://raw.githubusercontent.com/cRz-Shadows/Pokemon_Trainer_Tournament_Simulator/main/Data/UsefulDatasets/gen_1_pokemon_learnsets.json
110,41,TM/HM,0,1,Supplied Gen-I learnset JSON,https://raw.githubusercontent.com/cRz-Shadows/Pokemon_Trainer_Tournament_Simulator/main/Data/UsefulDatasets/gen_1_pokemon_learnsets.json
110,106,TM/HM,0,1,Supplied Gen-I learnset JSON,https://raw.githubusercontent.com/cRz-Shadows/Pokemon_Trainer_Tournament_Simulator/main/Data/UsefulDatasets/gen_1_pokemon_learnsets.json
110,138,TM/HM,0,1,Supplied Gen-I learnset JSON,https://raw.githubusercontent.com/cRz-Shadows/Pokemon_Trainer_Tournament_Simulator/main/Data/UsefulDatasets/gen_1_pokemon_learnsets.json
111,61,level-up,1,1,Supplied Gen-I learnset JSON,https://raw.githubusercontent.com/cRz-Shadows/Pokemon_Trainer_Tournament_Simulator/main/Data/UsefulDatasets/gen_1_pokemon_learnsets.json
111,132,level-up,30,1,Supplied Gen-I learnset JSON,https://raw.githubusercontent.com/cRz-Shadows/Pokemon_Trainer_Tournament_Simulator/main/Data/UsefulDatasets/gen_1_pokemon_learnsets.json
111,145,level-up,35,1,Supplied Gen-I learnset JSON,https://raw.githubusercontent.com/cRz-Shadows/Pokemon_Trainer_Tournament_Simulator/main/Data/UsefulDatasets/gen_1_pokemon_learnsets.json
111,50,level-up,40,1,Supplied Gen-I learnset JSON,https://raw.githubusercontent.com/cRz-Shadows/Pokemon_Trainer_Tournament_Simulator/main/Data/UsefulDatasets/gen_1_pokemon_learnsets.json
111,62,level-up,45,1,Supplied Gen-I learnset JSON,https://raw.githubusercontent.com/cRz-Shadows/Pokemon_Trainer_Tournament_Simulator/main/Data/UsefulDatasets/gen_1_pokemon_learnsets.json
111,74,level-up,50,1,Supplied Gen-I learnset JSON,https://raw.githubusercontent.com/cRz-Shadows/Pokemon_Trainer_Tournament_Simulator/main/Data/UsefulDatasets/gen_1_pokemon_learnsets.json
111,146,level-up,55,1,Supplied Gen-I learnset JSON,https://raw.githubusercontent.com/cRz-Shadows/Pokemon_Trainer_Tournament_Simulator/main/Data/UsefulDatasets/gen_1_pokemon_learnsets.json
111,62,TM/HM,0,1,Supplied Gen-I learnset JSON,https://raw.githubusercontent.com/cRz-Shadows/Pokemon_Trainer_Tournament_Simulator/main/Data/UsefulDatasets/gen_1_pokemon_learnsets.json
111,13,TM/HM,0,1,Supplied Gen-I learnset JSON,https://raw.githubusercontent.com/cRz-Shadows/Pokemon_Trainer_Tournament_Simulator/main/Data/UsefulDatasets/gen_1_pokemon_learnsets.json
111,146,TM/HM,0,1,Supplied Gen-I learnset JSON,https://raw.githubusercontent.com/cRz-Shadows/Pokemon_Trainer_Tournament_Simulator/main/Data/UsefulDatasets/gen_1_pokemon_learnsets.json
111,33,TM/HM,0,1,Supplied Gen-I learnset JSON,https://raw.githubusercontent.com/cRz-Shadows/Pokemon_Trainer_Tournament_Simulator/main/Data/UsefulDatasets/gen_1_pokemon_learnsets.json
111,133,TM/HM,0,1,Supplied Gen-I learnset JSON,https://raw.githubusercontent.com/cRz-Shadows/Pokemon_Trainer_Tournament_Simulator/main/Data/UsefulDatasets/gen_1_pokemon_learnsets.json
111,151,TM/HM,0,1,Supplied Gen-I learnset JSON,https://raw.githubusercontent.com/cRz-Shadows/Pokemon_Trainer_Tournament_Simulator/main/Data/UsefulDatasets/gen_1_pokemon_learnsets.json
111,149,TM/HM,0,1,Supplied Gen-I learnset JSON,https://raw.githubusercontent.com/cRz-Shadows/Pokemon_Trainer_Tournament_Simulator/main/Data/UsefulDatasets/gen_1_pokemon_learnsets.json
111,38,TM/HM,0,1,Supplied Gen-I learnset JSON,https://raw.githubusercontent.com/cRz-Shadows/Pokemon_Trainer_Tournament_Simulator/main/Data/UsefulDatasets/gen_1_pokemon_learnsets.json
111,45,TM/HM,0,1,Supplied Gen-I learnset JSON,https://raw.githubusercontent.com/cRz-Shadows/Pokemon_Trainer_Tournament_Simulator/main/Data/UsefulDatasets/gen_1_pokemon_learnsets.json
111,28,TM/HM,0,1,Supplied Gen-I learnset JSON,https://raw.githubusercontent.com/cRz-Shadows/Pokemon_Trainer_Tournament_Simulator/main/Data/UsefulDatasets/gen_1_pokemon_learnsets.json
111,154,TM/HM,0,1,Supplied Gen-I learnset JSON,https://raw.githubusercontent.com/cRz-Shadows/Pokemon_Trainer_Tournament_Simulator/main/Data/UsefulDatasets/gen_1_pokemon_learnsets.json
111,101,TM/HM,0,1,Supplied Gen-I learnset JSON,https://raw.githubusercontent.com/cRz-Shadows/Pokemon_Trainer_Tournament_Simulator/main/Data/UsefulDatasets/gen_1_pokemon_learnsets.json
111,84,TM/HM,0,1,Supplied Gen-I learnset JSON,https://raw.githubusercontent.com/cRz-Shadows/Pokemon_Trainer_Tournament_Simulator/main/Data/UsefulDatasets/gen_1_pokemon_learnsets.json
111,32,TM/HM,0,1,Supplied Gen-I learnset JSON,https://raw.githubusercontent.com/cRz-Shadows/Pokemon_Trainer_Tournament_Simulator/main/Data/UsefulDatasets/gen_1_pokemon_learnsets.json
111,9,TM/HM,0,1,Supplied Gen-I learnset JSON,https://raw.githubusercontent.com/cRz-Shadows/Pokemon_Trainer_Tournament_Simulator/main/Data/UsefulDatasets/gen_1_pokemon_learnsets.json
111,42,TM/HM,0,1,Supplied Gen-I learnset JSON,https://raw.githubusercontent.com/cRz-Shadows/Pokemon_Trainer_Tournament_Simulator/main/Data/UsefulDatasets/gen_1_pokemon_learnsets.json
111,118,TM/HM,0,1,Supplied Gen-I learnset JSON,https://raw.githubusercontent.com/cRz-Shadows/Pokemon_Trainer_Tournament_Simulator/main/Data/UsefulDatasets/gen_1_pokemon_learnsets.json
111,106,TM/HM,0,1,Supplied Gen-I learnset JSON,https://raw.githubusercontent.com/cRz-Shadows/Pokemon_Trainer_Tournament_Simulator/main/Data/UsefulDatasets/gen_1_pokemon_learnsets.json
111,108,TM/HM,0,1,Supplied Gen-I learnset JSON,https://raw.githubusercontent.com/cRz-Shadows/Pokemon_Trainer_Tournament_Simulator/main/Data/UsefulDatasets/gen_1_pokemon_learnsets.json
111,138,TM/HM,0,1,Supplied Gen-I learnset JSON,https://raw.githubusercontent.com/cRz-Shadows/Pokemon_Trainer_Tournament_Simulator/main/Data/UsefulDatasets/gen_1_pokemon_learnsets.json
112,50,level-up,1,1,Supplied Gen-I learnset JSON,https://raw.githubusercontent.com/cRz-Shadows/Pokemon_Trainer_Tournament_Simulator/main/Data/UsefulDatasets/gen_1_pokemon_learnsets.json
112,132,level-up,1,1,Supplied Gen-I learnset JSON,https://raw.githubusercontent.com/cRz-Shadows/Pokemon_Trainer_Tournament_Simulator/main/Data/UsefulDatasets/gen_1_pokemon_learnsets.json
112,61,level-up,1,1,Supplied Gen-I learnset JSON,https://raw.githubusercontent.com/cRz-Shadows/Pokemon_Trainer_Tournament_Simulator/main/Data/UsefulDatasets/gen_1_pokemon_learnsets.json
112,145,level-up,1,1,Supplied Gen-I learnset JSON,https://raw.githubusercontent.com/cRz-Shadows/Pokemon_Trainer_Tournament_Simulator/main/Data/UsefulDatasets/gen_1_pokemon_learnsets.json
112,132,level-up,30,1,Supplied Gen-I learnset JSON,https://raw.githubusercontent.com/cRz-Shadows/Pokemon_Trainer_Tournament_Simulator/main/Data/UsefulDatasets/gen_1_pokemon_learnsets.json
112,145,level-up,35,1,Supplied Gen-I learnset JSON,https://raw.githubusercontent.com/cRz-Shadows/Pokemon_Trainer_Tournament_Simulator/main/Data/UsefulDatasets/gen_1_pokemon_learnsets.json
112,50,level-up,40,1,Supplied Gen-I learnset JSON,https://raw.githubusercontent.com/cRz-Shadows/Pokemon_Trainer_Tournament_Simulator/main/Data/UsefulDatasets/gen_1_pokemon_learnsets.json
112,62,level-up,48,1,Supplied Gen-I learnset JSON,https://raw.githubusercontent.com/cRz-Shadows/Pokemon_Trainer_Tournament_Simulator/main/Data/UsefulDatasets/gen_1_pokemon_learnsets.json
112,74,level-up,55,1,Supplied Gen-I learnset JSON,https://raw.githubusercontent.com/cRz-Shadows/Pokemon_Trainer_Tournament_Simulator/main/Data/UsefulDatasets/gen_1_pokemon_learnsets.json
112,146,level-up,64,1,Supplied Gen-I learnset JSON,https://raw.githubusercontent.com/cRz-Shadows/Pokemon_Trainer_Tournament_Simulator/main/Data/UsefulDatasets/gen_1_pokemon_learnsets.json
112,82,TM/HM,0,1,Supplied Gen-I learnset JSON,https://raw.githubusercontent.com/cRz-Shadows/Pokemon_Trainer_Tournament_Simulator/main/Data/UsefulDatasets/gen_1_pokemon_learnsets.json
112,89,TM/HM,0,1,Supplied Gen-I learnset JSON,https://raw.githubusercontent.com/cRz-Shadows/Pokemon_Trainer_Tournament_Simulator/main/Data/UsefulDatasets/gen_1_pokemon_learnsets.json
112,81,TM/HM,0,1,Supplied Gen-I learnset JSON,https://raw.githubusercontent.com/cRz-Shadows/Pokemon_Trainer_Tournament_Simulator/main/Data/UsefulDatasets/gen_1_pokemon_learnsets.json
112,62,TM/HM,0,1,Supplied Gen-I learnset JSON,https://raw.githubusercontent.com/cRz-Shadows/Pokemon_Trainer_Tournament_Simulator/main/Data/UsefulDatasets/gen_1_pokemon_learnsets.json
112,13,TM/HM,0,1,Supplied Gen-I learnset JSON,https://raw.githubusercontent.com/cRz-Shadows/Pokemon_Trainer_Tournament_Simulator/main/Data/UsefulDatasets/gen_1_pokemon_learnsets.json
112,146,TM/HM,0,1,Supplied Gen-I learnset JSON,https://raw.githubusercontent.com/cRz-Shadows/Pokemon_Trainer_Tournament_Simulator/main/Data/UsefulDatasets/gen_1_pokemon_learnsets.json
112,33,TM/HM,0,1,Supplied Gen-I learnset JSON,https://raw.githubusercontent.com/cRz-Shadows/Pokemon_Trainer_Tournament_Simulator/main/Data/UsefulDatasets/gen_1_pokemon_learnsets.json
112,160,TM/HM,0,1,Supplied Gen-I learnset JSON,https://raw.githubusercontent.com/cRz-Shadows/Pokemon_Trainer_Tournament_Simulator/main/Data/UsefulDatasets/gen_1_pokemon_learnsets.json
112,141,TM/HM,0,1,Supplied Gen-I learnset JSON,https://raw.githubusercontent.com/cRz-Shadows/Pokemon_Trainer_Tournament_Simulator/main/Data/UsefulDatasets/gen_1_pokemon_learnsets.json
112,67,TM/HM,0,1,Supplied Gen-I learnset JSON,https://raw.githubusercontent.com/cRz-Shadows/Pokemon_Trainer_Tournament_Simulator/main/Data/UsefulDatasets/gen_1_pokemon_learnsets.json
112,12,TM/HM,0,1,Supplied Gen-I learnset JSON,https://raw.githubusercontent.com/cRz-Shadows/Pokemon_Trainer_Tournament_Simulator/main/Data/UsefulDatasets/gen_1_pokemon_learnsets.json
112,17,TM/HM,0,1,Supplied Gen-I learnset JSON,https://raw.githubusercontent.com/cRz-Shadows/Pokemon_Trainer_Tournament_Simulator/main/Data/UsefulDatasets/gen_1_pokemon_learnsets.json
112,64,TM/HM,0,1,Supplied Gen-I learnset JSON,https://raw.githubusercontent.com/cRz-Shadows/Pokemon_Trainer_Tournament_Simulator/main/Data/UsefulDatasets/gen_1_pokemon_learnsets.json
112,137,TM/HM,0,1,Supplied Gen-I learnset JSON,https://raw.githubusercontent.com/cRz-Shadows/Pokemon_Trainer_Tournament_Simulator/main/Data/UsefulDatasets/gen_1_pokemon_learnsets.json
112,24,TM/HM,0,1,Supplied Gen-I learnset JSON,https://raw.githubusercontent.com/cRz-Shadows/Pokemon_Trainer_Tournament_Simulator/main/Data/UsefulDatasets/gen_1_pokemon_learnsets.json
112,114,TM/HM,0,1,Supplied Gen-I learnset JSON,https://raw.githubusercontent.com/cRz-Shadows/Pokemon_Trainer_Tournament_Simulator/main/Data/UsefulDatasets/gen_1_pokemon_learnsets.json
112,133,TM/HM,0,1,Supplied Gen-I learnset JSON,https://raw.githubusercontent.com/cRz-Shadows/Pokemon_Trainer_Tournament_Simulator/main/Data/UsefulDatasets/gen_1_pokemon_learnsets.json
112,151,TM/HM,0,1,Supplied Gen-I learnset JSON,https://raw.githubusercontent.com/cRz-Shadows/Pokemon_Trainer_Tournament_Simulator/main/Data/UsefulDatasets/gen_1_pokemon_learnsets.json
112,149,TM/HM,0,1,Supplied Gen-I learnset JSON,https://raw.githubusercontent.com/cRz-Shadows/Pokemon_Trainer_Tournament_Simulator/main/Data/UsefulDatasets/gen_1_pokemon_learnsets.json
112,38,TM/HM,0,1,Supplied Gen-I learnset JSON,https://raw.githubusercontent.com/cRz-Shadows/Pokemon_Trainer_Tournament_Simulator/main/Data/UsefulDatasets/gen_1_pokemon_learnsets.json
112,45,TM/HM,0,1,Supplied Gen-I learnset JSON,https://raw.githubusercontent.com/cRz-Shadows/Pokemon_Trainer_Tournament_Simulator/main/Data/UsefulDatasets/gen_1_pokemon_learnsets.json
112,28,TM/HM,0,1,Supplied Gen-I learnset JSON,https://raw.githubusercontent.com/cRz-Shadows/Pokemon_Trainer_Tournament_Simulator/main/Data/UsefulDatasets/gen_1_pokemon_learnsets.json
112,154,TM/HM,0,1,Supplied Gen-I learnset JSON,https://raw.githubusercontent.com/cRz-Shadows/Pokemon_Trainer_Tournament_Simulator/main/Data/UsefulDatasets/gen_1_pokemon_learnsets.json
112,101,TM/HM,0,1,Supplied Gen-I learnset JSON,https://raw.githubusercontent.com/cRz-Shadows/Pokemon_Trainer_Tournament_Simulator/main/Data/UsefulDatasets/gen_1_pokemon_learnsets.json
112,84,TM/HM,0,1,Supplied Gen-I learnset JSON,https://raw.githubusercontent.com/cRz-Shadows/Pokemon_Trainer_Tournament_Simulator/main/Data/UsefulDatasets/gen_1_pokemon_learnsets.json
112,32,TM/HM,0,1,Supplied Gen-I learnset JSON,https://raw.githubusercontent.com/cRz-Shadows/Pokemon_Trainer_Tournament_Simulator/main/Data/UsefulDatasets/gen_1_pokemon_learnsets.json
112,9,TM/HM,0,1,Supplied Gen-I learnset JSON,https://raw.githubusercontent.com/cRz-Shadows/Pokemon_Trainer_Tournament_Simulator/main/Data/UsefulDatasets/gen_1_pokemon_learnsets.json
112,42,TM/HM,0,1,Supplied Gen-I learnset JSON,https://raw.githubusercontent.com/cRz-Shadows/Pokemon_Trainer_Tournament_Simulator/main/Data/UsefulDatasets/gen_1_pokemon_learnsets.json
112,118,TM/HM,0,1,Supplied Gen-I learnset JSON,https://raw.githubusercontent.com/cRz-Shadows/Pokemon_Trainer_Tournament_Simulator/main/Data/UsefulDatasets/gen_1_pokemon_learnsets.json
112,106,TM/HM,0,1,Supplied Gen-I learnset JSON,https://raw.githubusercontent.com/cRz-Shadows/Pokemon_Trainer_Tournament_Simulator/main/Data/UsefulDatasets/gen_1_pokemon_learnsets.json
112,108,TM/HM,0,1,Supplied Gen-I learnset JSON,https://raw.githubusercontent.com/cRz-Shadows/Pokemon_Trainer_Tournament_Simulator/main/Data/UsefulDatasets/gen_1_pokemon_learnsets.json
112,138,TM/HM,0,1,Supplied Gen-I learnset JSON,https://raw.githubusercontent.com/cRz-Shadows/Pokemon_Trainer_Tournament_Simulator/main/Data/UsefulDatasets/gen_1_pokemon_learnsets.json
113,34,level-up,1,1,Supplied Gen-I learnset JSON,https://raw.githubusercontent.com/cRz-Shadows/Pokemon_Trainer_Tournament_Simulator/main/Data/UsefulDatasets/gen_1_pokemon_learnsets.json
113,96,level-up,1,1,Supplied Gen-I learnset JSON,https://raw.githubusercontent.com/cRz-Shadows/Pokemon_Trainer_Tournament_Simulator/main/Data/UsefulDatasets/gen_1_pokemon_learnsets.json
113,117,level-up,24,1,Supplied Gen-I learnset JSON,https://raw.githubusercontent.com/cRz-Shadows/Pokemon_Trainer_Tournament_Simulator/main/Data/UsefulDatasets/gen_1_pokemon_learnsets.json
113,53,level-up,30,1,Supplied Gen-I learnset JSON,https://raw.githubusercontent.com/cRz-Shadows/Pokemon_Trainer_Tournament_Simulator/main/Data/UsefulDatasets/gen_1_pokemon_learnsets.json
113,85,level-up,38,1,Supplied Gen-I learnset JSON,https://raw.githubusercontent.com/cRz-Shadows/Pokemon_Trainer_Tournament_Simulator/main/Data/UsefulDatasets/gen_1_pokemon_learnsets.json
113,27,level-up,44,1,Supplied Gen-I learnset JSON,https://raw.githubusercontent.com/cRz-Shadows/Pokemon_Trainer_Tournament_Simulator/main/Data/UsefulDatasets/gen_1_pokemon_learnsets.json
113,76,level-up,48,1,Supplied Gen-I learnset JSON,https://raw.githubusercontent.com/cRz-Shadows/Pokemon_Trainer_Tournament_Simulator/main/Data/UsefulDatasets/gen_1_pokemon_learnsets.json
113,33,level-up,54,1,Supplied Gen-I learnset JSON,https://raw.githubusercontent.com/cRz-Shadows/Pokemon_Trainer_Tournament_Simulator/main/Data/UsefulDatasets/gen_1_pokemon_learnsets.json
113,82,TM/HM,0,1,Supplied Gen-I learnset JSON,https://raw.githubusercontent.com/cRz-Shadows/Pokemon_Trainer_Tournament_Simulator/main/Data/UsefulDatasets/gen_1_pokemon_learnsets.json
113,81,TM/HM,0,1,Supplied Gen-I learnset JSON,https://raw.githubusercontent.com/cRz-Shadows/Pokemon_Trainer_Tournament_Simulator/main/Data/UsefulDatasets/gen_1_pokemon_learnsets.json
113,13,TM/HM,0,1,Supplied Gen-I learnset JSON,https://raw.githubusercontent.com/cRz-Shadows/Pokemon_Trainer_Tournament_Simulator/main/Data/UsefulDatasets/gen_1_pokemon_learnsets.json
113,146,TM/HM,0,1,Supplied Gen-I learnset JSON,https://raw.githubusercontent.com/cRz-Shadows/Pokemon_Trainer_Tournament_Simulator/main/Data/UsefulDatasets/gen_1_pokemon_learnsets.json
113,33,TM/HM,0,1,Supplied Gen-I learnset JSON,https://raw.githubusercontent.com/cRz-Shadows/Pokemon_Trainer_Tournament_Simulator/main/Data/UsefulDatasets/gen_1_pokemon_learnsets.json
113,160,TM/HM,0,1,Supplied Gen-I learnset JSON,https://raw.githubusercontent.com/cRz-Shadows/Pokemon_Trainer_Tournament_Simulator/main/Data/UsefulDatasets/gen_1_pokemon_learnsets.json
113,67,TM/HM,0,1,Supplied Gen-I learnset JSON,https://raw.githubusercontent.com/cRz-Shadows/Pokemon_Trainer_Tournament_Simulator/main/Data/UsefulDatasets/gen_1_pokemon_learnsets.json
113,12,TM/HM,0,1,Supplied Gen-I learnset JSON,https://raw.githubusercontent.com/cRz-Shadows/Pokemon_Trainer_Tournament_Simulator/main/Data/UsefulDatasets/gen_1_pokemon_learnsets.json
113,17,TM/HM,0,1,Supplied Gen-I learnset JSON,https://raw.githubusercontent.com/cRz-Shadows/Pokemon_Trainer_Tournament_Simulator/main/Data/UsefulDatasets/gen_1_pokemon_learnsets.json
113,64,TM/HM,0,1,Supplied Gen-I learnset JSON,https://raw.githubusercontent.com/cRz-Shadows/Pokemon_Trainer_Tournament_Simulator/main/Data/UsefulDatasets/gen_1_pokemon_learnsets.json
113,137,TM/HM,0,1,Supplied Gen-I learnset JSON,https://raw.githubusercontent.com/cRz-Shadows/Pokemon_Trainer_Tournament_Simulator/main/Data/UsefulDatasets/gen_1_pokemon_learnsets.json
113,24,TM/HM,0,1,Supplied Gen-I learnset JSON,https://raw.githubusercontent.com/cRz-Shadows/Pokemon_Trainer_Tournament_Simulator/main/Data/UsefulDatasets/gen_1_pokemon_learnsets.json
113,114,TM/HM,0,1,Supplied Gen-I learnset JSON,https://raw.githubusercontent.com/cRz-Shadows/Pokemon_Trainer_Tournament_Simulator/main/Data/UsefulDatasets/gen_1_pokemon_learnsets.json
113,133,TM/HM,0,1,Supplied Gen-I learnset JSON,https://raw.githubusercontent.com/cRz-Shadows/Pokemon_Trainer_Tournament_Simulator/main/Data/UsefulDatasets/gen_1_pokemon_learnsets.json
113,127,TM/HM,0,1,Supplied Gen-I learnset JSON,https://raw.githubusercontent.com/cRz-Shadows/Pokemon_Trainer_Tournament_Simulator/main/Data/UsefulDatasets/gen_1_pokemon_learnsets.json
113,151,TM/HM,0,1,Supplied Gen-I learnset JSON,https://raw.githubusercontent.com/cRz-Shadows/Pokemon_Trainer_Tournament_Simulator/main/Data/UsefulDatasets/gen_1_pokemon_learnsets.json
113,150,TM/HM,0,1,Supplied Gen-I learnset JSON,https://raw.githubusercontent.com/cRz-Shadows/Pokemon_Trainer_Tournament_Simulator/main/Data/UsefulDatasets/gen_1_pokemon_learnsets.json
113,149,TM/HM,0,1,Supplied Gen-I learnset JSON,https://raw.githubusercontent.com/cRz-Shadows/Pokemon_Trainer_Tournament_Simulator/main/Data/UsefulDatasets/gen_1_pokemon_learnsets.json
113,154,TM/HM,0,1,Supplied Gen-I learnset JSON,https://raw.githubusercontent.com/cRz-Shadows/Pokemon_Trainer_Tournament_Simulator/main/Data/UsefulDatasets/gen_1_pokemon_learnsets.json
113,98,TM/HM,0,1,Supplied Gen-I learnset JSON,https://raw.githubusercontent.com/cRz-Shadows/Pokemon_Trainer_Tournament_Simulator/main/Data/UsefulDatasets/gen_1_pokemon_learnsets.json
113,101,TM/HM,0,1,Supplied Gen-I learnset JSON,https://raw.githubusercontent.com/cRz-Shadows/Pokemon_Trainer_Tournament_Simulator/main/Data/UsefulDatasets/gen_1_pokemon_learnsets.json
113,147,TM/HM,0,1,Supplied Gen-I learnset JSON,https://raw.githubusercontent.com/cRz-Shadows/Pokemon_Trainer_Tournament_Simulator/main/Data/UsefulDatasets/gen_1_pokemon_learnsets.json
113,84,TM/HM,0,1,Supplied Gen-I learnset JSON,https://raw.githubusercontent.com/cRz-Shadows/Pokemon_Trainer_Tournament_Simulator/main/Data/UsefulDatasets/gen_1_pokemon_learnsets.json
113,32,TM/HM,0,1,Supplied Gen-I learnset JSON,https://raw.githubusercontent.com/cRz-Shadows/Pokemon_Trainer_Tournament_Simulator/main/Data/UsefulDatasets/gen_1_pokemon_learnsets.json
113,105,TM/HM,0,1,Supplied Gen-I learnset JSON,https://raw.githubusercontent.com/cRz-Shadows/Pokemon_Trainer_Tournament_Simulator/main/Data/UsefulDatasets/gen_1_pokemon_learnsets.json
113,9,TM/HM,0,1,Supplied Gen-I learnset JSON,https://raw.githubusercontent.com/cRz-Shadows/Pokemon_Trainer_Tournament_Simulator/main/Data/UsefulDatasets/gen_1_pokemon_learnsets.json
113,83,TM/HM,0,1,Supplied Gen-I learnset JSON,https://raw.githubusercontent.com/cRz-Shadows/Pokemon_Trainer_Tournament_Simulator/main/Data/UsefulDatasets/gen_1_pokemon_learnsets.json
113,39,TM/HM,0,1,Supplied Gen-I learnset JSON,https://raw.githubusercontent.com/cRz-Shadows/Pokemon_Trainer_Tournament_Simulator/main/Data/UsefulDatasets/gen_1_pokemon_learnsets.json
113,42,TM/HM,0,1,Supplied Gen-I learnset JSON,https://raw.githubusercontent.com/cRz-Shadows/Pokemon_Trainer_Tournament_Simulator/main/Data/UsefulDatasets/gen_1_pokemon_learnsets.json
113,118,TM/HM,0,1,Supplied Gen-I learnset JSON,https://raw.githubusercontent.com/cRz-Shadows/Pokemon_Trainer_Tournament_Simulator/main/Data/UsefulDatasets/gen_1_pokemon_learnsets.json
113,126,TM/HM,0,1,Supplied Gen-I learnset JSON,https://raw.githubusercontent.com/cRz-Shadows/Pokemon_Trainer_Tournament_Simulator/main/Data/UsefulDatasets/gen_1_pokemon_learnsets.json
113,47,TM/HM,0,1,Supplied Gen-I learnset JSON,https://raw.githubusercontent.com/cRz-Shadows/Pokemon_Trainer_Tournament_Simulator/main/Data/UsefulDatasets/gen_1_pokemon_learnsets.json
113,99,TM/HM,0,1,Supplied Gen-I learnset JSON,https://raw.githubusercontent.com/cRz-Shadows/Pokemon_Trainer_Tournament_Simulator/main/Data/UsefulDatasets/gen_1_pokemon_learnsets.json
113,106,TM/HM,0,1,Supplied Gen-I learnset JSON,https://raw.githubusercontent.com/cRz-Shadows/Pokemon_Trainer_Tournament_Simulator/main/Data/UsefulDatasets/gen_1_pokemon_learnsets.json
113,156,TM/HM,0,1,Supplied Gen-I learnset JSON,https://raw.githubusercontent.com/cRz-Shadows/Pokemon_Trainer_Tournament_Simulator/main/Data/UsefulDatasets/gen_1_pokemon_learnsets.json
113,138,TM/HM,0,1,Supplied Gen-I learnset JSON,https://raw.githubusercontent.com/cRz-Shadows/Pokemon_Trainer_Tournament_Simulator/main/Data/UsefulDatasets/gen_1_pokemon_learnsets.json
114,22,level-up,1,1,Supplied Gen-I learnset JSON,https://raw.githubusercontent.com/cRz-Shadows/Pokemon_Trainer_Tournament_Simulator/main/Data/UsefulDatasets/gen_1_pokemon_learnsets.json
114,10,level-up,1,1,Supplied Gen-I learnset JSON,https://raw.githubusercontent.com/cRz-Shadows/Pokemon_Trainer_Tournament_Simulator/main/Data/UsefulDatasets/gen_1_pokemon_learnsets.json
114,1,level-up,29,1,Supplied Gen-I learnset JSON,https://raw.githubusercontent.com/cRz-Shadows/Pokemon_Trainer_Tournament_Simulator/main/Data/UsefulDatasets/gen_1_pokemon_learnsets.json
114,95,level-up,32,1,Supplied Gen-I learnset JSON,https://raw.githubusercontent.com/cRz-Shadows/Pokemon_Trainer_Tournament_Simulator/main/Data/UsefulDatasets/gen_1_pokemon_learnsets.json
114,136,level-up,36,1,Supplied Gen-I learnset JSON,https://raw.githubusercontent.com/cRz-Shadows/Pokemon_Trainer_Tournament_Simulator/main/Data/UsefulDatasets/gen_1_pokemon_learnsets.json
114,122,level-up,39,1,Supplied Gen-I learnset JSON,https://raw.githubusercontent.com/cRz-Shadows/Pokemon_Trainer_Tournament_Simulator/main/Data/UsefulDatasets/gen_1_pokemon_learnsets.json
114,120,level-up,45,1,Supplied Gen-I learnset JSON,https://raw.githubusercontent.com/cRz-Shadows/Pokemon_Trainer_Tournament_Simulator/main/Data/UsefulDatasets/gen_1_pokemon_learnsets.json
114,54,level-up,49,1,Supplied Gen-I learnset JSON,https://raw.githubusercontent.com/cRz-Shadows/Pokemon_Trainer_Tournament_Simulator/main/Data/UsefulDatasets/gen_1_pokemon_learnsets.json
114,143,TM/HM,0,1,Supplied Gen-I learnset JSON,https://raw.githubusercontent.com/cRz-Shadows/Pokemon_Trainer_Tournament_Simulator/main/Data/UsefulDatasets/gen_1_pokemon_learnsets.json
114,26,TM/HM,0,1,Supplied Gen-I learnset JSON,https://raw.githubusercontent.com/cRz-Shadows/Pokemon_Trainer_Tournament_Simulator/main/Data/UsefulDatasets/gen_1_pokemon_learnsets.json
114,13,TM/HM,0,1,Supplied Gen-I learnset JSON,https://raw.githubusercontent.com/cRz-Shadows/Pokemon_Trainer_Tournament_Simulator/main/Data/UsefulDatasets/gen_1_pokemon_learnsets.json
114,146,TM/HM,0,1,Supplied Gen-I learnset JSON,https://raw.githubusercontent.com/cRz-Shadows/Pokemon_Trainer_Tournament_Simulator/main/Data/UsefulDatasets/gen_1_pokemon_learnsets.json
114,33,TM/HM,0,1,Supplied Gen-I learnset JSON,https://raw.githubusercontent.com/cRz-Shadows/Pokemon_Trainer_Tournament_Simulator/main/Data/UsefulDatasets/gen_1_pokemon_learnsets.json
114,64,TM/HM,0,1,Supplied Gen-I learnset JSON,https://raw.githubusercontent.com/cRz-Shadows/Pokemon_Trainer_Tournament_Simulator/main/Data/UsefulDatasets/gen_1_pokemon_learnsets.json
114,80,TM/HM,0,1,Supplied Gen-I learnset JSON,https://raw.githubusercontent.com/cRz-Shadows/Pokemon_Trainer_Tournament_Simulator/main/Data/UsefulDatasets/gen_1_pokemon_learnsets.json
114,127,TM/HM,0,1,Supplied Gen-I learnset JSON,https://raw.githubusercontent.com/cRz-Shadows/Pokemon_Trainer_Tournament_Simulator/main/Data/UsefulDatasets/gen_1_pokemon_learnsets.json
114,154,TM/HM,0,1,Supplied Gen-I learnset JSON,https://raw.githubusercontent.com/cRz-Shadows/Pokemon_Trainer_Tournament_Simulator/main/Data/UsefulDatasets/gen_1_pokemon_learnsets.json
114,101,TM/HM,0,1,Supplied Gen-I learnset JSON,https://raw.githubusercontent.com/cRz-Shadows/Pokemon_Trainer_Tournament_Simulator/main/Data/UsefulDatasets/gen_1_pokemon_learnsets.json
114,84,TM/HM,0,1,Supplied Gen-I learnset JSON,https://raw.githubusercontent.com/cRz-Shadows/Pokemon_Trainer_Tournament_Simulator/main/Data/UsefulDatasets/gen_1_pokemon_learnsets.json
114,32,TM/HM,0,1,Supplied Gen-I learnset JSON,https://raw.githubusercontent.com/cRz-Shadows/Pokemon_Trainer_Tournament_Simulator/main/Data/UsefulDatasets/gen_1_pokemon_learnsets.json
114,9,TM/HM,0,1,Supplied Gen-I learnset JSON,https://raw.githubusercontent.com/cRz-Shadows/Pokemon_Trainer_Tournament_Simulator/main/Data/UsefulDatasets/gen_1_pokemon_learnsets.json
114,118,TM/HM,0,1,Supplied Gen-I learnset JSON,https://raw.githubusercontent.com/cRz-Shadows/Pokemon_Trainer_Tournament_Simulator/main/Data/UsefulDatasets/gen_1_pokemon_learnsets.json
114,106,TM/HM,0,1,Supplied Gen-I learnset JSON,https://raw.githubusercontent.com/cRz-Shadows/Pokemon_Trainer_Tournament_Simulator/main/Data/UsefulDatasets/gen_1_pokemon_learnsets.json
114,138,TM/HM,0,1,Supplied Gen-I learnset JSON,https://raw.githubusercontent.com/cRz-Shadows/Pokemon_Trainer_Tournament_Simulator/main/Data/UsefulDatasets/gen_1_pokemon_learnsets.json
115,19,level-up,1,1,Supplied Gen-I learnset JSON,https://raw.githubusercontent.com/cRz-Shadows/Pokemon_Trainer_Tournament_Simulator/main/Data/UsefulDatasets/gen_1_pokemon_learnsets.json
115,101,level-up,1,1,Supplied Gen-I learnset JSON,https://raw.githubusercontent.com/cRz-Shadows/Pokemon_Trainer_Tournament_Simulator/main/Data/UsefulDatasets/gen_1_pokemon_learnsets.json
115,11,level-up,26,1,Supplied Gen-I learnset JSON,https://raw.githubusercontent.com/cRz-Shadows/Pokemon_Trainer_Tournament_Simulator/main/Data/UsefulDatasets/gen_1_pokemon_learnsets.json
115,145,level-up,31,1,Supplied Gen-I learnset JSON,https://raw.githubusercontent.com/cRz-Shadows/Pokemon_Trainer_Tournament_Simulator/main/Data/UsefulDatasets/gen_1_pokemon_learnsets.json
115,82,level-up,36,1,Supplied Gen-I learnset JSON,https://raw.githubusercontent.com/cRz-Shadows/Pokemon_Trainer_Tournament_Simulator/main/Data/UsefulDatasets/gen_1_pokemon_learnsets.json
115,74,level-up,41,1,Supplied Gen-I learnset JSON,https://raw.githubusercontent.com/cRz-Shadows/Pokemon_Trainer_Tournament_Simulator/main/Data/UsefulDatasets/gen_1_pokemon_learnsets.json
115,30,level-up,46,1,Supplied Gen-I learnset JSON,https://raw.githubusercontent.com/cRz-Shadows/Pokemon_Trainer_Tournament_Simulator/main/Data/UsefulDatasets/gen_1_pokemon_learnsets.json
115,82,TM/HM,0,1,Supplied Gen-I learnset JSON,https://raw.githubusercontent.com/cRz-Shadows/Pokemon_Trainer_Tournament_Simulator/main/Data/UsefulDatasets/gen_1_pokemon_learnsets.json
115,81,TM/HM,0,1,Supplied Gen-I learnset JSON,https://raw.githubusercontent.com/cRz-Shadows/Pokemon_Trainer_Tournament_Simulator/main/Data/UsefulDatasets/gen_1_pokemon_learnsets.json
115,13,TM/HM,0,1,Supplied Gen-I learnset JSON,https://raw.githubusercontent.com/cRz-Shadows/Pokemon_Trainer_Tournament_Simulator/main/Data/UsefulDatasets/gen_1_pokemon_learnsets.json
115,146,TM/HM,0,1,Supplied Gen-I learnset JSON,https://raw.githubusercontent.com/cRz-Shadows/Pokemon_Trainer_Tournament_Simulator/main/Data/UsefulDatasets/gen_1_pokemon_learnsets.json
115,33,TM/HM,0,1,Supplied Gen-I learnset JSON,https://raw.githubusercontent.com/cRz-Shadows/Pokemon_Trainer_Tournament_Simulator/main/Data/UsefulDatasets/gen_1_pokemon_learnsets.json
115,160,TM/HM,0,1,Supplied Gen-I learnset JSON,https://raw.githubusercontent.com/cRz-Shadows/Pokemon_Trainer_Tournament_Simulator/main/Data/UsefulDatasets/gen_1_pokemon_learnsets.json
115,141,TM/HM,0,1,Supplied Gen-I learnset JSON,https://raw.githubusercontent.com/cRz-Shadows/Pokemon_Trainer_Tournament_Simulator/main/Data/UsefulDatasets/gen_1_pokemon_learnsets.json
115,67,TM/HM,0,1,Supplied Gen-I learnset JSON,https://raw.githubusercontent.com/cRz-Shadows/Pokemon_Trainer_Tournament_Simulator/main/Data/UsefulDatasets/gen_1_pokemon_learnsets.json
115,12,TM/HM,0,1,Supplied Gen-I learnset JSON,https://raw.githubusercontent.com/cRz-Shadows/Pokemon_Trainer_Tournament_Simulator/main/Data/UsefulDatasets/gen_1_pokemon_learnsets.json
115,17,TM/HM,0,1,Supplied Gen-I learnset JSON,https://raw.githubusercontent.com/cRz-Shadows/Pokemon_Trainer_Tournament_Simulator/main/Data/UsefulDatasets/gen_1_pokemon_learnsets.json
115,64,TM/HM,0,1,Supplied Gen-I learnset JSON,https://raw.githubusercontent.com/cRz-Shadows/Pokemon_Trainer_Tournament_Simulator/main/Data/UsefulDatasets/gen_1_pokemon_learnsets.json
115,137,TM/HM,0,1,Supplied Gen-I learnset JSON,https://raw.githubusercontent.com/cRz-Shadows/Pokemon_Trainer_Tournament_Simulator/main/Data/UsefulDatasets/gen_1_pokemon_learnsets.json
115,24,TM/HM,0,1,Supplied Gen-I learnset JSON,https://raw.githubusercontent.com/cRz-Shadows/Pokemon_Trainer_Tournament_Simulator/main/Data/UsefulDatasets/gen_1_pokemon_learnsets.json
115,114,TM/HM,0,1,Supplied Gen-I learnset JSON,https://raw.githubusercontent.com/cRz-Shadows/Pokemon_Trainer_Tournament_Simulator/main/Data/UsefulDatasets/gen_1_pokemon_learnsets.json
115,133,TM/HM,0,1,Supplied Gen-I learnset JSON,https://raw.githubusercontent.com/cRz-Shadows/Pokemon_Trainer_Tournament_Simulator/main/Data/UsefulDatasets/gen_1_pokemon_learnsets.json
115,151,TM/HM,0,1,Supplied Gen-I learnset JSON,https://raw.githubusercontent.com/cRz-Shadows/Pokemon_Trainer_Tournament_Simulator/main/Data/UsefulDatasets/gen_1_pokemon_learnsets.json
115,149,TM/HM,0,1,Supplied Gen-I learnset JSON,https://raw.githubusercontent.com/cRz-Shadows/Pokemon_Trainer_Tournament_Simulator/main/Data/UsefulDatasets/gen_1_pokemon_learnsets.json
115,38,TM/HM,0,1,Supplied Gen-I learnset JSON,https://raw.githubusercontent.com/cRz-Shadows/Pokemon_Trainer_Tournament_Simulator/main/Data/UsefulDatasets/gen_1_pokemon_learnsets.json
115,45,TM/HM,0,1,Supplied Gen-I learnset JSON,https://raw.githubusercontent.com/cRz-Shadows/Pokemon_Trainer_Tournament_Simulator/main/Data/UsefulDatasets/gen_1_pokemon_learnsets.json
115,154,TM/HM,0,1,Supplied Gen-I learnset JSON,https://raw.githubusercontent.com/cRz-Shadows/Pokemon_Trainer_Tournament_Simulator/main/Data/UsefulDatasets/gen_1_pokemon_learnsets.json
115,101,TM/HM,0,1,Supplied Gen-I learnset JSON,https://raw.githubusercontent.com/cRz-Shadows/Pokemon_Trainer_Tournament_Simulator/main/Data/UsefulDatasets/gen_1_pokemon_learnsets.json
115,84,TM/HM,0,1,Supplied Gen-I learnset JSON,https://raw.githubusercontent.com/cRz-Shadows/Pokemon_Trainer_Tournament_Simulator/main/Data/UsefulDatasets/gen_1_pokemon_learnsets.json
115,32,TM/HM,0,1,Supplied Gen-I learnset JSON,https://raw.githubusercontent.com/cRz-Shadows/Pokemon_Trainer_Tournament_Simulator/main/Data/UsefulDatasets/gen_1_pokemon_learnsets.json
115,9,TM/HM,0,1,Supplied Gen-I learnset JSON,https://raw.githubusercontent.com/cRz-Shadows/Pokemon_Trainer_Tournament_Simulator/main/Data/UsefulDatasets/gen_1_pokemon_learnsets.json
115,42,TM/HM,0,1,Supplied Gen-I learnset JSON,https://raw.githubusercontent.com/cRz-Shadows/Pokemon_Trainer_Tournament_Simulator/main/Data/UsefulDatasets/gen_1_pokemon_learnsets.json
115,118,TM/HM,0,1,Supplied Gen-I learnset JSON,https://raw.githubusercontent.com/cRz-Shadows/Pokemon_Trainer_Tournament_Simulator/main/Data/UsefulDatasets/gen_1_pokemon_learnsets.json
115,106,TM/HM,0,1,Supplied Gen-I learnset JSON,https://raw.githubusercontent.com/cRz-Shadows/Pokemon_Trainer_Tournament_Simulator/main/Data/UsefulDatasets/gen_1_pokemon_learnsets.json
115,108,TM/HM,0,1,Supplied Gen-I learnset JSON,https://raw.githubusercontent.com/cRz-Shadows/Pokemon_Trainer_Tournament_Simulator/main/Data/UsefulDatasets/gen_1_pokemon_learnsets.json
115,138,TM/HM,0,1,Supplied Gen-I learnset JSON,https://raw.githubusercontent.com/cRz-Shadows/Pokemon_Trainer_Tournament_Simulator/main/Data/UsefulDatasets/gen_1_pokemon_learnsets.json
116,16,level-up,1,1,Supplied Gen-I learnset JSON,https://raw.githubusercontent.com/cRz-Shadows/Pokemon_Trainer_Tournament_Simulator/main/Data/UsefulDatasets/gen_1_pokemon_learnsets.json
116,125,level-up,19,1,Supplied Gen-I learnset JSON,https://raw.githubusercontent.com/cRz-Shadows/Pokemon_Trainer_Tournament_Simulator/main/Data/UsefulDatasets/gen_1_pokemon_learnsets.json
116,74,level-up,24,1,Supplied Gen-I learnset JSON,https://raw.githubusercontent.com/cRz-Shadows/Pokemon_Trainer_Tournament_Simulator/main/Data/UsefulDatasets/gen_1_pokemon_learnsets.json
116,160,level-up,30,1,Supplied Gen-I learnset JSON,https://raw.githubusercontent.com/cRz-Shadows/Pokemon_Trainer_Tournament_Simulator/main/Data/UsefulDatasets/gen_1_pokemon_learnsets.json
116,4,level-up,37,1,Supplied Gen-I learnset JSON,https://raw.githubusercontent.com/cRz-Shadows/Pokemon_Trainer_Tournament_Simulator/main/Data/UsefulDatasets/gen_1_pokemon_learnsets.json
116,63,level-up,45,1,Supplied Gen-I learnset JSON,https://raw.githubusercontent.com/cRz-Shadows/Pokemon_Trainer_Tournament_Simulator/main/Data/UsefulDatasets/gen_1_pokemon_learnsets.json
116,146,TM/HM,0,1,Supplied Gen-I learnset JSON,https://raw.githubusercontent.com/cRz-Shadows/Pokemon_Trainer_Tournament_Simulator/main/Data/UsefulDatasets/gen_1_pokemon_learnsets.json
116,33,TM/HM,0,1,Supplied Gen-I learnset JSON,https://raw.githubusercontent.com/cRz-Shadows/Pokemon_Trainer_Tournament_Simulator/main/Data/UsefulDatasets/gen_1_pokemon_learnsets.json
116,160,TM/HM,0,1,Supplied Gen-I learnset JSON,https://raw.githubusercontent.com/cRz-Shadows/Pokemon_Trainer_Tournament_Simulator/main/Data/UsefulDatasets/gen_1_pokemon_learnsets.json
116,141,TM/HM,0,1,Supplied Gen-I learnset JSON,https://raw.githubusercontent.com/cRz-Shadows/Pokemon_Trainer_Tournament_Simulator/main/Data/UsefulDatasets/gen_1_pokemon_learnsets.json
116,67,TM/HM,0,1,Supplied Gen-I learnset JSON,https://raw.githubusercontent.com/cRz-Shadows/Pokemon_Trainer_Tournament_Simulator/main/Data/UsefulDatasets/gen_1_pokemon_learnsets.json
116,12,TM/HM,0,1,Supplied Gen-I learnset JSON,https://raw.githubusercontent.com/cRz-Shadows/Pokemon_Trainer_Tournament_Simulator/main/Data/UsefulDatasets/gen_1_pokemon_learnsets.json
116,17,TM/HM,0,1,Supplied Gen-I learnset JSON,https://raw.githubusercontent.com/cRz-Shadows/Pokemon_Trainer_Tournament_Simulator/main/Data/UsefulDatasets/gen_1_pokemon_learnsets.json
116,154,TM/HM,0,1,Supplied Gen-I learnset JSON,https://raw.githubusercontent.com/cRz-Shadows/Pokemon_Trainer_Tournament_Simulator/main/Data/UsefulDatasets/gen_1_pokemon_learnsets.json
116,101,TM/HM,0,1,Supplied Gen-I learnset JSON,https://raw.githubusercontent.com/cRz-Shadows/Pokemon_Trainer_Tournament_Simulator/main/Data/UsefulDatasets/gen_1_pokemon_learnsets.json
116,84,TM/HM,0,1,Supplied Gen-I learnset JSON,https://raw.githubusercontent.com/cRz-Shadows/Pokemon_Trainer_Tournament_Simulator/main/Data/UsefulDatasets/gen_1_pokemon_learnsets.json
116,32,TM/HM,0,1,Supplied Gen-I learnset JSON,https://raw.githubusercontent.com/cRz-Shadows/Pokemon_Trainer_Tournament_Simulator/main/Data/UsefulDatasets/gen_1_pokemon_learnsets.json
116,9,TM/HM,0,1,Supplied Gen-I learnset JSON,https://raw.githubusercontent.com/cRz-Shadows/Pokemon_Trainer_Tournament_Simulator/main/Data/UsefulDatasets/gen_1_pokemon_learnsets.json
116,142,TM/HM,0,1,Supplied Gen-I learnset JSON,https://raw.githubusercontent.com/cRz-Shadows/Pokemon_Trainer_Tournament_Simulator/main/Data/UsefulDatasets/gen_1_pokemon_learnsets.json
116,118,TM/HM,0,1,Supplied Gen-I learnset JSON,https://raw.githubusercontent.com/cRz-Shadows/Pokemon_Trainer_Tournament_Simulator/main/Data/UsefulDatasets/gen_1_pokemon_learnsets.json
116,106,TM/HM,0,1,Supplied Gen-I learnset JSON,https://raw.githubusercontent.com/cRz-Shadows/Pokemon_Trainer_Tournament_Simulator/main/Data/UsefulDatasets/gen_1_pokemon_learnsets.json
116,138,TM/HM,0,1,Supplied Gen-I learnset JSON,https://raw.githubusercontent.com/cRz-Shadows/Pokemon_Trainer_Tournament_Simulator/main/Data/UsefulDatasets/gen_1_pokemon_learnsets.json
117,16,level-up,1,1,Supplied Gen-I learnset JSON,https://raw.githubusercontent.com/cRz-Shadows/Pokemon_Trainer_Tournament_Simulator/main/Data/UsefulDatasets/gen_1_pokemon_learnsets.json
117,125,level-up,1,1,Supplied Gen-I learnset JSON,https://raw.githubusercontent.com/cRz-Shadows/Pokemon_Trainer_Tournament_Simulator/main/Data/UsefulDatasets/gen_1_pokemon_learnsets.json
117,125,level-up,19,1,Supplied Gen-I learnset JSON,https://raw.githubusercontent.com/cRz-Shadows/Pokemon_Trainer_Tournament_Simulator/main/Data/UsefulDatasets/gen_1_pokemon_learnsets.json
117,74,level-up,24,1,Supplied Gen-I learnset JSON,https://raw.githubusercontent.com/cRz-Shadows/Pokemon_Trainer_Tournament_Simulator/main/Data/UsefulDatasets/gen_1_pokemon_learnsets.json
117,160,level-up,30,1,Supplied Gen-I learnset JSON,https://raw.githubusercontent.com/cRz-Shadows/Pokemon_Trainer_Tournament_Simulator/main/Data/UsefulDatasets/gen_1_pokemon_learnsets.json
117,4,level-up,41,1,Supplied Gen-I learnset JSON,https://raw.githubusercontent.com/cRz-Shadows/Pokemon_Trainer_Tournament_Simulator/main/Data/UsefulDatasets/gen_1_pokemon_learnsets.json
117,63,level-up,52,1,Supplied Gen-I learnset JSON,https://raw.githubusercontent.com/cRz-Shadows/Pokemon_Trainer_Tournament_Simulator/main/Data/UsefulDatasets/gen_1_pokemon_learnsets.json
117,146,TM/HM,0,1,Supplied Gen-I learnset JSON,https://raw.githubusercontent.com/cRz-Shadows/Pokemon_Trainer_Tournament_Simulator/main/Data/UsefulDatasets/gen_1_pokemon_learnsets.json
117,33,TM/HM,0,1,Supplied Gen-I learnset JSON,https://raw.githubusercontent.com/cRz-Shadows/Pokemon_Trainer_Tournament_Simulator/main/Data/UsefulDatasets/gen_1_pokemon_learnsets.json
117,160,TM/HM,0,1,Supplied Gen-I learnset JSON,https://raw.githubusercontent.com/cRz-Shadows/Pokemon_Trainer_Tournament_Simulator/main/Data/UsefulDatasets/gen_1_pokemon_learnsets.json
117,141,TM/HM,0,1,Supplied Gen-I learnset JSON,https://raw.githubusercontent.com/cRz-Shadows/Pokemon_Trainer_Tournament_Simulator/main/Data/UsefulDatasets/gen_1_pokemon_learnsets.json
117,67,TM/HM,0,1,Supplied Gen-I learnset JSON,https://raw.githubusercontent.com/cRz-Shadows/Pokemon_Trainer_Tournament_Simulator/main/Data/UsefulDatasets/gen_1_pokemon_learnsets.json
117,12,TM/HM,0,1,Supplied Gen-I learnset JSON,https://raw.githubusercontent.com/cRz-Shadows/Pokemon_Trainer_Tournament_Simulator/main/Data/UsefulDatasets/gen_1_pokemon_learnsets.json
117,17,TM/HM,0,1,Supplied Gen-I learnset JSON,https://raw.githubusercontent.com/cRz-Shadows/Pokemon_Trainer_Tournament_Simulator/main/Data/UsefulDatasets/gen_1_pokemon_learnsets.json
117,64,TM/HM,0,1,Supplied Gen-I learnset JSON,https://raw.githubusercontent.com/cRz-Shadows/Pokemon_Trainer_Tournament_Simulator/main/Data/UsefulDatasets/gen_1_pokemon_learnsets.json
117,154,TM/HM,0,1,Supplied Gen-I learnset JSON,https://raw.githubusercontent.com/cRz-Shadows/Pokemon_Trainer_Tournament_Simulator/main/Data/UsefulDatasets/gen_1_pokemon_learnsets.json
117,101,TM/HM,0,1,Supplied Gen-I learnset JSON,https://raw.githubusercontent.com/cRz-Shadows/Pokemon_Trainer_Tournament_Simulator/main/Data/UsefulDatasets/gen_1_pokemon_learnsets.json
117,84,TM/HM,0,1,Supplied Gen-I learnset JSON,https://raw.githubusercontent.com/cRz-Shadows/Pokemon_Trainer_Tournament_Simulator/main/Data/UsefulDatasets/gen_1_pokemon_learnsets.json
117,32,TM/HM,0,1,Supplied Gen-I learnset JSON,https://raw.githubusercontent.com/cRz-Shadows/Pokemon_Trainer_Tournament_Simulator/main/Data/UsefulDatasets/gen_1_pokemon_learnsets.json
117,9,TM/HM,0,1,Supplied Gen-I learnset JSON,https://raw.githubusercontent.com/cRz-Shadows/Pokemon_Trainer_Tournament_Simulator/main/Data/UsefulDatasets/gen_1_pokemon_learnsets.json
117,142,TM/HM,0,1,Supplied Gen-I learnset JSON,https://raw.githubusercontent.com/cRz-Shadows/Pokemon_Trainer_Tournament_Simulator/main/Data/UsefulDatasets/gen_1_pokemon_learnsets.json
117,118,TM/HM,0,1,Supplied Gen-I learnset JSON,https://raw.githubusercontent.com/cRz-Shadows/Pokemon_Trainer_Tournament_Simulator/main/Data/UsefulDatasets/gen_1_pokemon_learnsets.json
117,106,TM/HM,0,1,Supplied Gen-I learnset JSON,https://raw.githubusercontent.com/cRz-Shadows/Pokemon_Trainer_Tournament_Simulator/main/Data/UsefulDatasets/gen_1_pokemon_learnsets.json
117,138,TM/HM,0,1,Supplied Gen-I learnset JSON,https://raw.githubusercontent.com/cRz-Shadows/Pokemon_Trainer_Tournament_Simulator/main/Data/UsefulDatasets/gen_1_pokemon_learnsets.json
118,90,level-up,1,1,Supplied Gen-I learnset JSON,https://raw.githubusercontent.com/cRz-Shadows/Pokemon_Trainer_Tournament_Simulator/main/Data/UsefulDatasets/gen_1_pokemon_learnsets.json
118,145,level-up,1,1,Supplied Gen-I learnset JSON,https://raw.githubusercontent.com/cRz-Shadows/Pokemon_Trainer_Tournament_Simulator/main/Data/UsefulDatasets/gen_1_pokemon_learnsets.json
118,140,level-up,19,1,Supplied Gen-I learnset JSON,https://raw.githubusercontent.com/cRz-Shadows/Pokemon_Trainer_Tournament_Simulator/main/Data/UsefulDatasets/gen_1_pokemon_learnsets.json
118,61,level-up,24,1,Supplied Gen-I learnset JSON,https://raw.githubusercontent.com/cRz-Shadows/Pokemon_Trainer_Tournament_Simulator/main/Data/UsefulDatasets/gen_1_pokemon_learnsets.json
118,50,level-up,30,1,Supplied Gen-I learnset JSON,https://raw.githubusercontent.com/cRz-Shadows/Pokemon_Trainer_Tournament_Simulator/main/Data/UsefulDatasets/gen_1_pokemon_learnsets.json
118,161,level-up,37,1,Supplied Gen-I learnset JSON,https://raw.githubusercontent.com/cRz-Shadows/Pokemon_Trainer_Tournament_Simulator/main/Data/UsefulDatasets/gen_1_pokemon_learnsets.json
118,62,level-up,45,1,Supplied Gen-I learnset JSON,https://raw.githubusercontent.com/cRz-Shadows/Pokemon_Trainer_Tournament_Simulator/main/Data/UsefulDatasets/gen_1_pokemon_learnsets.json
118,4,level-up,54,1,Supplied Gen-I learnset JSON,https://raw.githubusercontent.com/cRz-Shadows/Pokemon_Trainer_Tournament_Simulator/main/Data/UsefulDatasets/gen_1_pokemon_learnsets.json
118,62,TM/HM,0,1,Supplied Gen-I learnset JSON,https://raw.githubusercontent.com/cRz-Shadows/Pokemon_Trainer_Tournament_Simulator/main/Data/UsefulDatasets/gen_1_pokemon_learnsets.json
118,146,TM/HM,0,1,Supplied Gen-I learnset JSON,https://raw.githubusercontent.com/cRz-Shadows/Pokemon_Trainer_Tournament_Simulator/main/Data/UsefulDatasets/gen_1_pokemon_learnsets.json
118,33,TM/HM,0,1,Supplied Gen-I learnset JSON,https://raw.githubusercontent.com/cRz-Shadows/Pokemon_Trainer_Tournament_Simulator/main/Data/UsefulDatasets/gen_1_pokemon_learnsets.json
118,160,TM/HM,0,1,Supplied Gen-I learnset JSON,https://raw.githubusercontent.com/cRz-Shadows/Pokemon_Trainer_Tournament_Simulator/main/Data/UsefulDatasets/gen_1_pokemon_learnsets.json
118,141,TM/HM,0,1,Supplied Gen-I learnset JSON,https://raw.githubusercontent.com/cRz-Shadows/Pokemon_Trainer_Tournament_Simulator/main/Data/UsefulDatasets/gen_1_pokemon_learnsets.json
118,67,TM/HM,0,1,Supplied Gen-I learnset JSON,https://raw.githubusercontent.com/cRz-Shadows/Pokemon_Trainer_Tournament_Simulator/main/Data/UsefulDatasets/gen_1_pokemon_learnsets.json
118,12,TM/HM,0,1,Supplied Gen-I learnset JSON,https://raw.githubusercontent.com/cRz-Shadows/Pokemon_Trainer_Tournament_Simulator/main/Data/UsefulDatasets/gen_1_pokemon_learnsets.json
118,17,TM/HM,0,1,Supplied Gen-I learnset JSON,https://raw.githubusercontent.com/cRz-Shadows/Pokemon_Trainer_Tournament_Simulator/main/Data/UsefulDatasets/gen_1_pokemon_learnsets.json
118,154,TM/HM,0,1,Supplied Gen-I learnset JSON,https://raw.githubusercontent.com/cRz-Shadows/Pokemon_Trainer_Tournament_Simulator/main/Data/UsefulDatasets/gen_1_pokemon_learnsets.json
118,101,TM/HM,0,1,Supplied Gen-I learnset JSON,https://raw.githubusercontent.com/cRz-Shadows/Pokemon_Trainer_Tournament_Simulator/main/Data/UsefulDatasets/gen_1_pokemon_learnsets.json
118,84,TM/HM,0,1,Supplied Gen-I learnset JSON,https://raw.githubusercontent.com/cRz-Shadows/Pokemon_Trainer_Tournament_Simulator/main/Data/UsefulDatasets/gen_1_pokemon_learnsets.json
118,32,TM/HM,0,1,Supplied Gen-I learnset JSON,https://raw.githubusercontent.com/cRz-Shadows/Pokemon_Trainer_Tournament_Simulator/main/Data/UsefulDatasets/gen_1_pokemon_learnsets.json
118,9,TM/HM,0,1,Supplied Gen-I learnset JSON,https://raw.githubusercontent.com/cRz-Shadows/Pokemon_Trainer_Tournament_Simulator/main/Data/UsefulDatasets/gen_1_pokemon_learnsets.json
118,142,TM/HM,0,1,Supplied Gen-I learnset JSON,https://raw.githubusercontent.com/cRz-Shadows/Pokemon_Trainer_Tournament_Simulator/main/Data/UsefulDatasets/gen_1_pokemon_learnsets.json
118,118,TM/HM,0,1,Supplied Gen-I learnset JSON,https://raw.githubusercontent.com/cRz-Shadows/Pokemon_Trainer_Tournament_Simulator/main/Data/UsefulDatasets/gen_1_pokemon_learnsets.json
118,106,TM/HM,0,1,Supplied Gen-I learnset JSON,https://raw.githubusercontent.com/cRz-Shadows/Pokemon_Trainer_Tournament_Simulator/main/Data/UsefulDatasets/gen_1_pokemon_learnsets.json
118,138,TM/HM,0,1,Supplied Gen-I learnset JSON,https://raw.githubusercontent.com/cRz-Shadows/Pokemon_Trainer_Tournament_Simulator/main/Data/UsefulDatasets/gen_1_pokemon_learnsets.json
119,90,level-up,1,1,Supplied Gen-I learnset JSON,https://raw.githubusercontent.com/cRz-Shadows/Pokemon_Trainer_Tournament_Simulator/main/Data/UsefulDatasets/gen_1_pokemon_learnsets.json
119,145,level-up,1,1,Supplied Gen-I learnset JSON,https://raw.githubusercontent.com/cRz-Shadows/Pokemon_Trainer_Tournament_Simulator/main/Data/UsefulDatasets/gen_1_pokemon_learnsets.json
119,140,level-up,1,1,Supplied Gen-I learnset JSON,https://raw.githubusercontent.com/cRz-Shadows/Pokemon_Trainer_Tournament_Simulator/main/Data/UsefulDatasets/gen_1_pokemon_learnsets.json
119,140,level-up,19,1,Supplied Gen-I learnset JSON,https://raw.githubusercontent.com/cRz-Shadows/Pokemon_Trainer_Tournament_Simulator/main/Data/UsefulDatasets/gen_1_pokemon_learnsets.json
119,61,level-up,24,1,Supplied Gen-I learnset JSON,https://raw.githubusercontent.com/cRz-Shadows/Pokemon_Trainer_Tournament_Simulator/main/Data/UsefulDatasets/gen_1_pokemon_learnsets.json
119,50,level-up,30,1,Supplied Gen-I learnset JSON,https://raw.githubusercontent.com/cRz-Shadows/Pokemon_Trainer_Tournament_Simulator/main/Data/UsefulDatasets/gen_1_pokemon_learnsets.json
119,161,level-up,39,1,Supplied Gen-I learnset JSON,https://raw.githubusercontent.com/cRz-Shadows/Pokemon_Trainer_Tournament_Simulator/main/Data/UsefulDatasets/gen_1_pokemon_learnsets.json
119,62,level-up,48,1,Supplied Gen-I learnset JSON,https://raw.githubusercontent.com/cRz-Shadows/Pokemon_Trainer_Tournament_Simulator/main/Data/UsefulDatasets/gen_1_pokemon_learnsets.json
119,4,level-up,54,1,Supplied Gen-I learnset JSON,https://raw.githubusercontent.com/cRz-Shadows/Pokemon_Trainer_Tournament_Simulator/main/Data/UsefulDatasets/gen_1_pokemon_learnsets.json
119,62,TM/HM,0,1,Supplied Gen-I learnset JSON,https://raw.githubusercontent.com/cRz-Shadows/Pokemon_Trainer_Tournament_Simulator/main/Data/UsefulDatasets/gen_1_pokemon_learnsets.json
119,146,TM/HM,0,1,Supplied Gen-I learnset JSON,https://raw.githubusercontent.com/cRz-Shadows/Pokemon_Trainer_Tournament_Simulator/main/Data/UsefulDatasets/gen_1_pokemon_learnsets.json
119,33,TM/HM,0,1,Supplied Gen-I learnset JSON,https://raw.githubusercontent.com/cRz-Shadows/Pokemon_Trainer_Tournament_Simulator/main/Data/UsefulDatasets/gen_1_pokemon_learnsets.json
119,160,TM/HM,0,1,Supplied Gen-I learnset JSON,https://raw.githubusercontent.com/cRz-Shadows/Pokemon_Trainer_Tournament_Simulator/main/Data/UsefulDatasets/gen_1_pokemon_learnsets.json
119,141,TM/HM,0,1,Supplied Gen-I learnset JSON,https://raw.githubusercontent.com/cRz-Shadows/Pokemon_Trainer_Tournament_Simulator/main/Data/UsefulDatasets/gen_1_pokemon_learnsets.json
119,67,TM/HM,0,1,Supplied Gen-I learnset JSON,https://raw.githubusercontent.com/cRz-Shadows/Pokemon_Trainer_Tournament_Simulator/main/Data/UsefulDatasets/gen_1_pokemon_learnsets.json
119,12,TM/HM,0,1,Supplied Gen-I learnset JSON,https://raw.githubusercontent.com/cRz-Shadows/Pokemon_Trainer_Tournament_Simulator/main/Data/UsefulDatasets/gen_1_pokemon_learnsets.json
119,17,TM/HM,0,1,Supplied Gen-I learnset JSON,https://raw.githubusercontent.com/cRz-Shadows/Pokemon_Trainer_Tournament_Simulator/main/Data/UsefulDatasets/gen_1_pokemon_learnsets.json
119,64,TM/HM,0,1,Supplied Gen-I learnset JSON,https://raw.githubusercontent.com/cRz-Shadows/Pokemon_Trainer_Tournament_Simulator/main/Data/UsefulDatasets/gen_1_pokemon_learnsets.json
119,154,TM/HM,0,1,Supplied Gen-I learnset JSON,https://raw.githubusercontent.com/cRz-Shadows/Pokemon_Trainer_Tournament_Simulator/main/Data/UsefulDatasets/gen_1_pokemon_learnsets.json
119,101,TM/HM,0,1,Supplied Gen-I learnset JSON,https://raw.githubusercontent.com/cRz-Shadows/Pokemon_Trainer_Tournament_Simulator/main/Data/UsefulDatasets/gen_1_pokemon_learnsets.json
119,84,TM/HM,0,1,Supplied Gen-I learnset JSON,https://raw.githubusercontent.com/cRz-Shadows/Pokemon_Trainer_Tournament_Simulator/main/Data/UsefulDatasets/gen_1_pokemon_learnsets.json
119,32,TM/HM,0,1,Supplied Gen-I learnset JSON,https://raw.githubusercontent.com/cRz-Shadows/Pokemon_Trainer_Tournament_Simulator/main/Data/UsefulDatasets/gen_1_pokemon_learnsets.json
119,9,TM/HM,0,1,Supplied Gen-I learnset JSON,https://raw.githubusercontent.com/cRz-Shadows/Pokemon_Trainer_Tournament_Simulator/main/Data/UsefulDatasets/gen_1_pokemon_learnsets.json
119,142,TM/HM,0,1,Supplied Gen-I learnset JSON,https://raw.githubusercontent.com/cRz-Shadows/Pokemon_Trainer_Tournament_Simulator/main/Data/UsefulDatasets/gen_1_pokemon_learnsets.json
119,118,TM/HM,0,1,Supplied Gen-I learnset JSON,https://raw.githubusercontent.com/cRz-Shadows/Pokemon_Trainer_Tournament_Simulator/main/Data/UsefulDatasets/gen_1_pokemon_learnsets.json
119,106,TM/HM,0,1,Supplied Gen-I learnset JSON,https://raw.githubusercontent.com/cRz-Shadows/Pokemon_Trainer_Tournament_Simulator/main/Data/UsefulDatasets/gen_1_pokemon_learnsets.json
119,138,TM/HM,0,1,Supplied Gen-I learnset JSON,https://raw.githubusercontent.com/cRz-Shadows/Pokemon_Trainer_Tournament_Simulator/main/Data/UsefulDatasets/gen_1_pokemon_learnsets.json
120,144,level-up,1,1,Supplied Gen-I learnset JSON,https://raw.githubusercontent.com/cRz-Shadows/Pokemon_Trainer_Tournament_Simulator/main/Data/UsefulDatasets/gen_1_pokemon_learnsets.json
120,160,level-up,17,1,Supplied Gen-I learnset JSON,https://raw.githubusercontent.com/cRz-Shadows/Pokemon_Trainer_Tournament_Simulator/main/Data/UsefulDatasets/gen_1_pokemon_learnsets.json
120,57,level-up,22,1,Supplied Gen-I learnset JSON,https://raw.githubusercontent.com/cRz-Shadows/Pokemon_Trainer_Tournament_Simulator/main/Data/UsefulDatasets/gen_1_pokemon_learnsets.json
120,104,level-up,27,1,Supplied Gen-I learnset JSON,https://raw.githubusercontent.com/cRz-Shadows/Pokemon_Trainer_Tournament_Simulator/main/Data/UsefulDatasets/gen_1_pokemon_learnsets.json
120,142,level-up,32,1,Supplied Gen-I learnset JSON,https://raw.githubusercontent.com/cRz-Shadows/Pokemon_Trainer_Tournament_Simulator/main/Data/UsefulDatasets/gen_1_pokemon_learnsets.json
120,85,level-up,37,1,Supplied Gen-I learnset JSON,https://raw.githubusercontent.com/cRz-Shadows/Pokemon_Trainer_Tournament_Simulator/main/Data/UsefulDatasets/gen_1_pokemon_learnsets.json
120,76,level-up,42,1,Supplied Gen-I learnset JSON,https://raw.githubusercontent.com/cRz-Shadows/Pokemon_Trainer_Tournament_Simulator/main/Data/UsefulDatasets/gen_1_pokemon_learnsets.json
120,63,level-up,47,1,Supplied Gen-I learnset JSON,https://raw.githubusercontent.com/cRz-Shadows/Pokemon_Trainer_Tournament_Simulator/main/Data/UsefulDatasets/gen_1_pokemon_learnsets.json
120,146,TM/HM,0,1,Supplied Gen-I learnset JSON,https://raw.githubusercontent.com/cRz-Shadows/Pokemon_Trainer_Tournament_Simulator/main/Data/UsefulDatasets/gen_1_pokemon_learnsets.json
120,33,TM/HM,0,1,Supplied Gen-I learnset JSON,https://raw.githubusercontent.com/cRz-Shadows/Pokemon_Trainer_Tournament_Simulator/main/Data/UsefulDatasets/gen_1_pokemon_learnsets.json
120,160,TM/HM,0,1,Supplied Gen-I learnset JSON,https://raw.githubusercontent.com/cRz-Shadows/Pokemon_Trainer_Tournament_Simulator/main/Data/UsefulDatasets/gen_1_pokemon_learnsets.json
120,141,TM/HM,0,1,Supplied Gen-I learnset JSON,https://raw.githubusercontent.com/cRz-Shadows/Pokemon_Trainer_Tournament_Simulator/main/Data/UsefulDatasets/gen_1_pokemon_learnsets.json
120,67,TM/HM,0,1,Supplied Gen-I learnset JSON,https://raw.githubusercontent.com/cRz-Shadows/Pokemon_Trainer_Tournament_Simulator/main/Data/UsefulDatasets/gen_1_pokemon_learnsets.json
120,12,TM/HM,0,1,Supplied Gen-I learnset JSON,https://raw.githubusercontent.com/cRz-Shadows/Pokemon_Trainer_Tournament_Simulator/main/Data/UsefulDatasets/gen_1_pokemon_learnsets.json
120,17,TM/HM,0,1,Supplied Gen-I learnset JSON,https://raw.githubusercontent.com/cRz-Shadows/Pokemon_Trainer_Tournament_Simulator/main/Data/UsefulDatasets/gen_1_pokemon_learnsets.json
120,151,TM/HM,0,1,Supplied Gen-I learnset JSON,https://raw.githubusercontent.com/cRz-Shadows/Pokemon_Trainer_Tournament_Simulator/main/Data/UsefulDatasets/gen_1_pokemon_learnsets.json
120,150,TM/HM,0,1,Supplied Gen-I learnset JSON,https://raw.githubusercontent.com/cRz-Shadows/Pokemon_Trainer_Tournament_Simulator/main/Data/UsefulDatasets/gen_1_pokemon_learnsets.json
120,149,TM/HM,0,1,Supplied Gen-I learnset JSON,https://raw.githubusercontent.com/cRz-Shadows/Pokemon_Trainer_Tournament_Simulator/main/Data/UsefulDatasets/gen_1_pokemon_learnsets.json
120,154,TM/HM,0,1,Supplied Gen-I learnset JSON,https://raw.githubusercontent.com/cRz-Shadows/Pokemon_Trainer_Tournament_Simulator/main/Data/UsefulDatasets/gen_1_pokemon_learnsets.json
120,98,TM/HM,0,1,Supplied Gen-I learnset JSON,https://raw.githubusercontent.com/cRz-Shadows/Pokemon_Trainer_Tournament_Simulator/main/Data/UsefulDatasets/gen_1_pokemon_learnsets.json
120,101,TM/HM,0,1,Supplied Gen-I learnset JSON,https://raw.githubusercontent.com/cRz-Shadows/Pokemon_Trainer_Tournament_Simulator/main/Data/UsefulDatasets/gen_1_pokemon_learnsets.json
120,147,TM/HM,0,1,Supplied Gen-I learnset JSON,https://raw.githubusercontent.com/cRz-Shadows/Pokemon_Trainer_Tournament_Simulator/main/Data/UsefulDatasets/gen_1_pokemon_learnsets.json
120,84,TM/HM,0,1,Supplied Gen-I learnset JSON,https://raw.githubusercontent.com/cRz-Shadows/Pokemon_Trainer_Tournament_Simulator/main/Data/UsefulDatasets/gen_1_pokemon_learnsets.json
120,32,TM/HM,0,1,Supplied Gen-I learnset JSON,https://raw.githubusercontent.com/cRz-Shadows/Pokemon_Trainer_Tournament_Simulator/main/Data/UsefulDatasets/gen_1_pokemon_learnsets.json
120,105,TM/HM,0,1,Supplied Gen-I learnset JSON,https://raw.githubusercontent.com/cRz-Shadows/Pokemon_Trainer_Tournament_Simulator/main/Data/UsefulDatasets/gen_1_pokemon_learnsets.json
120,9,TM/HM,0,1,Supplied Gen-I learnset JSON,https://raw.githubusercontent.com/cRz-Shadows/Pokemon_Trainer_Tournament_Simulator/main/Data/UsefulDatasets/gen_1_pokemon_learnsets.json
120,142,TM/HM,0,1,Supplied Gen-I learnset JSON,https://raw.githubusercontent.com/cRz-Shadows/Pokemon_Trainer_Tournament_Simulator/main/Data/UsefulDatasets/gen_1_pokemon_learnsets.json
120,118,TM/HM,0,1,Supplied Gen-I learnset JSON,https://raw.githubusercontent.com/cRz-Shadows/Pokemon_Trainer_Tournament_Simulator/main/Data/UsefulDatasets/gen_1_pokemon_learnsets.json
120,47,TM/HM,0,1,Supplied Gen-I learnset JSON,https://raw.githubusercontent.com/cRz-Shadows/Pokemon_Trainer_Tournament_Simulator/main/Data/UsefulDatasets/gen_1_pokemon_learnsets.json
120,99,TM/HM,0,1,Supplied Gen-I learnset JSON,https://raw.githubusercontent.com/cRz-Shadows/Pokemon_Trainer_Tournament_Simulator/main/Data/UsefulDatasets/gen_1_pokemon_learnsets.json
120,106,TM/HM,0,1,Supplied Gen-I learnset JSON,https://raw.githubusercontent.com/cRz-Shadows/Pokemon_Trainer_Tournament_Simulator/main/Data/UsefulDatasets/gen_1_pokemon_learnsets.json
120,156,TM/HM,0,1,Supplied Gen-I learnset JSON,https://raw.githubusercontent.com/cRz-Shadows/Pokemon_Trainer_Tournament_Simulator/main/Data/UsefulDatasets/gen_1_pokemon_learnsets.json
120,138,TM/HM,0,1,Supplied Gen-I learnset JSON,https://raw.githubusercontent.com/cRz-Shadows/Pokemon_Trainer_Tournament_Simulator/main/Data/UsefulDatasets/gen_1_pokemon_learnsets.json
121,144,level-up,1,1,Supplied Gen-I learnset JSON,https://raw.githubusercontent.com/cRz-Shadows/Pokemon_Trainer_Tournament_Simulator/main/Data/UsefulDatasets/gen_1_pokemon_learnsets.json
121,160,level-up,1,1,Supplied Gen-I learnset JSON,https://raw.githubusercontent.com/cRz-Shadows/Pokemon_Trainer_Tournament_Simulator/main/Data/UsefulDatasets/gen_1_pokemon_learnsets.json
121,57,level-up,1,1,Supplied Gen-I learnset JSON,https://raw.githubusercontent.com/cRz-Shadows/Pokemon_Trainer_Tournament_Simulator/main/Data/UsefulDatasets/gen_1_pokemon_learnsets.json
121,146,TM/HM,0,1,Supplied Gen-I learnset JSON,https://raw.githubusercontent.com/cRz-Shadows/Pokemon_Trainer_Tournament_Simulator/main/Data/UsefulDatasets/gen_1_pokemon_learnsets.json
121,33,TM/HM,0,1,Supplied Gen-I learnset JSON,https://raw.githubusercontent.com/cRz-Shadows/Pokemon_Trainer_Tournament_Simulator/main/Data/UsefulDatasets/gen_1_pokemon_learnsets.json
121,160,TM/HM,0,1,Supplied Gen-I learnset JSON,https://raw.githubusercontent.com/cRz-Shadows/Pokemon_Trainer_Tournament_Simulator/main/Data/UsefulDatasets/gen_1_pokemon_learnsets.json
121,141,TM/HM,0,1,Supplied Gen-I learnset JSON,https://raw.githubusercontent.com/cRz-Shadows/Pokemon_Trainer_Tournament_Simulator/main/Data/UsefulDatasets/gen_1_pokemon_learnsets.json
121,67,TM/HM,0,1,Supplied Gen-I learnset JSON,https://raw.githubusercontent.com/cRz-Shadows/Pokemon_Trainer_Tournament_Simulator/main/Data/UsefulDatasets/gen_1_pokemon_learnsets.json
121,12,TM/HM,0,1,Supplied Gen-I learnset JSON,https://raw.githubusercontent.com/cRz-Shadows/Pokemon_Trainer_Tournament_Simulator/main/Data/UsefulDatasets/gen_1_pokemon_learnsets.json
121,17,TM/HM,0,1,Supplied Gen-I learnset JSON,https://raw.githubusercontent.com/cRz-Shadows/Pokemon_Trainer_Tournament_Simulator/main/Data/UsefulDatasets/gen_1_pokemon_learnsets.json
121,64,TM/HM,0,1,Supplied Gen-I learnset JSON,https://raw.githubusercontent.com/cRz-Shadows/Pokemon_Trainer_Tournament_Simulator/main/Data/UsefulDatasets/gen_1_pokemon_learnsets.json
121,151,TM/HM,0,1,Supplied Gen-I learnset JSON,https://raw.githubusercontent.com/cRz-Shadows/Pokemon_Trainer_Tournament_Simulator/main/Data/UsefulDatasets/gen_1_pokemon_learnsets.json
121,150,TM/HM,0,1,Supplied Gen-I learnset JSON,https://raw.githubusercontent.com/cRz-Shadows/Pokemon_Trainer_Tournament_Simulator/main/Data/UsefulDatasets/gen_1_pokemon_learnsets.json
121,149,TM/HM,0,1,Supplied Gen-I learnset JSON,https://raw.githubusercontent.com/cRz-Shadows/Pokemon_Trainer_Tournament_Simulator/main/Data/UsefulDatasets/gen_1_pokemon_learnsets.json
121,154,TM/HM,0,1,Supplied Gen-I learnset JSON,https://raw.githubusercontent.com/cRz-Shadows/Pokemon_Trainer_Tournament_Simulator/main/Data/UsefulDatasets/gen_1_pokemon_learnsets.json
121,98,TM/HM,0,1,Supplied Gen-I learnset JSON,https://raw.githubusercontent.com/cRz-Shadows/Pokemon_Trainer_Tournament_Simulator/main/Data/UsefulDatasets/gen_1_pokemon_learnsets.json
121,101,TM/HM,0,1,Supplied Gen-I learnset JSON,https://raw.githubusercontent.com/cRz-Shadows/Pokemon_Trainer_Tournament_Simulator/main/Data/UsefulDatasets/gen_1_pokemon_learnsets.json
121,147,TM/HM,0,1,Supplied Gen-I learnset JSON,https://raw.githubusercontent.com/cRz-Shadows/Pokemon_Trainer_Tournament_Simulator/main/Data/UsefulDatasets/gen_1_pokemon_learnsets.json
121,84,TM/HM,0,1,Supplied Gen-I learnset JSON,https://raw.githubusercontent.com/cRz-Shadows/Pokemon_Trainer_Tournament_Simulator/main/Data/UsefulDatasets/gen_1_pokemon_learnsets.json
121,32,TM/HM,0,1,Supplied Gen-I learnset JSON,https://raw.githubusercontent.com/cRz-Shadows/Pokemon_Trainer_Tournament_Simulator/main/Data/UsefulDatasets/gen_1_pokemon_learnsets.json
121,105,TM/HM,0,1,Supplied Gen-I learnset JSON,https://raw.githubusercontent.com/cRz-Shadows/Pokemon_Trainer_Tournament_Simulator/main/Data/UsefulDatasets/gen_1_pokemon_learnsets.json
121,9,TM/HM,0,1,Supplied Gen-I learnset JSON,https://raw.githubusercontent.com/cRz-Shadows/Pokemon_Trainer_Tournament_Simulator/main/Data/UsefulDatasets/gen_1_pokemon_learnsets.json
121,142,TM/HM,0,1,Supplied Gen-I learnset JSON,https://raw.githubusercontent.com/cRz-Shadows/Pokemon_Trainer_Tournament_Simulator/main/Data/UsefulDatasets/gen_1_pokemon_learnsets.json
121,118,TM/HM,0,1,Supplied Gen-I learnset JSON,https://raw.githubusercontent.com/cRz-Shadows/Pokemon_Trainer_Tournament_Simulator/main/Data/UsefulDatasets/gen_1_pokemon_learnsets.json
121,47,TM/HM,0,1,Supplied Gen-I learnset JSON,https://raw.githubusercontent.com/cRz-Shadows/Pokemon_Trainer_Tournament_Simulator/main/Data/UsefulDatasets/gen_1_pokemon_learnsets.json
121,99,TM/HM,0,1,Supplied Gen-I learnset JSON,https://raw.githubusercontent.com/cRz-Shadows/Pokemon_Trainer_Tournament_Simulator/main/Data/UsefulDatasets/gen_1_pokemon_learnsets.json
121,106,TM/HM,0,1,Supplied Gen-I learnset JSON,https://raw.githubusercontent.com/cRz-Shadows/Pokemon_Trainer_Tournament_Simulator/main/Data/UsefulDatasets/gen_1_pokemon_learnsets.json
121,156,TM/HM,0,1,Supplied Gen-I learnset JSON,https://raw.githubusercontent.com/cRz-Shadows/Pokemon_Trainer_Tournament_Simulator/main/Data/UsefulDatasets/gen_1_pokemon_learnsets.json
121,138,TM/HM,0,1,Supplied Gen-I learnset JSON,https://raw.githubusercontent.com/cRz-Shadows/Pokemon_Trainer_Tournament_Simulator/main/Data/UsefulDatasets/gen_1_pokemon_learnsets.json
122,21,level-up,1,1,Supplied Gen-I learnset JSON,https://raw.githubusercontent.com/cRz-Shadows/Pokemon_Trainer_Tournament_Simulator/main/Data/UsefulDatasets/gen_1_pokemon_learnsets.json
122,8,level-up,1,1,Supplied Gen-I learnset JSON,https://raw.githubusercontent.com/cRz-Shadows/Pokemon_Trainer_Tournament_Simulator/main/Data/UsefulDatasets/gen_1_pokemon_learnsets.json
122,21,level-up,15,1,Supplied Gen-I learnset JSON,https://raw.githubusercontent.com/cRz-Shadows/Pokemon_Trainer_Tournament_Simulator/main/Data/UsefulDatasets/gen_1_pokemon_learnsets.json
122,76,level-up,23,1,Supplied Gen-I learnset JSON,https://raw.githubusercontent.com/cRz-Shadows/Pokemon_Trainer_Tournament_Simulator/main/Data/UsefulDatasets/gen_1_pokemon_learnsets.json
122,34,level-up,31,1,Supplied Gen-I learnset JSON,https://raw.githubusercontent.com/cRz-Shadows/Pokemon_Trainer_Tournament_Simulator/main/Data/UsefulDatasets/gen_1_pokemon_learnsets.json
122,79,level-up,39,1,Supplied Gen-I learnset JSON,https://raw.githubusercontent.com/cRz-Shadows/Pokemon_Trainer_Tournament_Simulator/main/Data/UsefulDatasets/gen_1_pokemon_learnsets.json
122,138,level-up,47,1,Supplied Gen-I learnset JSON,https://raw.githubusercontent.com/cRz-Shadows/Pokemon_Trainer_Tournament_Simulator/main/Data/UsefulDatasets/gen_1_pokemon_learnsets.json
122,82,TM/HM,0,1,Supplied Gen-I learnset JSON,https://raw.githubusercontent.com/cRz-Shadows/Pokemon_Trainer_Tournament_Simulator/main/Data/UsefulDatasets/gen_1_pokemon_learnsets.json
122,81,TM/HM,0,1,Supplied Gen-I learnset JSON,https://raw.githubusercontent.com/cRz-Shadows/Pokemon_Trainer_Tournament_Simulator/main/Data/UsefulDatasets/gen_1_pokemon_learnsets.json
122,13,TM/HM,0,1,Supplied Gen-I learnset JSON,https://raw.githubusercontent.com/cRz-Shadows/Pokemon_Trainer_Tournament_Simulator/main/Data/UsefulDatasets/gen_1_pokemon_learnsets.json
122,146,TM/HM,0,1,Supplied Gen-I learnset JSON,https://raw.githubusercontent.com/cRz-Shadows/Pokemon_Trainer_Tournament_Simulator/main/Data/UsefulDatasets/gen_1_pokemon_learnsets.json
122,33,TM/HM,0,1,Supplied Gen-I learnset JSON,https://raw.githubusercontent.com/cRz-Shadows/Pokemon_Trainer_Tournament_Simulator/main/Data/UsefulDatasets/gen_1_pokemon_learnsets.json
122,64,TM/HM,0,1,Supplied Gen-I learnset JSON,https://raw.githubusercontent.com/cRz-Shadows/Pokemon_Trainer_Tournament_Simulator/main/Data/UsefulDatasets/gen_1_pokemon_learnsets.json
122,137,TM/HM,0,1,Supplied Gen-I learnset JSON,https://raw.githubusercontent.com/cRz-Shadows/Pokemon_Trainer_Tournament_Simulator/main/Data/UsefulDatasets/gen_1_pokemon_learnsets.json
122,24,TM/HM,0,1,Supplied Gen-I learnset JSON,https://raw.githubusercontent.com/cRz-Shadows/Pokemon_Trainer_Tournament_Simulator/main/Data/UsefulDatasets/gen_1_pokemon_learnsets.json
122,114,TM/HM,0,1,Supplied Gen-I learnset JSON,https://raw.githubusercontent.com/cRz-Shadows/Pokemon_Trainer_Tournament_Simulator/main/Data/UsefulDatasets/gen_1_pokemon_learnsets.json
122,127,TM/HM,0,1,Supplied Gen-I learnset JSON,https://raw.githubusercontent.com/cRz-Shadows/Pokemon_Trainer_Tournament_Simulator/main/Data/UsefulDatasets/gen_1_pokemon_learnsets.json
122,151,TM/HM,0,1,Supplied Gen-I learnset JSON,https://raw.githubusercontent.com/cRz-Shadows/Pokemon_Trainer_Tournament_Simulator/main/Data/UsefulDatasets/gen_1_pokemon_learnsets.json
122,150,TM/HM,0,1,Supplied Gen-I learnset JSON,https://raw.githubusercontent.com/cRz-Shadows/Pokemon_Trainer_Tournament_Simulator/main/Data/UsefulDatasets/gen_1_pokemon_learnsets.json
122,149,TM/HM,0,1,Supplied Gen-I learnset JSON,https://raw.githubusercontent.com/cRz-Shadows/Pokemon_Trainer_Tournament_Simulator/main/Data/UsefulDatasets/gen_1_pokemon_learnsets.json
122,154,TM/HM,0,1,Supplied Gen-I learnset JSON,https://raw.githubusercontent.com/cRz-Shadows/Pokemon_Trainer_Tournament_Simulator/main/Data/UsefulDatasets/gen_1_pokemon_learnsets.json
122,98,TM/HM,0,1,Supplied Gen-I learnset JSON,https://raw.githubusercontent.com/cRz-Shadows/Pokemon_Trainer_Tournament_Simulator/main/Data/UsefulDatasets/gen_1_pokemon_learnsets.json
122,101,TM/HM,0,1,Supplied Gen-I learnset JSON,https://raw.githubusercontent.com/cRz-Shadows/Pokemon_Trainer_Tournament_Simulator/main/Data/UsefulDatasets/gen_1_pokemon_learnsets.json
122,147,TM/HM,0,1,Supplied Gen-I learnset JSON,https://raw.githubusercontent.com/cRz-Shadows/Pokemon_Trainer_Tournament_Simulator/main/Data/UsefulDatasets/gen_1_pokemon_learnsets.json
122,84,TM/HM,0,1,Supplied Gen-I learnset JSON,https://raw.githubusercontent.com/cRz-Shadows/Pokemon_Trainer_Tournament_Simulator/main/Data/UsefulDatasets/gen_1_pokemon_learnsets.json
122,32,TM/HM,0,1,Supplied Gen-I learnset JSON,https://raw.githubusercontent.com/cRz-Shadows/Pokemon_Trainer_Tournament_Simulator/main/Data/UsefulDatasets/gen_1_pokemon_learnsets.json
122,105,TM/HM,0,1,Supplied Gen-I learnset JSON,https://raw.githubusercontent.com/cRz-Shadows/Pokemon_Trainer_Tournament_Simulator/main/Data/UsefulDatasets/gen_1_pokemon_learnsets.json
122,9,TM/HM,0,1,Supplied Gen-I learnset JSON,https://raw.githubusercontent.com/cRz-Shadows/Pokemon_Trainer_Tournament_Simulator/main/Data/UsefulDatasets/gen_1_pokemon_learnsets.json
122,83,TM/HM,0,1,Supplied Gen-I learnset JSON,https://raw.githubusercontent.com/cRz-Shadows/Pokemon_Trainer_Tournament_Simulator/main/Data/UsefulDatasets/gen_1_pokemon_learnsets.json
122,118,TM/HM,0,1,Supplied Gen-I learnset JSON,https://raw.githubusercontent.com/cRz-Shadows/Pokemon_Trainer_Tournament_Simulator/main/Data/UsefulDatasets/gen_1_pokemon_learnsets.json
122,47,TM/HM,0,1,Supplied Gen-I learnset JSON,https://raw.githubusercontent.com/cRz-Shadows/Pokemon_Trainer_Tournament_Simulator/main/Data/UsefulDatasets/gen_1_pokemon_learnsets.json
122,99,TM/HM,0,1,Supplied Gen-I learnset JSON,https://raw.githubusercontent.com/cRz-Shadows/Pokemon_Trainer_Tournament_Simulator/main/Data/UsefulDatasets/gen_1_pokemon_learnsets.json
122,106,TM/HM,0,1,Supplied Gen-I learnset JSON,https://raw.githubusercontent.com/cRz-Shadows/Pokemon_Trainer_Tournament_Simulator/main/Data/UsefulDatasets/gen_1_pokemon_learnsets.json
122,138,TM/HM,0,1,Supplied Gen-I learnset JSON,https://raw.githubusercontent.com/cRz-Shadows/Pokemon_Trainer_Tournament_Simulator/main/Data/UsefulDatasets/gen_1_pokemon_learnsets.json
123,100,level-up,1,1,Supplied Gen-I learnset JSON,https://raw.githubusercontent.com/cRz-Shadows/Pokemon_Trainer_Tournament_Simulator/main/Data/UsefulDatasets/gen_1_pokemon_learnsets.json
123,74,level-up,17,1,Supplied Gen-I learnset JSON,https://raw.githubusercontent.com/cRz-Shadows/Pokemon_Trainer_Tournament_Simulator/main/Data/UsefulDatasets/gen_1_pokemon_learnsets.json
123,49,level-up,20,1,Supplied Gen-I learnset JSON,https://raw.githubusercontent.com/cRz-Shadows/Pokemon_Trainer_Tournament_Simulator/main/Data/UsefulDatasets/gen_1_pokemon_learnsets.json
123,32,level-up,24,1,Supplied Gen-I learnset JSON,https://raw.githubusercontent.com/cRz-Shadows/Pokemon_Trainer_Tournament_Simulator/main/Data/UsefulDatasets/gen_1_pokemon_learnsets.json
123,121,level-up,29,1,Supplied Gen-I learnset JSON,https://raw.githubusercontent.com/cRz-Shadows/Pokemon_Trainer_Tournament_Simulator/main/Data/UsefulDatasets/gen_1_pokemon_learnsets.json
123,143,level-up,35,1,Supplied Gen-I learnset JSON,https://raw.githubusercontent.com/cRz-Shadows/Pokemon_Trainer_Tournament_Simulator/main/Data/UsefulDatasets/gen_1_pokemon_learnsets.json
123,4,level-up,42,1,Supplied Gen-I learnset JSON,https://raw.githubusercontent.com/cRz-Shadows/Pokemon_Trainer_Tournament_Simulator/main/Data/UsefulDatasets/gen_1_pokemon_learnsets.json
123,143,TM/HM,0,1,Supplied Gen-I learnset JSON,https://raw.githubusercontent.com/cRz-Shadows/Pokemon_Trainer_Tournament_Simulator/main/Data/UsefulDatasets/gen_1_pokemon_learnsets.json
123,26,TM/HM,0,1,Supplied Gen-I learnset JSON,https://raw.githubusercontent.com/cRz-Shadows/Pokemon_Trainer_Tournament_Simulator/main/Data/UsefulDatasets/gen_1_pokemon_learnsets.json
123,146,TM/HM,0,1,Supplied Gen-I learnset JSON,https://raw.githubusercontent.com/cRz-Shadows/Pokemon_Trainer_Tournament_Simulator/main/Data/UsefulDatasets/gen_1_pokemon_learnsets.json
123,33,TM/HM,0,1,Supplied Gen-I learnset JSON,https://raw.githubusercontent.com/cRz-Shadows/Pokemon_Trainer_Tournament_Simulator/main/Data/UsefulDatasets/gen_1_pokemon_learnsets.json
123,64,TM/HM,0,1,Supplied Gen-I learnset JSON,https://raw.githubusercontent.com/cRz-Shadows/Pokemon_Trainer_Tournament_Simulator/main/Data/UsefulDatasets/gen_1_pokemon_learnsets.json
123,154,TM/HM,0,1,Supplied Gen-I learnset JSON,https://raw.githubusercontent.com/cRz-Shadows/Pokemon_Trainer_Tournament_Simulator/main/Data/UsefulDatasets/gen_1_pokemon_learnsets.json
123,101,TM/HM,0,1,Supplied Gen-I learnset JSON,https://raw.githubusercontent.com/cRz-Shadows/Pokemon_Trainer_Tournament_Simulator/main/Data/UsefulDatasets/gen_1_pokemon_learnsets.json
123,84,TM/HM,0,1,Supplied Gen-I learnset JSON,https://raw.githubusercontent.com/cRz-Shadows/Pokemon_Trainer_Tournament_Simulator/main/Data/UsefulDatasets/gen_1_pokemon_learnsets.json
123,32,TM/HM,0,1,Supplied Gen-I learnset JSON,https://raw.githubusercontent.com/cRz-Shadows/Pokemon_Trainer_Tournament_Simulator/main/Data/UsefulDatasets/gen_1_pokemon_learnsets.json
123,9,TM/HM,0,1,Supplied Gen-I learnset JSON,https://raw.githubusercontent.com/cRz-Shadows/Pokemon_Trainer_Tournament_Simulator/main/Data/UsefulDatasets/gen_1_pokemon_learnsets.json
123,142,TM/HM,0,1,Supplied Gen-I learnset JSON,https://raw.githubusercontent.com/cRz-Shadows/Pokemon_Trainer_Tournament_Simulator/main/Data/UsefulDatasets/gen_1_pokemon_learnsets.json
123,118,TM/HM,0,1,Supplied Gen-I learnset JSON,https://raw.githubusercontent.com/cRz-Shadows/Pokemon_Trainer_Tournament_Simulator/main/Data/UsefulDatasets/gen_1_pokemon_learnsets.json
123,106,TM/HM,0,1,Supplied Gen-I learnset JSON,https://raw.githubusercontent.com/cRz-Shadows/Pokemon_Trainer_Tournament_Simulator/main/Data/UsefulDatasets/gen_1_pokemon_learnsets.json
123,138,TM/HM,0,1,Supplied Gen-I learnset JSON,https://raw.githubusercontent.com/cRz-Shadows/Pokemon_Trainer_Tournament_Simulator/main/Data/UsefulDatasets/gen_1_pokemon_learnsets.json
124,96,level-up,1,1,Supplied Gen-I learnset JSON,https://raw.githubusercontent.com/cRz-Shadows/Pokemon_Trainer_Tournament_Simulator/main/Data/UsefulDatasets/gen_1_pokemon_learnsets.json
124,77,level-up,1,1,Supplied Gen-I learnset JSON,https://raw.githubusercontent.com/cRz-Shadows/Pokemon_Trainer_Tournament_Simulator/main/Data/UsefulDatasets/gen_1_pokemon_learnsets.json
124,75,level-up,18,1,Supplied Gen-I learnset JSON,https://raw.githubusercontent.com/cRz-Shadows/Pokemon_Trainer_Tournament_Simulator/main/Data/UsefulDatasets/gen_1_pokemon_learnsets.json
124,34,level-up,23,1,Supplied Gen-I learnset JSON,https://raw.githubusercontent.com/cRz-Shadows/Pokemon_Trainer_Tournament_Simulator/main/Data/UsefulDatasets/gen_1_pokemon_learnsets.json
124,68,level-up,31,1,Supplied Gen-I learnset JSON,https://raw.githubusercontent.com/cRz-Shadows/Pokemon_Trainer_Tournament_Simulator/main/Data/UsefulDatasets/gen_1_pokemon_learnsets.json
124,13,level-up,39,1,Supplied Gen-I learnset JSON,https://raw.githubusercontent.com/cRz-Shadows/Pokemon_Trainer_Tournament_Simulator/main/Data/UsefulDatasets/gen_1_pokemon_learnsets.json
124,148,level-up,47,1,Supplied Gen-I learnset JSON,https://raw.githubusercontent.com/cRz-Shadows/Pokemon_Trainer_Tournament_Simulator/main/Data/UsefulDatasets/gen_1_pokemon_learnsets.json
124,12,level-up,58,1,Supplied Gen-I learnset JSON,https://raw.githubusercontent.com/cRz-Shadows/Pokemon_Trainer_Tournament_Simulator/main/Data/UsefulDatasets/gen_1_pokemon_learnsets.json
124,82,TM/HM,0,1,Supplied Gen-I learnset JSON,https://raw.githubusercontent.com/cRz-Shadows/Pokemon_Trainer_Tournament_Simulator/main/Data/UsefulDatasets/gen_1_pokemon_learnsets.json
124,81,TM/HM,0,1,Supplied Gen-I learnset JSON,https://raw.githubusercontent.com/cRz-Shadows/Pokemon_Trainer_Tournament_Simulator/main/Data/UsefulDatasets/gen_1_pokemon_learnsets.json
124,13,TM/HM,0,1,Supplied Gen-I learnset JSON,https://raw.githubusercontent.com/cRz-Shadows/Pokemon_Trainer_Tournament_Simulator/main/Data/UsefulDatasets/gen_1_pokemon_learnsets.json
124,146,TM/HM,0,1,Supplied Gen-I learnset JSON,https://raw.githubusercontent.com/cRz-Shadows/Pokemon_Trainer_Tournament_Simulator/main/Data/UsefulDatasets/gen_1_pokemon_learnsets.json
124,33,TM/HM,0,1,Supplied Gen-I learnset JSON,https://raw.githubusercontent.com/cRz-Shadows/Pokemon_Trainer_Tournament_Simulator/main/Data/UsefulDatasets/gen_1_pokemon_learnsets.json
124,160,TM/HM,0,1,Supplied Gen-I learnset JSON,https://raw.githubusercontent.com/cRz-Shadows/Pokemon_Trainer_Tournament_Simulator/main/Data/UsefulDatasets/gen_1_pokemon_learnsets.json
124,67,TM/HM,0,1,Supplied Gen-I learnset JSON,https://raw.githubusercontent.com/cRz-Shadows/Pokemon_Trainer_Tournament_Simulator/main/Data/UsefulDatasets/gen_1_pokemon_learnsets.json
124,12,TM/HM,0,1,Supplied Gen-I learnset JSON,https://raw.githubusercontent.com/cRz-Shadows/Pokemon_Trainer_Tournament_Simulator/main/Data/UsefulDatasets/gen_1_pokemon_learnsets.json
124,17,TM/HM,0,1,Supplied Gen-I learnset JSON,https://raw.githubusercontent.com/cRz-Shadows/Pokemon_Trainer_Tournament_Simulator/main/Data/UsefulDatasets/gen_1_pokemon_learnsets.json
124,64,TM/HM,0,1,Supplied Gen-I learnset JSON,https://raw.githubusercontent.com/cRz-Shadows/Pokemon_Trainer_Tournament_Simulator/main/Data/UsefulDatasets/gen_1_pokemon_learnsets.json
124,137,TM/HM,0,1,Supplied Gen-I learnset JSON,https://raw.githubusercontent.com/cRz-Shadows/Pokemon_Trainer_Tournament_Simulator/main/Data/UsefulDatasets/gen_1_pokemon_learnsets.json
124,24,TM/HM,0,1,Supplied Gen-I learnset JSON,https://raw.githubusercontent.com/cRz-Shadows/Pokemon_Trainer_Tournament_Simulator/main/Data/UsefulDatasets/gen_1_pokemon_learnsets.json
124,114,TM/HM,0,1,Supplied Gen-I learnset JSON,https://raw.githubusercontent.com/cRz-Shadows/Pokemon_Trainer_Tournament_Simulator/main/Data/UsefulDatasets/gen_1_pokemon_learnsets.json
124,154,TM/HM,0,1,Supplied Gen-I learnset JSON,https://raw.githubusercontent.com/cRz-Shadows/Pokemon_Trainer_Tournament_Simulator/main/Data/UsefulDatasets/gen_1_pokemon_learnsets.json
124,98,TM/HM,0,1,Supplied Gen-I learnset JSON,https://raw.githubusercontent.com/cRz-Shadows/Pokemon_Trainer_Tournament_Simulator/main/Data/UsefulDatasets/gen_1_pokemon_learnsets.json
124,101,TM/HM,0,1,Supplied Gen-I learnset JSON,https://raw.githubusercontent.com/cRz-Shadows/Pokemon_Trainer_Tournament_Simulator/main/Data/UsefulDatasets/gen_1_pokemon_learnsets.json
124,147,TM/HM,0,1,Supplied Gen-I learnset JSON,https://raw.githubusercontent.com/cRz-Shadows/Pokemon_Trainer_Tournament_Simulator/main/Data/UsefulDatasets/gen_1_pokemon_learnsets.json
124,84,TM/HM,0,1,Supplied Gen-I learnset JSON,https://raw.githubusercontent.com/cRz-Shadows/Pokemon_Trainer_Tournament_Simulator/main/Data/UsefulDatasets/gen_1_pokemon_learnsets.json
124,32,TM/HM,0,1,Supplied Gen-I learnset JSON,https://raw.githubusercontent.com/cRz-Shadows/Pokemon_Trainer_Tournament_Simulator/main/Data/UsefulDatasets/gen_1_pokemon_learnsets.json
124,105,TM/HM,0,1,Supplied Gen-I learnset JSON,https://raw.githubusercontent.com/cRz-Shadows/Pokemon_Trainer_Tournament_Simulator/main/Data/UsefulDatasets/gen_1_pokemon_learnsets.json
124,9,TM/HM,0,1,Supplied Gen-I learnset JSON,https://raw.githubusercontent.com/cRz-Shadows/Pokemon_Trainer_Tournament_Simulator/main/Data/UsefulDatasets/gen_1_pokemon_learnsets.json
124,83,TM/HM,0,1,Supplied Gen-I learnset JSON,https://raw.githubusercontent.com/cRz-Shadows/Pokemon_Trainer_Tournament_Simulator/main/Data/UsefulDatasets/gen_1_pokemon_learnsets.json
124,118,TM/HM,0,1,Supplied Gen-I learnset JSON,https://raw.githubusercontent.com/cRz-Shadows/Pokemon_Trainer_Tournament_Simulator/main/Data/UsefulDatasets/gen_1_pokemon_learnsets.json
124,99,TM/HM,0,1,Supplied Gen-I learnset JSON,https://raw.githubusercontent.com/cRz-Shadows/Pokemon_Trainer_Tournament_Simulator/main/Data/UsefulDatasets/gen_1_pokemon_learnsets.json
124,106,TM/HM,0,1,Supplied Gen-I learnset JSON,https://raw.githubusercontent.com/cRz-Shadows/Pokemon_Trainer_Tournament_Simulator/main/Data/UsefulDatasets/gen_1_pokemon_learnsets.json
124,138,TM/HM,0,1,Supplied Gen-I learnset JSON,https://raw.githubusercontent.com/cRz-Shadows/Pokemon_Trainer_Tournament_Simulator/main/Data/UsefulDatasets/gen_1_pokemon_learnsets.json
125,100,level-up,1,1,Supplied Gen-I learnset JSON,https://raw.githubusercontent.com/cRz-Shadows/Pokemon_Trainer_Tournament_Simulator/main/Data/UsefulDatasets/gen_1_pokemon_learnsets.json
125,74,level-up,1,1,Supplied Gen-I learnset JSON,https://raw.githubusercontent.com/cRz-Shadows/Pokemon_Trainer_Tournament_Simulator/main/Data/UsefulDatasets/gen_1_pokemon_learnsets.json
125,153,level-up,34,1,Supplied Gen-I learnset JSON,https://raw.githubusercontent.com/cRz-Shadows/Pokemon_Trainer_Tournament_Simulator/main/Data/UsefulDatasets/gen_1_pokemon_learnsets.json
125,113,level-up,37,1,Supplied Gen-I learnset JSON,https://raw.githubusercontent.com/cRz-Shadows/Pokemon_Trainer_Tournament_Simulator/main/Data/UsefulDatasets/gen_1_pokemon_learnsets.json
125,152,level-up,42,1,Supplied Gen-I learnset JSON,https://raw.githubusercontent.com/cRz-Shadows/Pokemon_Trainer_Tournament_Simulator/main/Data/UsefulDatasets/gen_1_pokemon_learnsets.json
125,76,level-up,49,1,Supplied Gen-I learnset JSON,https://raw.githubusercontent.com/cRz-Shadows/Pokemon_Trainer_Tournament_Simulator/main/Data/UsefulDatasets/gen_1_pokemon_learnsets.json
125,149,level-up,54,1,Supplied Gen-I learnset JSON,https://raw.githubusercontent.com/cRz-Shadows/Pokemon_Trainer_Tournament_Simulator/main/Data/UsefulDatasets/gen_1_pokemon_learnsets.json
125,82,TM/HM,0,1,Supplied Gen-I learnset JSON,https://raw.githubusercontent.com/cRz-Shadows/Pokemon_Trainer_Tournament_Simulator/main/Data/UsefulDatasets/gen_1_pokemon_learnsets.json
125,81,TM/HM,0,1,Supplied Gen-I learnset JSON,https://raw.githubusercontent.com/cRz-Shadows/Pokemon_Trainer_Tournament_Simulator/main/Data/UsefulDatasets/gen_1_pokemon_learnsets.json
125,13,TM/HM,0,1,Supplied Gen-I learnset JSON,https://raw.githubusercontent.com/cRz-Shadows/Pokemon_Trainer_Tournament_Simulator/main/Data/UsefulDatasets/gen_1_pokemon_learnsets.json
125,146,TM/HM,0,1,Supplied Gen-I learnset JSON,https://raw.githubusercontent.com/cRz-Shadows/Pokemon_Trainer_Tournament_Simulator/main/Data/UsefulDatasets/gen_1_pokemon_learnsets.json
125,33,TM/HM,0,1,Supplied Gen-I learnset JSON,https://raw.githubusercontent.com/cRz-Shadows/Pokemon_Trainer_Tournament_Simulator/main/Data/UsefulDatasets/gen_1_pokemon_learnsets.json
125,64,TM/HM,0,1,Supplied Gen-I learnset JSON,https://raw.githubusercontent.com/cRz-Shadows/Pokemon_Trainer_Tournament_Simulator/main/Data/UsefulDatasets/gen_1_pokemon_learnsets.json
125,137,TM/HM,0,1,Supplied Gen-I learnset JSON,https://raw.githubusercontent.com/cRz-Shadows/Pokemon_Trainer_Tournament_Simulator/main/Data/UsefulDatasets/gen_1_pokemon_learnsets.json
125,24,TM/HM,0,1,Supplied Gen-I learnset JSON,https://raw.githubusercontent.com/cRz-Shadows/Pokemon_Trainer_Tournament_Simulator/main/Data/UsefulDatasets/gen_1_pokemon_learnsets.json
125,114,TM/HM,0,1,Supplied Gen-I learnset JSON,https://raw.githubusercontent.com/cRz-Shadows/Pokemon_Trainer_Tournament_Simulator/main/Data/UsefulDatasets/gen_1_pokemon_learnsets.json
125,133,TM/HM,0,1,Supplied Gen-I learnset JSON,https://raw.githubusercontent.com/cRz-Shadows/Pokemon_Trainer_Tournament_Simulator/main/Data/UsefulDatasets/gen_1_pokemon_learnsets.json
125,151,TM/HM,0,1,Supplied Gen-I learnset JSON,https://raw.githubusercontent.com/cRz-Shadows/Pokemon_Trainer_Tournament_Simulator/main/Data/UsefulDatasets/gen_1_pokemon_learnsets.json
125,150,TM/HM,0,1,Supplied Gen-I learnset JSON,https://raw.githubusercontent.com/cRz-Shadows/Pokemon_Trainer_Tournament_Simulator/main/Data/UsefulDatasets/gen_1_pokemon_learnsets.json
125,149,TM/HM,0,1,Supplied Gen-I learnset JSON,https://raw.githubusercontent.com/cRz-Shadows/Pokemon_Trainer_Tournament_Simulator/main/Data/UsefulDatasets/gen_1_pokemon_learnsets.json
125,154,TM/HM,0,1,Supplied Gen-I learnset JSON,https://raw.githubusercontent.com/cRz-Shadows/Pokemon_Trainer_Tournament_Simulator/main/Data/UsefulDatasets/gen_1_pokemon_learnsets.json
125,98,TM/HM,0,1,Supplied Gen-I learnset JSON,https://raw.githubusercontent.com/cRz-Shadows/Pokemon_Trainer_Tournament_Simulator/main/Data/UsefulDatasets/gen_1_pokemon_learnsets.json
125,101,TM/HM,0,1,Supplied Gen-I learnset JSON,https://raw.githubusercontent.com/cRz-Shadows/Pokemon_Trainer_Tournament_Simulator/main/Data/UsefulDatasets/gen_1_pokemon_learnsets.json
125,147,TM/HM,0,1,Supplied Gen-I learnset JSON,https://raw.githubusercontent.com/cRz-Shadows/Pokemon_Trainer_Tournament_Simulator/main/Data/UsefulDatasets/gen_1_pokemon_learnsets.json
125,84,TM/HM,0,1,Supplied Gen-I learnset JSON,https://raw.githubusercontent.com/cRz-Shadows/Pokemon_Trainer_Tournament_Simulator/main/Data/UsefulDatasets/gen_1_pokemon_learnsets.json
125,32,TM/HM,0,1,Supplied Gen-I learnset JSON,https://raw.githubusercontent.com/cRz-Shadows/Pokemon_Trainer_Tournament_Simulator/main/Data/UsefulDatasets/gen_1_pokemon_learnsets.json
125,105,TM/HM,0,1,Supplied Gen-I learnset JSON,https://raw.githubusercontent.com/cRz-Shadows/Pokemon_Trainer_Tournament_Simulator/main/Data/UsefulDatasets/gen_1_pokemon_learnsets.json
125,9,TM/HM,0,1,Supplied Gen-I learnset JSON,https://raw.githubusercontent.com/cRz-Shadows/Pokemon_Trainer_Tournament_Simulator/main/Data/UsefulDatasets/gen_1_pokemon_learnsets.json
125,83,TM/HM,0,1,Supplied Gen-I learnset JSON,https://raw.githubusercontent.com/cRz-Shadows/Pokemon_Trainer_Tournament_Simulator/main/Data/UsefulDatasets/gen_1_pokemon_learnsets.json
125,142,TM/HM,0,1,Supplied Gen-I learnset JSON,https://raw.githubusercontent.com/cRz-Shadows/Pokemon_Trainer_Tournament_Simulator/main/Data/UsefulDatasets/gen_1_pokemon_learnsets.json
125,118,TM/HM,0,1,Supplied Gen-I learnset JSON,https://raw.githubusercontent.com/cRz-Shadows/Pokemon_Trainer_Tournament_Simulator/main/Data/UsefulDatasets/gen_1_pokemon_learnsets.json
125,47,TM/HM,0,1,Supplied Gen-I learnset JSON,https://raw.githubusercontent.com/cRz-Shadows/Pokemon_Trainer_Tournament_Simulator/main/Data/UsefulDatasets/gen_1_pokemon_learnsets.json
125,99,TM/HM,0,1,Supplied Gen-I learnset JSON,https://raw.githubusercontent.com/cRz-Shadows/Pokemon_Trainer_Tournament_Simulator/main/Data/UsefulDatasets/gen_1_pokemon_learnsets.json
125,106,TM/HM,0,1,Supplied Gen-I learnset JSON,https://raw.githubusercontent.com/cRz-Shadows/Pokemon_Trainer_Tournament_Simulator/main/Data/UsefulDatasets/gen_1_pokemon_learnsets.json
125,138,TM/HM,0,1,Supplied Gen-I learnset JSON,https://raw.githubusercontent.com/cRz-Shadows/Pokemon_Trainer_Tournament_Simulator/main/Data/UsefulDatasets/gen_1_pokemon_learnsets.json
126,40,level-up,1,1,Supplied Gen-I learnset JSON,https://raw.githubusercontent.com/cRz-Shadows/Pokemon_Trainer_Tournament_Simulator/main/Data/UsefulDatasets/gen_1_pokemon_learnsets.json
126,74,level-up,36,1,Supplied Gen-I learnset JSON,https://raw.githubusercontent.com/cRz-Shadows/Pokemon_Trainer_Tournament_Simulator/main/Data/UsefulDatasets/gen_1_pokemon_learnsets.json
126,20,level-up,39,1,Supplied Gen-I learnset JSON,https://raw.githubusercontent.com/cRz-Shadows/Pokemon_Trainer_Tournament_Simulator/main/Data/UsefulDatasets/gen_1_pokemon_learnsets.json
126,43,level-up,43,1,Supplied Gen-I learnset JSON,https://raw.githubusercontent.com/cRz-Shadows/Pokemon_Trainer_Tournament_Simulator/main/Data/UsefulDatasets/gen_1_pokemon_learnsets.json
126,125,level-up,48,1,Supplied Gen-I learnset JSON,https://raw.githubusercontent.com/cRz-Shadows/Pokemon_Trainer_Tournament_Simulator/main/Data/UsefulDatasets/gen_1_pokemon_learnsets.json
126,124,level-up,52,1,Supplied Gen-I learnset JSON,https://raw.githubusercontent.com/cRz-Shadows/Pokemon_Trainer_Tournament_Simulator/main/Data/UsefulDatasets/gen_1_pokemon_learnsets.json
126,46,level-up,55,1,Supplied Gen-I learnset JSON,https://raw.githubusercontent.com/cRz-Shadows/Pokemon_Trainer_Tournament_Simulator/main/Data/UsefulDatasets/gen_1_pokemon_learnsets.json
126,82,TM/HM,0,1,Supplied Gen-I learnset JSON,https://raw.githubusercontent.com/cRz-Shadows/Pokemon_Trainer_Tournament_Simulator/main/Data/UsefulDatasets/gen_1_pokemon_learnsets.json
126,81,TM/HM,0,1,Supplied Gen-I learnset JSON,https://raw.githubusercontent.com/cRz-Shadows/Pokemon_Trainer_Tournament_Simulator/main/Data/UsefulDatasets/gen_1_pokemon_learnsets.json
126,13,TM/HM,0,1,Supplied Gen-I learnset JSON,https://raw.githubusercontent.com/cRz-Shadows/Pokemon_Trainer_Tournament_Simulator/main/Data/UsefulDatasets/gen_1_pokemon_learnsets.json
126,146,TM/HM,0,1,Supplied Gen-I learnset JSON,https://raw.githubusercontent.com/cRz-Shadows/Pokemon_Trainer_Tournament_Simulator/main/Data/UsefulDatasets/gen_1_pokemon_learnsets.json
126,33,TM/HM,0,1,Supplied Gen-I learnset JSON,https://raw.githubusercontent.com/cRz-Shadows/Pokemon_Trainer_Tournament_Simulator/main/Data/UsefulDatasets/gen_1_pokemon_learnsets.json
126,64,TM/HM,0,1,Supplied Gen-I learnset JSON,https://raw.githubusercontent.com/cRz-Shadows/Pokemon_Trainer_Tournament_Simulator/main/Data/UsefulDatasets/gen_1_pokemon_learnsets.json
126,137,TM/HM,0,1,Supplied Gen-I learnset JSON,https://raw.githubusercontent.com/cRz-Shadows/Pokemon_Trainer_Tournament_Simulator/main/Data/UsefulDatasets/gen_1_pokemon_learnsets.json
126,24,TM/HM,0,1,Supplied Gen-I learnset JSON,https://raw.githubusercontent.com/cRz-Shadows/Pokemon_Trainer_Tournament_Simulator/main/Data/UsefulDatasets/gen_1_pokemon_learnsets.json
126,114,TM/HM,0,1,Supplied Gen-I learnset JSON,https://raw.githubusercontent.com/cRz-Shadows/Pokemon_Trainer_Tournament_Simulator/main/Data/UsefulDatasets/gen_1_pokemon_learnsets.json
126,133,TM/HM,0,1,Supplied Gen-I learnset JSON,https://raw.githubusercontent.com/cRz-Shadows/Pokemon_Trainer_Tournament_Simulator/main/Data/UsefulDatasets/gen_1_pokemon_learnsets.json
126,154,TM/HM,0,1,Supplied Gen-I learnset JSON,https://raw.githubusercontent.com/cRz-Shadows/Pokemon_Trainer_Tournament_Simulator/main/Data/UsefulDatasets/gen_1_pokemon_learnsets.json
126,98,TM/HM,0,1,Supplied Gen-I learnset JSON,https://raw.githubusercontent.com/cRz-Shadows/Pokemon_Trainer_Tournament_Simulator/main/Data/UsefulDatasets/gen_1_pokemon_learnsets.json
126,101,TM/HM,0,1,Supplied Gen-I learnset JSON,https://raw.githubusercontent.com/cRz-Shadows/Pokemon_Trainer_Tournament_Simulator/main/Data/UsefulDatasets/gen_1_pokemon_learnsets.json
126,147,TM/HM,0,1,Supplied Gen-I learnset JSON,https://raw.githubusercontent.com/cRz-Shadows/Pokemon_Trainer_Tournament_Simulator/main/Data/UsefulDatasets/gen_1_pokemon_learnsets.json
126,84,TM/HM,0,1,Supplied Gen-I learnset JSON,https://raw.githubusercontent.com/cRz-Shadows/Pokemon_Trainer_Tournament_Simulator/main/Data/UsefulDatasets/gen_1_pokemon_learnsets.json
126,32,TM/HM,0,1,Supplied Gen-I learnset JSON,https://raw.githubusercontent.com/cRz-Shadows/Pokemon_Trainer_Tournament_Simulator/main/Data/UsefulDatasets/gen_1_pokemon_learnsets.json
126,9,TM/HM,0,1,Supplied Gen-I learnset JSON,https://raw.githubusercontent.com/cRz-Shadows/Pokemon_Trainer_Tournament_Simulator/main/Data/UsefulDatasets/gen_1_pokemon_learnsets.json
126,83,TM/HM,0,1,Supplied Gen-I learnset JSON,https://raw.githubusercontent.com/cRz-Shadows/Pokemon_Trainer_Tournament_Simulator/main/Data/UsefulDatasets/gen_1_pokemon_learnsets.json
126,42,TM/HM,0,1,Supplied Gen-I learnset JSON,https://raw.githubusercontent.com/cRz-Shadows/Pokemon_Trainer_Tournament_Simulator/main/Data/UsefulDatasets/gen_1_pokemon_learnsets.json
126,118,TM/HM,0,1,Supplied Gen-I learnset JSON,https://raw.githubusercontent.com/cRz-Shadows/Pokemon_Trainer_Tournament_Simulator/main/Data/UsefulDatasets/gen_1_pokemon_learnsets.json
126,99,TM/HM,0,1,Supplied Gen-I learnset JSON,https://raw.githubusercontent.com/cRz-Shadows/Pokemon_Trainer_Tournament_Simulator/main/Data/UsefulDatasets/gen_1_pokemon_learnsets.json
126,106,TM/HM,0,1,Supplied Gen-I learnset JSON,https://raw.githubusercontent.com/cRz-Shadows/Pokemon_Trainer_Tournament_Simulator/main/Data/UsefulDatasets/gen_1_pokemon_learnsets.json
126,138,TM/HM,0,1,Supplied Gen-I learnset JSON,https://raw.githubusercontent.com/cRz-Shadows/Pokemon_Trainer_Tournament_Simulator/main/Data/UsefulDatasets/gen_1_pokemon_learnsets.json
127,158,level-up,1,1,Supplied Gen-I learnset JSON,https://raw.githubusercontent.com/cRz-Shadows/Pokemon_Trainer_Tournament_Simulator/main/Data/UsefulDatasets/gen_1_pokemon_learnsets.json
127,114,level-up,25,1,Supplied Gen-I learnset JSON,https://raw.githubusercontent.com/cRz-Shadows/Pokemon_Trainer_Tournament_Simulator/main/Data/UsefulDatasets/gen_1_pokemon_learnsets.json
127,55,level-up,30,1,Supplied Gen-I learnset JSON,https://raw.githubusercontent.com/cRz-Shadows/Pokemon_Trainer_Tournament_Simulator/main/Data/UsefulDatasets/gen_1_pokemon_learnsets.json
127,49,level-up,36,1,Supplied Gen-I learnset JSON,https://raw.githubusercontent.com/cRz-Shadows/Pokemon_Trainer_Tournament_Simulator/main/Data/UsefulDatasets/gen_1_pokemon_learnsets.json
127,57,level-up,43,1,Supplied Gen-I learnset JSON,https://raw.githubusercontent.com/cRz-Shadows/Pokemon_Trainer_Tournament_Simulator/main/Data/UsefulDatasets/gen_1_pokemon_learnsets.json
127,121,level-up,49,1,Supplied Gen-I learnset JSON,https://raw.githubusercontent.com/cRz-Shadows/Pokemon_Trainer_Tournament_Simulator/main/Data/UsefulDatasets/gen_1_pokemon_learnsets.json
127,143,level-up,54,1,Supplied Gen-I learnset JSON,https://raw.githubusercontent.com/cRz-Shadows/Pokemon_Trainer_Tournament_Simulator/main/Data/UsefulDatasets/gen_1_pokemon_learnsets.json
127,143,TM/HM,0,1,Supplied Gen-I learnset JSON,https://raw.githubusercontent.com/cRz-Shadows/Pokemon_Trainer_Tournament_Simulator/main/Data/UsefulDatasets/gen_1_pokemon_learnsets.json
127,26,TM/HM,0,1,Supplied Gen-I learnset JSON,https://raw.githubusercontent.com/cRz-Shadows/Pokemon_Trainer_Tournament_Simulator/main/Data/UsefulDatasets/gen_1_pokemon_learnsets.json
127,13,TM/HM,0,1,Supplied Gen-I learnset JSON,https://raw.githubusercontent.com/cRz-Shadows/Pokemon_Trainer_Tournament_Simulator/main/Data/UsefulDatasets/gen_1_pokemon_learnsets.json
127,146,TM/HM,0,1,Supplied Gen-I learnset JSON,https://raw.githubusercontent.com/cRz-Shadows/Pokemon_Trainer_Tournament_Simulator/main/Data/UsefulDatasets/gen_1_pokemon_learnsets.json
127,33,TM/HM,0,1,Supplied Gen-I learnset JSON,https://raw.githubusercontent.com/cRz-Shadows/Pokemon_Trainer_Tournament_Simulator/main/Data/UsefulDatasets/gen_1_pokemon_learnsets.json
127,64,TM/HM,0,1,Supplied Gen-I learnset JSON,https://raw.githubusercontent.com/cRz-Shadows/Pokemon_Trainer_Tournament_Simulator/main/Data/UsefulDatasets/gen_1_pokemon_learnsets.json
127,137,TM/HM,0,1,Supplied Gen-I learnset JSON,https://raw.githubusercontent.com/cRz-Shadows/Pokemon_Trainer_Tournament_Simulator/main/Data/UsefulDatasets/gen_1_pokemon_learnsets.json
127,114,TM/HM,0,1,Supplied Gen-I learnset JSON,https://raw.githubusercontent.com/cRz-Shadows/Pokemon_Trainer_Tournament_Simulator/main/Data/UsefulDatasets/gen_1_pokemon_learnsets.json
127,133,TM/HM,0,1,Supplied Gen-I learnset JSON,https://raw.githubusercontent.com/cRz-Shadows/Pokemon_Trainer_Tournament_Simulator/main/Data/UsefulDatasets/gen_1_pokemon_learnsets.json
127,154,TM/HM,0,1,Supplied Gen-I learnset JSON,https://raw.githubusercontent.com/cRz-Shadows/Pokemon_Trainer_Tournament_Simulator/main/Data/UsefulDatasets/gen_1_pokemon_learnsets.json
127,101,TM/HM,0,1,Supplied Gen-I learnset JSON,https://raw.githubusercontent.com/cRz-Shadows/Pokemon_Trainer_Tournament_Simulator/main/Data/UsefulDatasets/gen_1_pokemon_learnsets.json
127,84,TM/HM,0,1,Supplied Gen-I learnset JSON,https://raw.githubusercontent.com/cRz-Shadows/Pokemon_Trainer_Tournament_Simulator/main/Data/UsefulDatasets/gen_1_pokemon_learnsets.json
127,32,TM/HM,0,1,Supplied Gen-I learnset JSON,https://raw.githubusercontent.com/cRz-Shadows/Pokemon_Trainer_Tournament_Simulator/main/Data/UsefulDatasets/gen_1_pokemon_learnsets.json
127,9,TM/HM,0,1,Supplied Gen-I learnset JSON,https://raw.githubusercontent.com/cRz-Shadows/Pokemon_Trainer_Tournament_Simulator/main/Data/UsefulDatasets/gen_1_pokemon_learnsets.json
127,106,TM/HM,0,1,Supplied Gen-I learnset JSON,https://raw.githubusercontent.com/cRz-Shadows/Pokemon_Trainer_Tournament_Simulator/main/Data/UsefulDatasets/gen_1_pokemon_learnsets.json
127,138,TM/HM,0,1,Supplied Gen-I learnset JSON,https://raw.githubusercontent.com/cRz-Shadows/Pokemon_Trainer_Tournament_Simulator/main/Data/UsefulDatasets/gen_1_pokemon_learnsets.json
128,144,level-up,1,1,Supplied Gen-I learnset JSON,https://raw.githubusercontent.com/cRz-Shadows/Pokemon_Trainer_Tournament_Simulator/main/Data/UsefulDatasets/gen_1_pokemon_learnsets.json
128,132,level-up,21,1,Supplied Gen-I learnset JSON,https://raw.githubusercontent.com/cRz-Shadows/Pokemon_Trainer_Tournament_Simulator/main/Data/UsefulDatasets/gen_1_pokemon_learnsets.json
128,145,level-up,28,1,Supplied Gen-I learnset JSON,https://raw.githubusercontent.com/cRz-Shadows/Pokemon_Trainer_Tournament_Simulator/main/Data/UsefulDatasets/gen_1_pokemon_learnsets.json
128,74,level-up,35,1,Supplied Gen-I learnset JSON,https://raw.githubusercontent.com/cRz-Shadows/Pokemon_Trainer_Tournament_Simulator/main/Data/UsefulDatasets/gen_1_pokemon_learnsets.json
128,101,level-up,44,1,Supplied Gen-I learnset JSON,https://raw.githubusercontent.com/cRz-Shadows/Pokemon_Trainer_Tournament_Simulator/main/Data/UsefulDatasets/gen_1_pokemon_learnsets.json
128,146,level-up,51,1,Supplied Gen-I learnset JSON,https://raw.githubusercontent.com/cRz-Shadows/Pokemon_Trainer_Tournament_Simulator/main/Data/UsefulDatasets/gen_1_pokemon_learnsets.json
128,62,TM/HM,0,1,Supplied Gen-I learnset JSON,https://raw.githubusercontent.com/cRz-Shadows/Pokemon_Trainer_Tournament_Simulator/main/Data/UsefulDatasets/gen_1_pokemon_learnsets.json
128,13,TM/HM,0,1,Supplied Gen-I learnset JSON,https://raw.githubusercontent.com/cRz-Shadows/Pokemon_Trainer_Tournament_Simulator/main/Data/UsefulDatasets/gen_1_pokemon_learnsets.json
128,146,TM/HM,0,1,Supplied Gen-I learnset JSON,https://raw.githubusercontent.com/cRz-Shadows/Pokemon_Trainer_Tournament_Simulator/main/Data/UsefulDatasets/gen_1_pokemon_learnsets.json
128,33,TM/HM,0,1,Supplied Gen-I learnset JSON,https://raw.githubusercontent.com/cRz-Shadows/Pokemon_Trainer_Tournament_Simulator/main/Data/UsefulDatasets/gen_1_pokemon_learnsets.json
128,67,TM/HM,0,1,Supplied Gen-I learnset JSON,https://raw.githubusercontent.com/cRz-Shadows/Pokemon_Trainer_Tournament_Simulator/main/Data/UsefulDatasets/gen_1_pokemon_learnsets.json
128,12,TM/HM,0,1,Supplied Gen-I learnset JSON,https://raw.githubusercontent.com/cRz-Shadows/Pokemon_Trainer_Tournament_Simulator/main/Data/UsefulDatasets/gen_1_pokemon_learnsets.json
128,64,TM/HM,0,1,Supplied Gen-I learnset JSON,https://raw.githubusercontent.com/cRz-Shadows/Pokemon_Trainer_Tournament_Simulator/main/Data/UsefulDatasets/gen_1_pokemon_learnsets.json
128,133,TM/HM,0,1,Supplied Gen-I learnset JSON,https://raw.githubusercontent.com/cRz-Shadows/Pokemon_Trainer_Tournament_Simulator/main/Data/UsefulDatasets/gen_1_pokemon_learnsets.json
128,151,TM/HM,0,1,Supplied Gen-I learnset JSON,https://raw.githubusercontent.com/cRz-Shadows/Pokemon_Trainer_Tournament_Simulator/main/Data/UsefulDatasets/gen_1_pokemon_learnsets.json
128,149,TM/HM,0,1,Supplied Gen-I learnset JSON,https://raw.githubusercontent.com/cRz-Shadows/Pokemon_Trainer_Tournament_Simulator/main/Data/UsefulDatasets/gen_1_pokemon_learnsets.json
128,38,TM/HM,0,1,Supplied Gen-I learnset JSON,https://raw.githubusercontent.com/cRz-Shadows/Pokemon_Trainer_Tournament_Simulator/main/Data/UsefulDatasets/gen_1_pokemon_learnsets.json
128,45,TM/HM,0,1,Supplied Gen-I learnset JSON,https://raw.githubusercontent.com/cRz-Shadows/Pokemon_Trainer_Tournament_Simulator/main/Data/UsefulDatasets/gen_1_pokemon_learnsets.json
128,154,TM/HM,0,1,Supplied Gen-I learnset JSON,https://raw.githubusercontent.com/cRz-Shadows/Pokemon_Trainer_Tournament_Simulator/main/Data/UsefulDatasets/gen_1_pokemon_learnsets.json
128,101,TM/HM,0,1,Supplied Gen-I learnset JSON,https://raw.githubusercontent.com/cRz-Shadows/Pokemon_Trainer_Tournament_Simulator/main/Data/UsefulDatasets/gen_1_pokemon_learnsets.json
128,84,TM/HM,0,1,Supplied Gen-I learnset JSON,https://raw.githubusercontent.com/cRz-Shadows/Pokemon_Trainer_Tournament_Simulator/main/Data/UsefulDatasets/gen_1_pokemon_learnsets.json
128,32,TM/HM,0,1,Supplied Gen-I learnset JSON,https://raw.githubusercontent.com/cRz-Shadows/Pokemon_Trainer_Tournament_Simulator/main/Data/UsefulDatasets/gen_1_pokemon_learnsets.json
128,9,TM/HM,0,1,Supplied Gen-I learnset JSON,https://raw.githubusercontent.com/cRz-Shadows/Pokemon_Trainer_Tournament_Simulator/main/Data/UsefulDatasets/gen_1_pokemon_learnsets.json
128,42,TM/HM,0,1,Supplied Gen-I learnset JSON,https://raw.githubusercontent.com/cRz-Shadows/Pokemon_Trainer_Tournament_Simulator/main/Data/UsefulDatasets/gen_1_pokemon_learnsets.json
128,118,TM/HM,0,1,Supplied Gen-I learnset JSON,https://raw.githubusercontent.com/cRz-Shadows/Pokemon_Trainer_Tournament_Simulator/main/Data/UsefulDatasets/gen_1_pokemon_learnsets.json
128,106,TM/HM,0,1,Supplied Gen-I learnset JSON,https://raw.githubusercontent.com/cRz-Shadows/Pokemon_Trainer_Tournament_Simulator/main/Data/UsefulDatasets/gen_1_pokemon_learnsets.json
128,138,TM/HM,0,1,Supplied Gen-I learnset JSON,https://raw.githubusercontent.com/cRz-Shadows/Pokemon_Trainer_Tournament_Simulator/main/Data/UsefulDatasets/gen_1_pokemon_learnsets.json
129,130,level-up,1,1,Supplied Gen-I learnset JSON,https://raw.githubusercontent.com/cRz-Shadows/Pokemon_Trainer_Tournament_Simulator/main/Data/UsefulDatasets/gen_1_pokemon_learnsets.json
129,144,level-up,15,1,Supplied Gen-I learnset JSON,https://raw.githubusercontent.com/cRz-Shadows/Pokemon_Trainer_Tournament_Simulator/main/Data/UsefulDatasets/gen_1_pokemon_learnsets.json
130,63,level-up,1,1,Supplied Gen-I learnset JSON,https://raw.githubusercontent.com/cRz-Shadows/Pokemon_Trainer_Tournament_Simulator/main/Data/UsefulDatasets/gen_1_pokemon_learnsets.json
130,11,level-up,1,1,Supplied Gen-I learnset JSON,https://raw.githubusercontent.com/cRz-Shadows/Pokemon_Trainer_Tournament_Simulator/main/Data/UsefulDatasets/gen_1_pokemon_learnsets.json
130,74,level-up,1,1,Supplied Gen-I learnset JSON,https://raw.githubusercontent.com/cRz-Shadows/Pokemon_Trainer_Tournament_Simulator/main/Data/UsefulDatasets/gen_1_pokemon_learnsets.json
130,35,level-up,1,1,Supplied Gen-I learnset JSON,https://raw.githubusercontent.com/cRz-Shadows/Pokemon_Trainer_Tournament_Simulator/main/Data/UsefulDatasets/gen_1_pokemon_learnsets.json
130,11,level-up,20,1,Supplied Gen-I learnset JSON,https://raw.githubusercontent.com/cRz-Shadows/Pokemon_Trainer_Tournament_Simulator/main/Data/UsefulDatasets/gen_1_pokemon_learnsets.json
130,35,level-up,25,1,Supplied Gen-I learnset JSON,https://raw.githubusercontent.com/cRz-Shadows/Pokemon_Trainer_Tournament_Simulator/main/Data/UsefulDatasets/gen_1_pokemon_learnsets.json
130,74,level-up,32,1,Supplied Gen-I learnset JSON,https://raw.githubusercontent.com/cRz-Shadows/Pokemon_Trainer_Tournament_Simulator/main/Data/UsefulDatasets/gen_1_pokemon_learnsets.json
130,63,level-up,41,1,Supplied Gen-I learnset JSON,https://raw.githubusercontent.com/cRz-Shadows/Pokemon_Trainer_Tournament_Simulator/main/Data/UsefulDatasets/gen_1_pokemon_learnsets.json
130,64,level-up,52,1,Supplied Gen-I learnset JSON,https://raw.githubusercontent.com/cRz-Shadows/Pokemon_Trainer_Tournament_Simulator/main/Data/UsefulDatasets/gen_1_pokemon_learnsets.json
130,13,TM/HM,0,1,Supplied Gen-I learnset JSON,https://raw.githubusercontent.com/cRz-Shadows/Pokemon_Trainer_Tournament_Simulator/main/Data/UsefulDatasets/gen_1_pokemon_learnsets.json
130,146,TM/HM,0,1,Supplied Gen-I learnset JSON,https://raw.githubusercontent.com/cRz-Shadows/Pokemon_Trainer_Tournament_Simulator/main/Data/UsefulDatasets/gen_1_pokemon_learnsets.json
130,33,TM/HM,0,1,Supplied Gen-I learnset JSON,https://raw.githubusercontent.com/cRz-Shadows/Pokemon_Trainer_Tournament_Simulator/main/Data/UsefulDatasets/gen_1_pokemon_learnsets.json
130,160,TM/HM,0,1,Supplied Gen-I learnset JSON,https://raw.githubusercontent.com/cRz-Shadows/Pokemon_Trainer_Tournament_Simulator/main/Data/UsefulDatasets/gen_1_pokemon_learnsets.json
130,141,TM/HM,0,1,Supplied Gen-I learnset JSON,https://raw.githubusercontent.com/cRz-Shadows/Pokemon_Trainer_Tournament_Simulator/main/Data/UsefulDatasets/gen_1_pokemon_learnsets.json
130,67,TM/HM,0,1,Supplied Gen-I learnset JSON,https://raw.githubusercontent.com/cRz-Shadows/Pokemon_Trainer_Tournament_Simulator/main/Data/UsefulDatasets/gen_1_pokemon_learnsets.json
130,12,TM/HM,0,1,Supplied Gen-I learnset JSON,https://raw.githubusercontent.com/cRz-Shadows/Pokemon_Trainer_Tournament_Simulator/main/Data/UsefulDatasets/gen_1_pokemon_learnsets.json
130,17,TM/HM,0,1,Supplied Gen-I learnset JSON,https://raw.githubusercontent.com/cRz-Shadows/Pokemon_Trainer_Tournament_Simulator/main/Data/UsefulDatasets/gen_1_pokemon_learnsets.json
130,64,TM/HM,0,1,Supplied Gen-I learnset JSON,https://raw.githubusercontent.com/cRz-Shadows/Pokemon_Trainer_Tournament_Simulator/main/Data/UsefulDatasets/gen_1_pokemon_learnsets.json
130,133,TM/HM,0,1,Supplied Gen-I learnset JSON,https://raw.githubusercontent.com/cRz-Shadows/Pokemon_Trainer_Tournament_Simulator/main/Data/UsefulDatasets/gen_1_pokemon_learnsets.json
130,35,TM/HM,0,1,Supplied Gen-I learnset JSON,https://raw.githubusercontent.com/cRz-Shadows/Pokemon_Trainer_Tournament_Simulator/main/Data/UsefulDatasets/gen_1_pokemon_learnsets.json
130,151,TM/HM,0,1,Supplied Gen-I learnset JSON,https://raw.githubusercontent.com/cRz-Shadows/Pokemon_Trainer_Tournament_Simulator/main/Data/UsefulDatasets/gen_1_pokemon_learnsets.json
130,149,TM/HM,0,1,Supplied Gen-I learnset JSON,https://raw.githubusercontent.com/cRz-Shadows/Pokemon_Trainer_Tournament_Simulator/main/Data/UsefulDatasets/gen_1_pokemon_learnsets.json
130,154,TM/HM,0,1,Supplied Gen-I learnset JSON,https://raw.githubusercontent.com/cRz-Shadows/Pokemon_Trainer_Tournament_Simulator/main/Data/UsefulDatasets/gen_1_pokemon_learnsets.json
130,101,TM/HM,0,1,Supplied Gen-I learnset JSON,https://raw.githubusercontent.com/cRz-Shadows/Pokemon_Trainer_Tournament_Simulator/main/Data/UsefulDatasets/gen_1_pokemon_learnsets.json
130,84,TM/HM,0,1,Supplied Gen-I learnset JSON,https://raw.githubusercontent.com/cRz-Shadows/Pokemon_Trainer_Tournament_Simulator/main/Data/UsefulDatasets/gen_1_pokemon_learnsets.json
130,32,TM/HM,0,1,Supplied Gen-I learnset JSON,https://raw.githubusercontent.com/cRz-Shadows/Pokemon_Trainer_Tournament_Simulator/main/Data/UsefulDatasets/gen_1_pokemon_learnsets.json
130,105,TM/HM,0,1,Supplied Gen-I learnset JSON,https://raw.githubusercontent.com/cRz-Shadows/Pokemon_Trainer_Tournament_Simulator/main/Data/UsefulDatasets/gen_1_pokemon_learnsets.json
130,9,TM/HM,0,1,Supplied Gen-I learnset JSON,https://raw.githubusercontent.com/cRz-Shadows/Pokemon_Trainer_Tournament_Simulator/main/Data/UsefulDatasets/gen_1_pokemon_learnsets.json
130,42,TM/HM,0,1,Supplied Gen-I learnset JSON,https://raw.githubusercontent.com/cRz-Shadows/Pokemon_Trainer_Tournament_Simulator/main/Data/UsefulDatasets/gen_1_pokemon_learnsets.json
130,118,TM/HM,0,1,Supplied Gen-I learnset JSON,https://raw.githubusercontent.com/cRz-Shadows/Pokemon_Trainer_Tournament_Simulator/main/Data/UsefulDatasets/gen_1_pokemon_learnsets.json
130,106,TM/HM,0,1,Supplied Gen-I learnset JSON,https://raw.githubusercontent.com/cRz-Shadows/Pokemon_Trainer_Tournament_Simulator/main/Data/UsefulDatasets/gen_1_pokemon_learnsets.json
130,138,TM/HM,0,1,Supplied Gen-I learnset JSON,https://raw.githubusercontent.com/cRz-Shadows/Pokemon_Trainer_Tournament_Simulator/main/Data/UsefulDatasets/gen_1_pokemon_learnsets.json
131,160,level-up,1,1,Supplied Gen-I learnset JSON,https://raw.githubusercontent.com/cRz-Shadows/Pokemon_Trainer_Tournament_Simulator/main/Data/UsefulDatasets/gen_1_pokemon_learnsets.json
131,53,level-up,1,1,Supplied Gen-I learnset JSON,https://raw.githubusercontent.com/cRz-Shadows/Pokemon_Trainer_Tournament_Simulator/main/Data/UsefulDatasets/gen_1_pokemon_learnsets.json
131,117,level-up,16,1,Supplied Gen-I learnset JSON,https://raw.githubusercontent.com/cRz-Shadows/Pokemon_Trainer_Tournament_Simulator/main/Data/UsefulDatasets/gen_1_pokemon_learnsets.json
131,87,level-up,20,1,Supplied Gen-I learnset JSON,https://raw.githubusercontent.com/cRz-Shadows/Pokemon_Trainer_Tournament_Simulator/main/Data/UsefulDatasets/gen_1_pokemon_learnsets.json
131,13,level-up,25,1,Supplied Gen-I learnset JSON,https://raw.githubusercontent.com/cRz-Shadows/Pokemon_Trainer_Tournament_Simulator/main/Data/UsefulDatasets/gen_1_pokemon_learnsets.json
131,20,level-up,31,1,Supplied Gen-I learnset JSON,https://raw.githubusercontent.com/cRz-Shadows/Pokemon_Trainer_Tournament_Simulator/main/Data/UsefulDatasets/gen_1_pokemon_learnsets.json
131,67,level-up,38,1,Supplied Gen-I learnset JSON,https://raw.githubusercontent.com/cRz-Shadows/Pokemon_Trainer_Tournament_Simulator/main/Data/UsefulDatasets/gen_1_pokemon_learnsets.json
131,63,level-up,46,1,Supplied Gen-I learnset JSON,https://raw.githubusercontent.com/cRz-Shadows/Pokemon_Trainer_Tournament_Simulator/main/Data/UsefulDatasets/gen_1_pokemon_learnsets.json
131,62,TM/HM,0,1,Supplied Gen-I learnset JSON,https://raw.githubusercontent.com/cRz-Shadows/Pokemon_Trainer_Tournament_Simulator/main/Data/UsefulDatasets/gen_1_pokemon_learnsets.json
131,13,TM/HM,0,1,Supplied Gen-I learnset JSON,https://raw.githubusercontent.com/cRz-Shadows/Pokemon_Trainer_Tournament_Simulator/main/Data/UsefulDatasets/gen_1_pokemon_learnsets.json
131,146,TM/HM,0,1,Supplied Gen-I learnset JSON,https://raw.githubusercontent.com/cRz-Shadows/Pokemon_Trainer_Tournament_Simulator/main/Data/UsefulDatasets/gen_1_pokemon_learnsets.json
131,33,TM/HM,0,1,Supplied Gen-I learnset JSON,https://raw.githubusercontent.com/cRz-Shadows/Pokemon_Trainer_Tournament_Simulator/main/Data/UsefulDatasets/gen_1_pokemon_learnsets.json
131,160,TM/HM,0,1,Supplied Gen-I learnset JSON,https://raw.githubusercontent.com/cRz-Shadows/Pokemon_Trainer_Tournament_Simulator/main/Data/UsefulDatasets/gen_1_pokemon_learnsets.json
131,141,TM/HM,0,1,Supplied Gen-I learnset JSON,https://raw.githubusercontent.com/cRz-Shadows/Pokemon_Trainer_Tournament_Simulator/main/Data/UsefulDatasets/gen_1_pokemon_learnsets.json
131,67,TM/HM,0,1,Supplied Gen-I learnset JSON,https://raw.githubusercontent.com/cRz-Shadows/Pokemon_Trainer_Tournament_Simulator/main/Data/UsefulDatasets/gen_1_pokemon_learnsets.json
131,12,TM/HM,0,1,Supplied Gen-I learnset JSON,https://raw.githubusercontent.com/cRz-Shadows/Pokemon_Trainer_Tournament_Simulator/main/Data/UsefulDatasets/gen_1_pokemon_learnsets.json
131,17,TM/HM,0,1,Supplied Gen-I learnset JSON,https://raw.githubusercontent.com/cRz-Shadows/Pokemon_Trainer_Tournament_Simulator/main/Data/UsefulDatasets/gen_1_pokemon_learnsets.json
131,64,TM/HM,0,1,Supplied Gen-I learnset JSON,https://raw.githubusercontent.com/cRz-Shadows/Pokemon_Trainer_Tournament_Simulator/main/Data/UsefulDatasets/gen_1_pokemon_learnsets.json
131,133,TM/HM,0,1,Supplied Gen-I learnset JSON,https://raw.githubusercontent.com/cRz-Shadows/Pokemon_Trainer_Tournament_Simulator/main/Data/UsefulDatasets/gen_1_pokemon_learnsets.json
131,127,TM/HM,0,1,Supplied Gen-I learnset JSON,https://raw.githubusercontent.com/cRz-Shadows/Pokemon_Trainer_Tournament_Simulator/main/Data/UsefulDatasets/gen_1_pokemon_learnsets.json
131,35,TM/HM,0,1,Supplied Gen-I learnset JSON,https://raw.githubusercontent.com/cRz-Shadows/Pokemon_Trainer_Tournament_Simulator/main/Data/UsefulDatasets/gen_1_pokemon_learnsets.json
131,151,TM/HM,0,1,Supplied Gen-I learnset JSON,https://raw.githubusercontent.com/cRz-Shadows/Pokemon_Trainer_Tournament_Simulator/main/Data/UsefulDatasets/gen_1_pokemon_learnsets.json
131,149,TM/HM,0,1,Supplied Gen-I learnset JSON,https://raw.githubusercontent.com/cRz-Shadows/Pokemon_Trainer_Tournament_Simulator/main/Data/UsefulDatasets/gen_1_pokemon_learnsets.json
131,154,TM/HM,0,1,Supplied Gen-I learnset JSON,https://raw.githubusercontent.com/cRz-Shadows/Pokemon_Trainer_Tournament_Simulator/main/Data/UsefulDatasets/gen_1_pokemon_learnsets.json
131,98,TM/HM,0,1,Supplied Gen-I learnset JSON,https://raw.githubusercontent.com/cRz-Shadows/Pokemon_Trainer_Tournament_Simulator/main/Data/UsefulDatasets/gen_1_pokemon_learnsets.json
131,101,TM/HM,0,1,Supplied Gen-I learnset JSON,https://raw.githubusercontent.com/cRz-Shadows/Pokemon_Trainer_Tournament_Simulator/main/Data/UsefulDatasets/gen_1_pokemon_learnsets.json
131,84,TM/HM,0,1,Supplied Gen-I learnset JSON,https://raw.githubusercontent.com/cRz-Shadows/Pokemon_Trainer_Tournament_Simulator/main/Data/UsefulDatasets/gen_1_pokemon_learnsets.json
131,32,TM/HM,0,1,Supplied Gen-I learnset JSON,https://raw.githubusercontent.com/cRz-Shadows/Pokemon_Trainer_Tournament_Simulator/main/Data/UsefulDatasets/gen_1_pokemon_learnsets.json
131,105,TM/HM,0,1,Supplied Gen-I learnset JSON,https://raw.githubusercontent.com/cRz-Shadows/Pokemon_Trainer_Tournament_Simulator/main/Data/UsefulDatasets/gen_1_pokemon_learnsets.json
131,9,TM/HM,0,1,Supplied Gen-I learnset JSON,https://raw.githubusercontent.com/cRz-Shadows/Pokemon_Trainer_Tournament_Simulator/main/Data/UsefulDatasets/gen_1_pokemon_learnsets.json
131,118,TM/HM,0,1,Supplied Gen-I learnset JSON,https://raw.githubusercontent.com/cRz-Shadows/Pokemon_Trainer_Tournament_Simulator/main/Data/UsefulDatasets/gen_1_pokemon_learnsets.json
131,99,TM/HM,0,1,Supplied Gen-I learnset JSON,https://raw.githubusercontent.com/cRz-Shadows/Pokemon_Trainer_Tournament_Simulator/main/Data/UsefulDatasets/gen_1_pokemon_learnsets.json
131,106,TM/HM,0,1,Supplied Gen-I learnset JSON,https://raw.githubusercontent.com/cRz-Shadows/Pokemon_Trainer_Tournament_Simulator/main/Data/UsefulDatasets/gen_1_pokemon_learnsets.json
131,138,TM/HM,0,1,Supplied Gen-I learnset JSON,https://raw.githubusercontent.com/cRz-Shadows/Pokemon_Trainer_Tournament_Simulator/main/Data/UsefulDatasets/gen_1_pokemon_learnsets.json
132,155,level-up,1,1,Supplied Gen-I learnset JSON,https://raw.githubusercontent.com/cRz-Shadows/Pokemon_Trainer_Tournament_Simulator/main/Data/UsefulDatasets/gen_1_pokemon_learnsets.json
133,144,level-up,1,1,Supplied Gen-I learnset JSON,https://raw.githubusercontent.com/cRz-Shadows/Pokemon_Trainer_Tournament_Simulator/main/Data/UsefulDatasets/gen_1_pokemon_learnsets.json
133,111,level-up,1,1,Supplied Gen-I learnset JSON,https://raw.githubusercontent.com/cRz-Shadows/Pokemon_Trainer_Tournament_Simulator/main/Data/UsefulDatasets/gen_1_pokemon_learnsets.json
133,100,level-up,27,1,Supplied Gen-I learnset JSON,https://raw.githubusercontent.com/cRz-Shadows/Pokemon_Trainer_Tournament_Simulator/main/Data/UsefulDatasets/gen_1_pokemon_learnsets.json
133,145,level-up,31,1,Supplied Gen-I learnset JSON,https://raw.githubusercontent.com/cRz-Shadows/Pokemon_Trainer_Tournament_Simulator/main/Data/UsefulDatasets/gen_1_pokemon_learnsets.json
133,11,level-up,37,1,Supplied Gen-I learnset JSON,https://raw.githubusercontent.com/cRz-Shadows/Pokemon_Trainer_Tournament_Simulator/main/Data/UsefulDatasets/gen_1_pokemon_learnsets.json
133,146,level-up,45,1,Supplied Gen-I learnset JSON,https://raw.githubusercontent.com/cRz-Shadows/Pokemon_Trainer_Tournament_Simulator/main/Data/UsefulDatasets/gen_1_pokemon_learnsets.json
133,13,TM/HM,0,1,Supplied Gen-I learnset JSON,https://raw.githubusercontent.com/cRz-Shadows/Pokemon_Trainer_Tournament_Simulator/main/Data/UsefulDatasets/gen_1_pokemon_learnsets.json
133,146,TM/HM,0,1,Supplied Gen-I learnset JSON,https://raw.githubusercontent.com/cRz-Shadows/Pokemon_Trainer_Tournament_Simulator/main/Data/UsefulDatasets/gen_1_pokemon_learnsets.json
133,33,TM/HM,0,1,Supplied Gen-I learnset JSON,https://raw.githubusercontent.com/cRz-Shadows/Pokemon_Trainer_Tournament_Simulator/main/Data/UsefulDatasets/gen_1_pokemon_learnsets.json
133,154,TM/HM,0,1,Supplied Gen-I learnset JSON,https://raw.githubusercontent.com/cRz-Shadows/Pokemon_Trainer_Tournament_Simulator/main/Data/UsefulDatasets/gen_1_pokemon_learnsets.json
133,101,TM/HM,0,1,Supplied Gen-I learnset JSON,https://raw.githubusercontent.com/cRz-Shadows/Pokemon_Trainer_Tournament_Simulator/main/Data/UsefulDatasets/gen_1_pokemon_learnsets.json
133,84,TM/HM,0,1,Supplied Gen-I learnset JSON,https://raw.githubusercontent.com/cRz-Shadows/Pokemon_Trainer_Tournament_Simulator/main/Data/UsefulDatasets/gen_1_pokemon_learnsets.json
133,32,TM/HM,0,1,Supplied Gen-I learnset JSON,https://raw.githubusercontent.com/cRz-Shadows/Pokemon_Trainer_Tournament_Simulator/main/Data/UsefulDatasets/gen_1_pokemon_learnsets.json
133,105,TM/HM,0,1,Supplied Gen-I learnset JSON,https://raw.githubusercontent.com/cRz-Shadows/Pokemon_Trainer_Tournament_Simulator/main/Data/UsefulDatasets/gen_1_pokemon_learnsets.json
133,9,TM/HM,0,1,Supplied Gen-I learnset JSON,https://raw.githubusercontent.com/cRz-Shadows/Pokemon_Trainer_Tournament_Simulator/main/Data/UsefulDatasets/gen_1_pokemon_learnsets.json
133,142,TM/HM,0,1,Supplied Gen-I learnset JSON,https://raw.githubusercontent.com/cRz-Shadows/Pokemon_Trainer_Tournament_Simulator/main/Data/UsefulDatasets/gen_1_pokemon_learnsets.json
133,118,TM/HM,0,1,Supplied Gen-I learnset JSON,https://raw.githubusercontent.com/cRz-Shadows/Pokemon_Trainer_Tournament_Simulator/main/Data/UsefulDatasets/gen_1_pokemon_learnsets.json
133,106,TM/HM,0,1,Supplied Gen-I learnset JSON,https://raw.githubusercontent.com/cRz-Shadows/Pokemon_Trainer_Tournament_Simulator/main/Data/UsefulDatasets/gen_1_pokemon_learnsets.json
133,138,TM/HM,0,1,Supplied Gen-I learnset JSON,https://raw.githubusercontent.com/cRz-Shadows/Pokemon_Trainer_Tournament_Simulator/main/Data/UsefulDatasets/gen_1_pokemon_learnsets.json
134,144,level-up,1,1,Supplied Gen-I learnset JSON,https://raw.githubusercontent.com/cRz-Shadows/Pokemon_Trainer_Tournament_Simulator/main/Data/UsefulDatasets/gen_1_pokemon_learnsets.json
134,160,level-up,1,1,Supplied Gen-I learnset JSON,https://raw.githubusercontent.com/cRz-Shadows/Pokemon_Trainer_Tournament_Simulator/main/Data/UsefulDatasets/gen_1_pokemon_learnsets.json
134,100,level-up,1,1,Supplied Gen-I learnset JSON,https://raw.githubusercontent.com/cRz-Shadows/Pokemon_Trainer_Tournament_Simulator/main/Data/UsefulDatasets/gen_1_pokemon_learnsets.json
134,111,level-up,1,1,Supplied Gen-I learnset JSON,https://raw.githubusercontent.com/cRz-Shadows/Pokemon_Trainer_Tournament_Simulator/main/Data/UsefulDatasets/gen_1_pokemon_learnsets.json
134,100,level-up,27,1,Supplied Gen-I learnset JSON,https://raw.githubusercontent.com/cRz-Shadows/Pokemon_Trainer_Tournament_Simulator/main/Data/UsefulDatasets/gen_1_pokemon_learnsets.json
134,160,level-up,31,1,Supplied Gen-I learnset JSON,https://raw.githubusercontent.com/cRz-Shadows/Pokemon_Trainer_Tournament_Simulator/main/Data/UsefulDatasets/gen_1_pokemon_learnsets.json
134,145,level-up,37,1,Supplied Gen-I learnset JSON,https://raw.githubusercontent.com/cRz-Shadows/Pokemon_Trainer_Tournament_Simulator/main/Data/UsefulDatasets/gen_1_pokemon_learnsets.json
134,11,level-up,40,1,Supplied Gen-I learnset JSON,https://raw.githubusercontent.com/cRz-Shadows/Pokemon_Trainer_Tournament_Simulator/main/Data/UsefulDatasets/gen_1_pokemon_learnsets.json
134,3,level-up,42,1,Supplied Gen-I learnset JSON,https://raw.githubusercontent.com/cRz-Shadows/Pokemon_Trainer_Tournament_Simulator/main/Data/UsefulDatasets/gen_1_pokemon_learnsets.json
134,58,level-up,44,1,Supplied Gen-I learnset JSON,https://raw.githubusercontent.com/cRz-Shadows/Pokemon_Trainer_Tournament_Simulator/main/Data/UsefulDatasets/gen_1_pokemon_learnsets.json
134,87,level-up,48,1,Supplied Gen-I learnset JSON,https://raw.githubusercontent.com/cRz-Shadows/Pokemon_Trainer_Tournament_Simulator/main/Data/UsefulDatasets/gen_1_pokemon_learnsets.json
134,63,level-up,54,1,Supplied Gen-I learnset JSON,https://raw.githubusercontent.com/cRz-Shadows/Pokemon_Trainer_Tournament_Simulator/main/Data/UsefulDatasets/gen_1_pokemon_learnsets.json
134,13,TM/HM,0,1,Supplied Gen-I learnset JSON,https://raw.githubusercontent.com/cRz-Shadows/Pokemon_Trainer_Tournament_Simulator/main/Data/UsefulDatasets/gen_1_pokemon_learnsets.json
134,146,TM/HM,0,1,Supplied Gen-I learnset JSON,https://raw.githubusercontent.com/cRz-Shadows/Pokemon_Trainer_Tournament_Simulator/main/Data/UsefulDatasets/gen_1_pokemon_learnsets.json
134,33,TM/HM,0,1,Supplied Gen-I learnset JSON,https://raw.githubusercontent.com/cRz-Shadows/Pokemon_Trainer_Tournament_Simulator/main/Data/UsefulDatasets/gen_1_pokemon_learnsets.json
134,160,TM/HM,0,1,Supplied Gen-I learnset JSON,https://raw.githubusercontent.com/cRz-Shadows/Pokemon_Trainer_Tournament_Simulator/main/Data/UsefulDatasets/gen_1_pokemon_learnsets.json
134,141,TM/HM,0,1,Supplied Gen-I learnset JSON,https://raw.githubusercontent.com/cRz-Shadows/Pokemon_Trainer_Tournament_Simulator/main/Data/UsefulDatasets/gen_1_pokemon_learnsets.json
134,67,TM/HM,0,1,Supplied Gen-I learnset JSON,https://raw.githubusercontent.com/cRz-Shadows/Pokemon_Trainer_Tournament_Simulator/main/Data/UsefulDatasets/gen_1_pokemon_learnsets.json
134,12,TM/HM,0,1,Supplied Gen-I learnset JSON,https://raw.githubusercontent.com/cRz-Shadows/Pokemon_Trainer_Tournament_Simulator/main/Data/UsefulDatasets/gen_1_pokemon_learnsets.json
134,17,TM/HM,0,1,Supplied Gen-I learnset JSON,https://raw.githubusercontent.com/cRz-Shadows/Pokemon_Trainer_Tournament_Simulator/main/Data/UsefulDatasets/gen_1_pokemon_learnsets.json
134,64,TM/HM,0,1,Supplied Gen-I learnset JSON,https://raw.githubusercontent.com/cRz-Shadows/Pokemon_Trainer_Tournament_Simulator/main/Data/UsefulDatasets/gen_1_pokemon_learnsets.json
134,154,TM/HM,0,1,Supplied Gen-I learnset JSON,https://raw.githubusercontent.com/cRz-Shadows/Pokemon_Trainer_Tournament_Simulator/main/Data/UsefulDatasets/gen_1_pokemon_learnsets.json
134,101,TM/HM,0,1,Supplied Gen-I learnset JSON,https://raw.githubusercontent.com/cRz-Shadows/Pokemon_Trainer_Tournament_Simulator/main/Data/UsefulDatasets/gen_1_pokemon_learnsets.json
134,84,TM/HM,0,1,Supplied Gen-I learnset JSON,https://raw.githubusercontent.com/cRz-Shadows/Pokemon_Trainer_Tournament_Simulator/main/Data/UsefulDatasets/gen_1_pokemon_learnsets.json
134,32,TM/HM,0,1,Supplied Gen-I learnset JSON,https://raw.githubusercontent.com/cRz-Shadows/Pokemon_Trainer_Tournament_Simulator/main/Data/UsefulDatasets/gen_1_pokemon_learnsets.json
134,105,TM/HM,0,1,Supplied Gen-I learnset JSON,https://raw.githubusercontent.com/cRz-Shadows/Pokemon_Trainer_Tournament_Simulator/main/Data/UsefulDatasets/gen_1_pokemon_learnsets.json
134,9,TM/HM,0,1,Supplied Gen-I learnset JSON,https://raw.githubusercontent.com/cRz-Shadows/Pokemon_Trainer_Tournament_Simulator/main/Data/UsefulDatasets/gen_1_pokemon_learnsets.json
134,142,TM/HM,0,1,Supplied Gen-I learnset JSON,https://raw.githubusercontent.com/cRz-Shadows/Pokemon_Trainer_Tournament_Simulator/main/Data/UsefulDatasets/gen_1_pokemon_learnsets.json
134,118,TM/HM,0,1,Supplied Gen-I learnset JSON,https://raw.githubusercontent.com/cRz-Shadows/Pokemon_Trainer_Tournament_Simulator/main/Data/UsefulDatasets/gen_1_pokemon_learnsets.json
134,106,TM/HM,0,1,Supplied Gen-I learnset JSON,https://raw.githubusercontent.com/cRz-Shadows/Pokemon_Trainer_Tournament_Simulator/main/Data/UsefulDatasets/gen_1_pokemon_learnsets.json
134,138,TM/HM,0,1,Supplied Gen-I learnset JSON,https://raw.githubusercontent.com/cRz-Shadows/Pokemon_Trainer_Tournament_Simulator/main/Data/UsefulDatasets/gen_1_pokemon_learnsets.json
135,144,level-up,1,1,Supplied Gen-I learnset JSON,https://raw.githubusercontent.com/cRz-Shadows/Pokemon_Trainer_Tournament_Simulator/main/Data/UsefulDatasets/gen_1_pokemon_learnsets.json
135,153,level-up,1,1,Supplied Gen-I learnset JSON,https://raw.githubusercontent.com/cRz-Shadows/Pokemon_Trainer_Tournament_Simulator/main/Data/UsefulDatasets/gen_1_pokemon_learnsets.json
135,100,level-up,1,1,Supplied Gen-I learnset JSON,https://raw.githubusercontent.com/cRz-Shadows/Pokemon_Trainer_Tournament_Simulator/main/Data/UsefulDatasets/gen_1_pokemon_learnsets.json
135,111,level-up,1,1,Supplied Gen-I learnset JSON,https://raw.githubusercontent.com/cRz-Shadows/Pokemon_Trainer_Tournament_Simulator/main/Data/UsefulDatasets/gen_1_pokemon_learnsets.json
135,100,level-up,27,1,Supplied Gen-I learnset JSON,https://raw.githubusercontent.com/cRz-Shadows/Pokemon_Trainer_Tournament_Simulator/main/Data/UsefulDatasets/gen_1_pokemon_learnsets.json
135,153,level-up,31,1,Supplied Gen-I learnset JSON,https://raw.githubusercontent.com/cRz-Shadows/Pokemon_Trainer_Tournament_Simulator/main/Data/UsefulDatasets/gen_1_pokemon_learnsets.json
135,145,level-up,37,1,Supplied Gen-I learnset JSON,https://raw.githubusercontent.com/cRz-Shadows/Pokemon_Trainer_Tournament_Simulator/main/Data/UsefulDatasets/gen_1_pokemon_learnsets.json
135,150,level-up,40,1,Supplied Gen-I learnset JSON,https://raw.githubusercontent.com/cRz-Shadows/Pokemon_Trainer_Tournament_Simulator/main/Data/UsefulDatasets/gen_1_pokemon_learnsets.json
135,31,level-up,42,1,Supplied Gen-I learnset JSON,https://raw.githubusercontent.com/cRz-Shadows/Pokemon_Trainer_Tournament_Simulator/main/Data/UsefulDatasets/gen_1_pokemon_learnsets.json
135,4,level-up,44,1,Supplied Gen-I learnset JSON,https://raw.githubusercontent.com/cRz-Shadows/Pokemon_Trainer_Tournament_Simulator/main/Data/UsefulDatasets/gen_1_pokemon_learnsets.json
135,92,level-up,48,1,Supplied Gen-I learnset JSON,https://raw.githubusercontent.com/cRz-Shadows/Pokemon_Trainer_Tournament_Simulator/main/Data/UsefulDatasets/gen_1_pokemon_learnsets.json
135,149,level-up,54,1,Supplied Gen-I learnset JSON,https://raw.githubusercontent.com/cRz-Shadows/Pokemon_Trainer_Tournament_Simulator/main/Data/UsefulDatasets/gen_1_pokemon_learnsets.json
135,13,TM/HM,0,1,Supplied Gen-I learnset JSON,https://raw.githubusercontent.com/cRz-Shadows/Pokemon_Trainer_Tournament_Simulator/main/Data/UsefulDatasets/gen_1_pokemon_learnsets.json
135,146,TM/HM,0,1,Supplied Gen-I learnset JSON,https://raw.githubusercontent.com/cRz-Shadows/Pokemon_Trainer_Tournament_Simulator/main/Data/UsefulDatasets/gen_1_pokemon_learnsets.json
135,33,TM/HM,0,1,Supplied Gen-I learnset JSON,https://raw.githubusercontent.com/cRz-Shadows/Pokemon_Trainer_Tournament_Simulator/main/Data/UsefulDatasets/gen_1_pokemon_learnsets.json
135,64,TM/HM,0,1,Supplied Gen-I learnset JSON,https://raw.githubusercontent.com/cRz-Shadows/Pokemon_Trainer_Tournament_Simulator/main/Data/UsefulDatasets/gen_1_pokemon_learnsets.json
135,151,TM/HM,0,1,Supplied Gen-I learnset JSON,https://raw.githubusercontent.com/cRz-Shadows/Pokemon_Trainer_Tournament_Simulator/main/Data/UsefulDatasets/gen_1_pokemon_learnsets.json
135,150,TM/HM,0,1,Supplied Gen-I learnset JSON,https://raw.githubusercontent.com/cRz-Shadows/Pokemon_Trainer_Tournament_Simulator/main/Data/UsefulDatasets/gen_1_pokemon_learnsets.json
135,149,TM/HM,0,1,Supplied Gen-I learnset JSON,https://raw.githubusercontent.com/cRz-Shadows/Pokemon_Trainer_Tournament_Simulator/main/Data/UsefulDatasets/gen_1_pokemon_learnsets.json
135,154,TM/HM,0,1,Supplied Gen-I learnset JSON,https://raw.githubusercontent.com/cRz-Shadows/Pokemon_Trainer_Tournament_Simulator/main/Data/UsefulDatasets/gen_1_pokemon_learnsets.json
135,101,TM/HM,0,1,Supplied Gen-I learnset JSON,https://raw.githubusercontent.com/cRz-Shadows/Pokemon_Trainer_Tournament_Simulator/main/Data/UsefulDatasets/gen_1_pokemon_learnsets.json
135,84,TM/HM,0,1,Supplied Gen-I learnset JSON,https://raw.githubusercontent.com/cRz-Shadows/Pokemon_Trainer_Tournament_Simulator/main/Data/UsefulDatasets/gen_1_pokemon_learnsets.json
135,32,TM/HM,0,1,Supplied Gen-I learnset JSON,https://raw.githubusercontent.com/cRz-Shadows/Pokemon_Trainer_Tournament_Simulator/main/Data/UsefulDatasets/gen_1_pokemon_learnsets.json
135,105,TM/HM,0,1,Supplied Gen-I learnset JSON,https://raw.githubusercontent.com/cRz-Shadows/Pokemon_Trainer_Tournament_Simulator/main/Data/UsefulDatasets/gen_1_pokemon_learnsets.json
135,9,TM/HM,0,1,Supplied Gen-I learnset JSON,https://raw.githubusercontent.com/cRz-Shadows/Pokemon_Trainer_Tournament_Simulator/main/Data/UsefulDatasets/gen_1_pokemon_learnsets.json
135,142,TM/HM,0,1,Supplied Gen-I learnset JSON,https://raw.githubusercontent.com/cRz-Shadows/Pokemon_Trainer_Tournament_Simulator/main/Data/UsefulDatasets/gen_1_pokemon_learnsets.json
135,118,TM/HM,0,1,Supplied Gen-I learnset JSON,https://raw.githubusercontent.com/cRz-Shadows/Pokemon_Trainer_Tournament_Simulator/main/Data/UsefulDatasets/gen_1_pokemon_learnsets.json
135,47,TM/HM,0,1,Supplied Gen-I learnset JSON,https://raw.githubusercontent.com/cRz-Shadows/Pokemon_Trainer_Tournament_Simulator/main/Data/UsefulDatasets/gen_1_pokemon_learnsets.json
135,106,TM/HM,0,1,Supplied Gen-I learnset JSON,https://raw.githubusercontent.com/cRz-Shadows/Pokemon_Trainer_Tournament_Simulator/main/Data/UsefulDatasets/gen_1_pokemon_learnsets.json
135,138,TM/HM,0,1,Supplied Gen-I learnset JSON,https://raw.githubusercontent.com/cRz-Shadows/Pokemon_Trainer_Tournament_Simulator/main/Data/UsefulDatasets/gen_1_pokemon_learnsets.json
136,144,level-up,1,1,Supplied Gen-I learnset JSON,https://raw.githubusercontent.com/cRz-Shadows/Pokemon_Trainer_Tournament_Simulator/main/Data/UsefulDatasets/gen_1_pokemon_learnsets.json
136,40,level-up,1,1,Supplied Gen-I learnset JSON,https://raw.githubusercontent.com/cRz-Shadows/Pokemon_Trainer_Tournament_Simulator/main/Data/UsefulDatasets/gen_1_pokemon_learnsets.json
136,100,level-up,1,1,Supplied Gen-I learnset JSON,https://raw.githubusercontent.com/cRz-Shadows/Pokemon_Trainer_Tournament_Simulator/main/Data/UsefulDatasets/gen_1_pokemon_learnsets.json
136,111,level-up,1,1,Supplied Gen-I learnset JSON,https://raw.githubusercontent.com/cRz-Shadows/Pokemon_Trainer_Tournament_Simulator/main/Data/UsefulDatasets/gen_1_pokemon_learnsets.json
136,100,level-up,27,1,Supplied Gen-I learnset JSON,https://raw.githubusercontent.com/cRz-Shadows/Pokemon_Trainer_Tournament_Simulator/main/Data/UsefulDatasets/gen_1_pokemon_learnsets.json
136,40,level-up,31,1,Supplied Gen-I learnset JSON,https://raw.githubusercontent.com/cRz-Shadows/Pokemon_Trainer_Tournament_Simulator/main/Data/UsefulDatasets/gen_1_pokemon_learnsets.json
136,145,level-up,37,1,Supplied Gen-I learnset JSON,https://raw.githubusercontent.com/cRz-Shadows/Pokemon_Trainer_Tournament_Simulator/main/Data/UsefulDatasets/gen_1_pokemon_learnsets.json
136,11,level-up,40,1,Supplied Gen-I learnset JSON,https://raw.githubusercontent.com/cRz-Shadows/Pokemon_Trainer_Tournament_Simulator/main/Data/UsefulDatasets/gen_1_pokemon_learnsets.json
136,74,level-up,42,1,Supplied Gen-I learnset JSON,https://raw.githubusercontent.com/cRz-Shadows/Pokemon_Trainer_Tournament_Simulator/main/Data/UsefulDatasets/gen_1_pokemon_learnsets.json
136,44,level-up,44,1,Supplied Gen-I learnset JSON,https://raw.githubusercontent.com/cRz-Shadows/Pokemon_Trainer_Tournament_Simulator/main/Data/UsefulDatasets/gen_1_pokemon_learnsets.json
136,101,level-up,48,1,Supplied Gen-I learnset JSON,https://raw.githubusercontent.com/cRz-Shadows/Pokemon_Trainer_Tournament_Simulator/main/Data/UsefulDatasets/gen_1_pokemon_learnsets.json
136,46,level-up,54,1,Supplied Gen-I learnset JSON,https://raw.githubusercontent.com/cRz-Shadows/Pokemon_Trainer_Tournament_Simulator/main/Data/UsefulDatasets/gen_1_pokemon_learnsets.json
136,13,TM/HM,0,1,Supplied Gen-I learnset JSON,https://raw.githubusercontent.com/cRz-Shadows/Pokemon_Trainer_Tournament_Simulator/main/Data/UsefulDatasets/gen_1_pokemon_learnsets.json
136,146,TM/HM,0,1,Supplied Gen-I learnset JSON,https://raw.githubusercontent.com/cRz-Shadows/Pokemon_Trainer_Tournament_Simulator/main/Data/UsefulDatasets/gen_1_pokemon_learnsets.json
136,33,TM/HM,0,1,Supplied Gen-I learnset JSON,https://raw.githubusercontent.com/cRz-Shadows/Pokemon_Trainer_Tournament_Simulator/main/Data/UsefulDatasets/gen_1_pokemon_learnsets.json
136,64,TM/HM,0,1,Supplied Gen-I learnset JSON,https://raw.githubusercontent.com/cRz-Shadows/Pokemon_Trainer_Tournament_Simulator/main/Data/UsefulDatasets/gen_1_pokemon_learnsets.json
136,154,TM/HM,0,1,Supplied Gen-I learnset JSON,https://raw.githubusercontent.com/cRz-Shadows/Pokemon_Trainer_Tournament_Simulator/main/Data/UsefulDatasets/gen_1_pokemon_learnsets.json
136,101,TM/HM,0,1,Supplied Gen-I learnset JSON,https://raw.githubusercontent.com/cRz-Shadows/Pokemon_Trainer_Tournament_Simulator/main/Data/UsefulDatasets/gen_1_pokemon_learnsets.json
136,84,TM/HM,0,1,Supplied Gen-I learnset JSON,https://raw.githubusercontent.com/cRz-Shadows/Pokemon_Trainer_Tournament_Simulator/main/Data/UsefulDatasets/gen_1_pokemon_learnsets.json
136,32,TM/HM,0,1,Supplied Gen-I learnset JSON,https://raw.githubusercontent.com/cRz-Shadows/Pokemon_Trainer_Tournament_Simulator/main/Data/UsefulDatasets/gen_1_pokemon_learnsets.json
136,105,TM/HM,0,1,Supplied Gen-I learnset JSON,https://raw.githubusercontent.com/cRz-Shadows/Pokemon_Trainer_Tournament_Simulator/main/Data/UsefulDatasets/gen_1_pokemon_learnsets.json
136,9,TM/HM,0,1,Supplied Gen-I learnset JSON,https://raw.githubusercontent.com/cRz-Shadows/Pokemon_Trainer_Tournament_Simulator/main/Data/UsefulDatasets/gen_1_pokemon_learnsets.json
136,42,TM/HM,0,1,Supplied Gen-I learnset JSON,https://raw.githubusercontent.com/cRz-Shadows/Pokemon_Trainer_Tournament_Simulator/main/Data/UsefulDatasets/gen_1_pokemon_learnsets.json
136,142,TM/HM,0,1,Supplied Gen-I learnset JSON,https://raw.githubusercontent.com/cRz-Shadows/Pokemon_Trainer_Tournament_Simulator/main/Data/UsefulDatasets/gen_1_pokemon_learnsets.json
136,118,TM/HM,0,1,Supplied Gen-I learnset JSON,https://raw.githubusercontent.com/cRz-Shadows/Pokemon_Trainer_Tournament_Simulator/main/Data/UsefulDatasets/gen_1_pokemon_learnsets.json
136,106,TM/HM,0,1,Supplied Gen-I learnset JSON,https://raw.githubusercontent.com/cRz-Shadows/Pokemon_Trainer_Tournament_Simulator/main/Data/UsefulDatasets/gen_1_pokemon_learnsets.json
136,138,TM/HM,0,1,Supplied Gen-I learnset JSON,https://raw.githubusercontent.com/cRz-Shadows/Pokemon_Trainer_Tournament_Simulator/main/Data/UsefulDatasets/gen_1_pokemon_learnsets.json
137,144,level-up,1,1,Supplied Gen-I learnset JSON,https://raw.githubusercontent.com/cRz-Shadows/Pokemon_Trainer_Tournament_Simulator/main/Data/UsefulDatasets/gen_1_pokemon_learnsets.json
137,116,level-up,1,1,Supplied Gen-I learnset JSON,https://raw.githubusercontent.com/cRz-Shadows/Pokemon_Trainer_Tournament_Simulator/main/Data/UsefulDatasets/gen_1_pokemon_learnsets.json
137,23,level-up,1,1,Supplied Gen-I learnset JSON,https://raw.githubusercontent.com/cRz-Shadows/Pokemon_Trainer_Tournament_Simulator/main/Data/UsefulDatasets/gen_1_pokemon_learnsets.json
137,97,level-up,23,1,Supplied Gen-I learnset JSON,https://raw.githubusercontent.com/cRz-Shadows/Pokemon_Trainer_Tournament_Simulator/main/Data/UsefulDatasets/gen_1_pokemon_learnsets.json
137,104,level-up,28,1,Supplied Gen-I learnset JSON,https://raw.githubusercontent.com/cRz-Shadows/Pokemon_Trainer_Tournament_Simulator/main/Data/UsefulDatasets/gen_1_pokemon_learnsets.json
137,4,level-up,35,1,Supplied Gen-I learnset JSON,https://raw.githubusercontent.com/cRz-Shadows/Pokemon_Trainer_Tournament_Simulator/main/Data/UsefulDatasets/gen_1_pokemon_learnsets.json
137,156,level-up,42,1,Supplied Gen-I learnset JSON,https://raw.githubusercontent.com/cRz-Shadows/Pokemon_Trainer_Tournament_Simulator/main/Data/UsefulDatasets/gen_1_pokemon_learnsets.json
137,146,TM/HM,0,1,Supplied Gen-I learnset JSON,https://raw.githubusercontent.com/cRz-Shadows/Pokemon_Trainer_Tournament_Simulator/main/Data/UsefulDatasets/gen_1_pokemon_learnsets.json
137,33,TM/HM,0,1,Supplied Gen-I learnset JSON,https://raw.githubusercontent.com/cRz-Shadows/Pokemon_Trainer_Tournament_Simulator/main/Data/UsefulDatasets/gen_1_pokemon_learnsets.json
137,67,TM/HM,0,1,Supplied Gen-I learnset JSON,https://raw.githubusercontent.com/cRz-Shadows/Pokemon_Trainer_Tournament_Simulator/main/Data/UsefulDatasets/gen_1_pokemon_learnsets.json
137,12,TM/HM,0,1,Supplied Gen-I learnset JSON,https://raw.githubusercontent.com/cRz-Shadows/Pokemon_Trainer_Tournament_Simulator/main/Data/UsefulDatasets/gen_1_pokemon_learnsets.json
137,64,TM/HM,0,1,Supplied Gen-I learnset JSON,https://raw.githubusercontent.com/cRz-Shadows/Pokemon_Trainer_Tournament_Simulator/main/Data/UsefulDatasets/gen_1_pokemon_learnsets.json
137,151,TM/HM,0,1,Supplied Gen-I learnset JSON,https://raw.githubusercontent.com/cRz-Shadows/Pokemon_Trainer_Tournament_Simulator/main/Data/UsefulDatasets/gen_1_pokemon_learnsets.json
137,150,TM/HM,0,1,Supplied Gen-I learnset JSON,https://raw.githubusercontent.com/cRz-Shadows/Pokemon_Trainer_Tournament_Simulator/main/Data/UsefulDatasets/gen_1_pokemon_learnsets.json
137,149,TM/HM,0,1,Supplied Gen-I learnset JSON,https://raw.githubusercontent.com/cRz-Shadows/Pokemon_Trainer_Tournament_Simulator/main/Data/UsefulDatasets/gen_1_pokemon_learnsets.json
137,154,TM/HM,0,1,Supplied Gen-I learnset JSON,https://raw.githubusercontent.com/cRz-Shadows/Pokemon_Trainer_Tournament_Simulator/main/Data/UsefulDatasets/gen_1_pokemon_learnsets.json
137,98,TM/HM,0,1,Supplied Gen-I learnset JSON,https://raw.githubusercontent.com/cRz-Shadows/Pokemon_Trainer_Tournament_Simulator/main/Data/UsefulDatasets/gen_1_pokemon_learnsets.json
137,101,TM/HM,0,1,Supplied Gen-I learnset JSON,https://raw.githubusercontent.com/cRz-Shadows/Pokemon_Trainer_Tournament_Simulator/main/Data/UsefulDatasets/gen_1_pokemon_learnsets.json
137,147,TM/HM,0,1,Supplied Gen-I learnset JSON,https://raw.githubusercontent.com/cRz-Shadows/Pokemon_Trainer_Tournament_Simulator/main/Data/UsefulDatasets/gen_1_pokemon_learnsets.json
137,84,TM/HM,0,1,Supplied Gen-I learnset JSON,https://raw.githubusercontent.com/cRz-Shadows/Pokemon_Trainer_Tournament_Simulator/main/Data/UsefulDatasets/gen_1_pokemon_learnsets.json
137,32,TM/HM,0,1,Supplied Gen-I learnset JSON,https://raw.githubusercontent.com/cRz-Shadows/Pokemon_Trainer_Tournament_Simulator/main/Data/UsefulDatasets/gen_1_pokemon_learnsets.json
137,105,TM/HM,0,1,Supplied Gen-I learnset JSON,https://raw.githubusercontent.com/cRz-Shadows/Pokemon_Trainer_Tournament_Simulator/main/Data/UsefulDatasets/gen_1_pokemon_learnsets.json
137,9,TM/HM,0,1,Supplied Gen-I learnset JSON,https://raw.githubusercontent.com/cRz-Shadows/Pokemon_Trainer_Tournament_Simulator/main/Data/UsefulDatasets/gen_1_pokemon_learnsets.json
137,142,TM/HM,0,1,Supplied Gen-I learnset JSON,https://raw.githubusercontent.com/cRz-Shadows/Pokemon_Trainer_Tournament_Simulator/main/Data/UsefulDatasets/gen_1_pokemon_learnsets.json
137,118,TM/HM,0,1,Supplied Gen-I learnset JSON,https://raw.githubusercontent.com/cRz-Shadows/Pokemon_Trainer_Tournament_Simulator/main/Data/UsefulDatasets/gen_1_pokemon_learnsets.json
137,47,TM/HM,0,1,Supplied Gen-I learnset JSON,https://raw.githubusercontent.com/cRz-Shadows/Pokemon_Trainer_Tournament_Simulator/main/Data/UsefulDatasets/gen_1_pokemon_learnsets.json
137,99,TM/HM,0,1,Supplied Gen-I learnset JSON,https://raw.githubusercontent.com/cRz-Shadows/Pokemon_Trainer_Tournament_Simulator/main/Data/UsefulDatasets/gen_1_pokemon_learnsets.json
137,106,TM/HM,0,1,Supplied Gen-I learnset JSON,https://raw.githubusercontent.com/cRz-Shadows/Pokemon_Trainer_Tournament_Simulator/main/Data/UsefulDatasets/gen_1_pokemon_learnsets.json
137,156,TM/HM,0,1,Supplied Gen-I learnset JSON,https://raw.githubusercontent.com/cRz-Shadows/Pokemon_Trainer_Tournament_Simulator/main/Data/UsefulDatasets/gen_1_pokemon_learnsets.json
137,138,TM/HM,0,1,Supplied Gen-I learnset JSON,https://raw.githubusercontent.com/cRz-Shadows/Pokemon_Trainer_Tournament_Simulator/main/Data/UsefulDatasets/gen_1_pokemon_learnsets.json
138,160,level-up,1,1,Supplied Gen-I learnset JSON,https://raw.githubusercontent.com/cRz-Shadows/Pokemon_Trainer_Tournament_Simulator/main/Data/UsefulDatasets/gen_1_pokemon_learnsets.json
138,164,level-up,1,1,Supplied Gen-I learnset JSON,https://raw.githubusercontent.com/cRz-Shadows/Pokemon_Trainer_Tournament_Simulator/main/Data/UsefulDatasets/gen_1_pokemon_learnsets.json
138,61,level-up,34,1,Supplied Gen-I learnset JSON,https://raw.githubusercontent.com/cRz-Shadows/Pokemon_Trainer_Tournament_Simulator/main/Data/UsefulDatasets/gen_1_pokemon_learnsets.json
138,74,level-up,39,1,Supplied Gen-I learnset JSON,https://raw.githubusercontent.com/cRz-Shadows/Pokemon_Trainer_Tournament_Simulator/main/Data/UsefulDatasets/gen_1_pokemon_learnsets.json
138,129,level-up,46,1,Supplied Gen-I learnset JSON,https://raw.githubusercontent.com/cRz-Shadows/Pokemon_Trainer_Tournament_Simulator/main/Data/UsefulDatasets/gen_1_pokemon_learnsets.json
138,63,level-up,53,1,Supplied Gen-I learnset JSON,https://raw.githubusercontent.com/cRz-Shadows/Pokemon_Trainer_Tournament_Simulator/main/Data/UsefulDatasets/gen_1_pokemon_learnsets.json
138,13,TM/HM,0,1,Supplied Gen-I learnset JSON,https://raw.githubusercontent.com/cRz-Shadows/Pokemon_Trainer_Tournament_Simulator/main/Data/UsefulDatasets/gen_1_pokemon_learnsets.json
138,146,TM/HM,0,1,Supplied Gen-I learnset JSON,https://raw.githubusercontent.com/cRz-Shadows/Pokemon_Trainer_Tournament_Simulator/main/Data/UsefulDatasets/gen_1_pokemon_learnsets.json
138,33,TM/HM,0,1,Supplied Gen-I learnset JSON,https://raw.githubusercontent.com/cRz-Shadows/Pokemon_Trainer_Tournament_Simulator/main/Data/UsefulDatasets/gen_1_pokemon_learnsets.json
138,160,TM/HM,0,1,Supplied Gen-I learnset JSON,https://raw.githubusercontent.com/cRz-Shadows/Pokemon_Trainer_Tournament_Simulator/main/Data/UsefulDatasets/gen_1_pokemon_learnsets.json
138,141,TM/HM,0,1,Supplied Gen-I learnset JSON,https://raw.githubusercontent.com/cRz-Shadows/Pokemon_Trainer_Tournament_Simulator/main/Data/UsefulDatasets/gen_1_pokemon_learnsets.json
138,67,TM/HM,0,1,Supplied Gen-I learnset JSON,https://raw.githubusercontent.com/cRz-Shadows/Pokemon_Trainer_Tournament_Simulator/main/Data/UsefulDatasets/gen_1_pokemon_learnsets.json
138,12,TM/HM,0,1,Supplied Gen-I learnset JSON,https://raw.githubusercontent.com/cRz-Shadows/Pokemon_Trainer_Tournament_Simulator/main/Data/UsefulDatasets/gen_1_pokemon_learnsets.json
138,17,TM/HM,0,1,Supplied Gen-I learnset JSON,https://raw.githubusercontent.com/cRz-Shadows/Pokemon_Trainer_Tournament_Simulator/main/Data/UsefulDatasets/gen_1_pokemon_learnsets.json
138,154,TM/HM,0,1,Supplied Gen-I learnset JSON,https://raw.githubusercontent.com/cRz-Shadows/Pokemon_Trainer_Tournament_Simulator/main/Data/UsefulDatasets/gen_1_pokemon_learnsets.json
138,101,TM/HM,0,1,Supplied Gen-I learnset JSON,https://raw.githubusercontent.com/cRz-Shadows/Pokemon_Trainer_Tournament_Simulator/main/Data/UsefulDatasets/gen_1_pokemon_learnsets.json
138,84,TM/HM,0,1,Supplied Gen-I learnset JSON,https://raw.githubusercontent.com/cRz-Shadows/Pokemon_Trainer_Tournament_Simulator/main/Data/UsefulDatasets/gen_1_pokemon_learnsets.json
138,32,TM/HM,0,1,Supplied Gen-I learnset JSON,https://raw.githubusercontent.com/cRz-Shadows/Pokemon_Trainer_Tournament_Simulator/main/Data/UsefulDatasets/gen_1_pokemon_learnsets.json
138,105,TM/HM,0,1,Supplied Gen-I learnset JSON,https://raw.githubusercontent.com/cRz-Shadows/Pokemon_Trainer_Tournament_Simulator/main/Data/UsefulDatasets/gen_1_pokemon_learnsets.json
138,9,TM/HM,0,1,Supplied Gen-I learnset JSON,https://raw.githubusercontent.com/cRz-Shadows/Pokemon_Trainer_Tournament_Simulator/main/Data/UsefulDatasets/gen_1_pokemon_learnsets.json
138,106,TM/HM,0,1,Supplied Gen-I learnset JSON,https://raw.githubusercontent.com/cRz-Shadows/Pokemon_Trainer_Tournament_Simulator/main/Data/UsefulDatasets/gen_1_pokemon_learnsets.json
138,138,TM/HM,0,1,Supplied Gen-I learnset JSON,https://raw.githubusercontent.com/cRz-Shadows/Pokemon_Trainer_Tournament_Simulator/main/Data/UsefulDatasets/gen_1_pokemon_learnsets.json
139,160,level-up,1,1,Supplied Gen-I learnset JSON,https://raw.githubusercontent.com/cRz-Shadows/Pokemon_Trainer_Tournament_Simulator/main/Data/UsefulDatasets/gen_1_pokemon_learnsets.json
139,61,level-up,1,1,Supplied Gen-I learnset JSON,https://raw.githubusercontent.com/cRz-Shadows/Pokemon_Trainer_Tournament_Simulator/main/Data/UsefulDatasets/gen_1_pokemon_learnsets.json
139,164,level-up,1,1,Supplied Gen-I learnset JSON,https://raw.githubusercontent.com/cRz-Shadows/Pokemon_Trainer_Tournament_Simulator/main/Data/UsefulDatasets/gen_1_pokemon_learnsets.json
139,61,level-up,34,1,Supplied Gen-I learnset JSON,https://raw.githubusercontent.com/cRz-Shadows/Pokemon_Trainer_Tournament_Simulator/main/Data/UsefulDatasets/gen_1_pokemon_learnsets.json
139,74,level-up,39,1,Supplied Gen-I learnset JSON,https://raw.githubusercontent.com/cRz-Shadows/Pokemon_Trainer_Tournament_Simulator/main/Data/UsefulDatasets/gen_1_pokemon_learnsets.json
139,129,level-up,44,1,Supplied Gen-I learnset JSON,https://raw.githubusercontent.com/cRz-Shadows/Pokemon_Trainer_Tournament_Simulator/main/Data/UsefulDatasets/gen_1_pokemon_learnsets.json
139,63,level-up,49,1,Supplied Gen-I learnset JSON,https://raw.githubusercontent.com/cRz-Shadows/Pokemon_Trainer_Tournament_Simulator/main/Data/UsefulDatasets/gen_1_pokemon_learnsets.json
139,62,TM/HM,0,1,Supplied Gen-I learnset JSON,https://raw.githubusercontent.com/cRz-Shadows/Pokemon_Trainer_Tournament_Simulator/main/Data/UsefulDatasets/gen_1_pokemon_learnsets.json
139,13,TM/HM,0,1,Supplied Gen-I learnset JSON,https://raw.githubusercontent.com/cRz-Shadows/Pokemon_Trainer_Tournament_Simulator/main/Data/UsefulDatasets/gen_1_pokemon_learnsets.json
139,146,TM/HM,0,1,Supplied Gen-I learnset JSON,https://raw.githubusercontent.com/cRz-Shadows/Pokemon_Trainer_Tournament_Simulator/main/Data/UsefulDatasets/gen_1_pokemon_learnsets.json
139,33,TM/HM,0,1,Supplied Gen-I learnset JSON,https://raw.githubusercontent.com/cRz-Shadows/Pokemon_Trainer_Tournament_Simulator/main/Data/UsefulDatasets/gen_1_pokemon_learnsets.json
139,160,TM/HM,0,1,Supplied Gen-I learnset JSON,https://raw.githubusercontent.com/cRz-Shadows/Pokemon_Trainer_Tournament_Simulator/main/Data/UsefulDatasets/gen_1_pokemon_learnsets.json
139,141,TM/HM,0,1,Supplied Gen-I learnset JSON,https://raw.githubusercontent.com/cRz-Shadows/Pokemon_Trainer_Tournament_Simulator/main/Data/UsefulDatasets/gen_1_pokemon_learnsets.json
139,67,TM/HM,0,1,Supplied Gen-I learnset JSON,https://raw.githubusercontent.com/cRz-Shadows/Pokemon_Trainer_Tournament_Simulator/main/Data/UsefulDatasets/gen_1_pokemon_learnsets.json
139,12,TM/HM,0,1,Supplied Gen-I learnset JSON,https://raw.githubusercontent.com/cRz-Shadows/Pokemon_Trainer_Tournament_Simulator/main/Data/UsefulDatasets/gen_1_pokemon_learnsets.json
139,17,TM/HM,0,1,Supplied Gen-I learnset JSON,https://raw.githubusercontent.com/cRz-Shadows/Pokemon_Trainer_Tournament_Simulator/main/Data/UsefulDatasets/gen_1_pokemon_learnsets.json
139,64,TM/HM,0,1,Supplied Gen-I learnset JSON,https://raw.githubusercontent.com/cRz-Shadows/Pokemon_Trainer_Tournament_Simulator/main/Data/UsefulDatasets/gen_1_pokemon_learnsets.json
139,137,TM/HM,0,1,Supplied Gen-I learnset JSON,https://raw.githubusercontent.com/cRz-Shadows/Pokemon_Trainer_Tournament_Simulator/main/Data/UsefulDatasets/gen_1_pokemon_learnsets.json
139,114,TM/HM,0,1,Supplied Gen-I learnset JSON,https://raw.githubusercontent.com/cRz-Shadows/Pokemon_Trainer_Tournament_Simulator/main/Data/UsefulDatasets/gen_1_pokemon_learnsets.json
139,154,TM/HM,0,1,Supplied Gen-I learnset JSON,https://raw.githubusercontent.com/cRz-Shadows/Pokemon_Trainer_Tournament_Simulator/main/Data/UsefulDatasets/gen_1_pokemon_learnsets.json
139,101,TM/HM,0,1,Supplied Gen-I learnset JSON,https://raw.githubusercontent.com/cRz-Shadows/Pokemon_Trainer_Tournament_Simulator/main/Data/UsefulDatasets/gen_1_pokemon_learnsets.json
139,84,TM/HM,0,1,Supplied Gen-I learnset JSON,https://raw.githubusercontent.com/cRz-Shadows/Pokemon_Trainer_Tournament_Simulator/main/Data/UsefulDatasets/gen_1_pokemon_learnsets.json
139,32,TM/HM,0,1,Supplied Gen-I learnset JSON,https://raw.githubusercontent.com/cRz-Shadows/Pokemon_Trainer_Tournament_Simulator/main/Data/UsefulDatasets/gen_1_pokemon_learnsets.json
139,105,TM/HM,0,1,Supplied Gen-I learnset JSON,https://raw.githubusercontent.com/cRz-Shadows/Pokemon_Trainer_Tournament_Simulator/main/Data/UsefulDatasets/gen_1_pokemon_learnsets.json
139,9,TM/HM,0,1,Supplied Gen-I learnset JSON,https://raw.githubusercontent.com/cRz-Shadows/Pokemon_Trainer_Tournament_Simulator/main/Data/UsefulDatasets/gen_1_pokemon_learnsets.json
139,118,TM/HM,0,1,Supplied Gen-I learnset JSON,https://raw.githubusercontent.com/cRz-Shadows/Pokemon_Trainer_Tournament_Simulator/main/Data/UsefulDatasets/gen_1_pokemon_learnsets.json
139,106,TM/HM,0,1,Supplied Gen-I learnset JSON,https://raw.githubusercontent.com/cRz-Shadows/Pokemon_Trainer_Tournament_Simulator/main/Data/UsefulDatasets/gen_1_pokemon_learnsets.json
139,138,TM/HM,0,1,Supplied Gen-I learnset JSON,https://raw.githubusercontent.com/cRz-Shadows/Pokemon_Trainer_Tournament_Simulator/main/Data/UsefulDatasets/gen_1_pokemon_learnsets.json
140,112,level-up,1,1,Supplied Gen-I learnset JSON,https://raw.githubusercontent.com/cRz-Shadows/Pokemon_Trainer_Tournament_Simulator/main/Data/UsefulDatasets/gen_1_pokemon_learnsets.json
140,57,level-up,1,1,Supplied Gen-I learnset JSON,https://raw.githubusercontent.com/cRz-Shadows/Pokemon_Trainer_Tournament_Simulator/main/Data/UsefulDatasets/gen_1_pokemon_learnsets.json
140,1,level-up,34,1,Supplied Gen-I learnset JSON,https://raw.githubusercontent.com/cRz-Shadows/Pokemon_Trainer_Tournament_Simulator/main/Data/UsefulDatasets/gen_1_pokemon_learnsets.json
140,121,level-up,39,1,Supplied Gen-I learnset JSON,https://raw.githubusercontent.com/cRz-Shadows/Pokemon_Trainer_Tournament_Simulator/main/Data/UsefulDatasets/gen_1_pokemon_learnsets.json
140,74,level-up,44,1,Supplied Gen-I learnset JSON,https://raw.githubusercontent.com/cRz-Shadows/Pokemon_Trainer_Tournament_Simulator/main/Data/UsefulDatasets/gen_1_pokemon_learnsets.json
140,63,level-up,49,1,Supplied Gen-I learnset JSON,https://raw.githubusercontent.com/cRz-Shadows/Pokemon_Trainer_Tournament_Simulator/main/Data/UsefulDatasets/gen_1_pokemon_learnsets.json
140,13,TM/HM,0,1,Supplied Gen-I learnset JSON,https://raw.githubusercontent.com/cRz-Shadows/Pokemon_Trainer_Tournament_Simulator/main/Data/UsefulDatasets/gen_1_pokemon_learnsets.json
140,146,TM/HM,0,1,Supplied Gen-I learnset JSON,https://raw.githubusercontent.com/cRz-Shadows/Pokemon_Trainer_Tournament_Simulator/main/Data/UsefulDatasets/gen_1_pokemon_learnsets.json
140,33,TM/HM,0,1,Supplied Gen-I learnset JSON,https://raw.githubusercontent.com/cRz-Shadows/Pokemon_Trainer_Tournament_Simulator/main/Data/UsefulDatasets/gen_1_pokemon_learnsets.json
140,160,TM/HM,0,1,Supplied Gen-I learnset JSON,https://raw.githubusercontent.com/cRz-Shadows/Pokemon_Trainer_Tournament_Simulator/main/Data/UsefulDatasets/gen_1_pokemon_learnsets.json
140,141,TM/HM,0,1,Supplied Gen-I learnset JSON,https://raw.githubusercontent.com/cRz-Shadows/Pokemon_Trainer_Tournament_Simulator/main/Data/UsefulDatasets/gen_1_pokemon_learnsets.json
140,67,TM/HM,0,1,Supplied Gen-I learnset JSON,https://raw.githubusercontent.com/cRz-Shadows/Pokemon_Trainer_Tournament_Simulator/main/Data/UsefulDatasets/gen_1_pokemon_learnsets.json
140,12,TM/HM,0,1,Supplied Gen-I learnset JSON,https://raw.githubusercontent.com/cRz-Shadows/Pokemon_Trainer_Tournament_Simulator/main/Data/UsefulDatasets/gen_1_pokemon_learnsets.json
140,17,TM/HM,0,1,Supplied Gen-I learnset JSON,https://raw.githubusercontent.com/cRz-Shadows/Pokemon_Trainer_Tournament_Simulator/main/Data/UsefulDatasets/gen_1_pokemon_learnsets.json
140,154,TM/HM,0,1,Supplied Gen-I learnset JSON,https://raw.githubusercontent.com/cRz-Shadows/Pokemon_Trainer_Tournament_Simulator/main/Data/UsefulDatasets/gen_1_pokemon_learnsets.json
140,101,TM/HM,0,1,Supplied Gen-I learnset JSON,https://raw.githubusercontent.com/cRz-Shadows/Pokemon_Trainer_Tournament_Simulator/main/Data/UsefulDatasets/gen_1_pokemon_learnsets.json
140,84,TM/HM,0,1,Supplied Gen-I learnset JSON,https://raw.githubusercontent.com/cRz-Shadows/Pokemon_Trainer_Tournament_Simulator/main/Data/UsefulDatasets/gen_1_pokemon_learnsets.json
140,32,TM/HM,0,1,Supplied Gen-I learnset JSON,https://raw.githubusercontent.com/cRz-Shadows/Pokemon_Trainer_Tournament_Simulator/main/Data/UsefulDatasets/gen_1_pokemon_learnsets.json
140,105,TM/HM,0,1,Supplied Gen-I learnset JSON,https://raw.githubusercontent.com/cRz-Shadows/Pokemon_Trainer_Tournament_Simulator/main/Data/UsefulDatasets/gen_1_pokemon_learnsets.json
140,9,TM/HM,0,1,Supplied Gen-I learnset JSON,https://raw.githubusercontent.com/cRz-Shadows/Pokemon_Trainer_Tournament_Simulator/main/Data/UsefulDatasets/gen_1_pokemon_learnsets.json
140,106,TM/HM,0,1,Supplied Gen-I learnset JSON,https://raw.githubusercontent.com/cRz-Shadows/Pokemon_Trainer_Tournament_Simulator/main/Data/UsefulDatasets/gen_1_pokemon_learnsets.json
140,138,TM/HM,0,1,Supplied Gen-I learnset JSON,https://raw.githubusercontent.com/cRz-Shadows/Pokemon_Trainer_Tournament_Simulator/main/Data/UsefulDatasets/gen_1_pokemon_learnsets.json
141,1,level-up,1,1,Supplied Gen-I learnset JSON,https://raw.githubusercontent.com/cRz-Shadows/Pokemon_Trainer_Tournament_Simulator/main/Data/UsefulDatasets/gen_1_pokemon_learnsets.json
141,112,level-up,1,1,Supplied Gen-I learnset JSON,https://raw.githubusercontent.com/cRz-Shadows/Pokemon_Trainer_Tournament_Simulator/main/Data/UsefulDatasets/gen_1_pokemon_learnsets.json
141,57,level-up,1,1,Supplied Gen-I learnset JSON,https://raw.githubusercontent.com/cRz-Shadows/Pokemon_Trainer_Tournament_Simulator/main/Data/UsefulDatasets/gen_1_pokemon_learnsets.json
141,1,level-up,34,1,Supplied Gen-I learnset JSON,https://raw.githubusercontent.com/cRz-Shadows/Pokemon_Trainer_Tournament_Simulator/main/Data/UsefulDatasets/gen_1_pokemon_learnsets.json
141,121,level-up,39,1,Supplied Gen-I learnset JSON,https://raw.githubusercontent.com/cRz-Shadows/Pokemon_Trainer_Tournament_Simulator/main/Data/UsefulDatasets/gen_1_pokemon_learnsets.json
141,74,level-up,46,1,Supplied Gen-I learnset JSON,https://raw.githubusercontent.com/cRz-Shadows/Pokemon_Trainer_Tournament_Simulator/main/Data/UsefulDatasets/gen_1_pokemon_learnsets.json
141,63,level-up,53,1,Supplied Gen-I learnset JSON,https://raw.githubusercontent.com/cRz-Shadows/Pokemon_Trainer_Tournament_Simulator/main/Data/UsefulDatasets/gen_1_pokemon_learnsets.json
141,103,TM/HM,0,1,Supplied Gen-I learnset JSON,https://raw.githubusercontent.com/cRz-Shadows/Pokemon_Trainer_Tournament_Simulator/main/Data/UsefulDatasets/gen_1_pokemon_learnsets.json
141,143,TM/HM,0,1,Supplied Gen-I learnset JSON,https://raw.githubusercontent.com/cRz-Shadows/Pokemon_Trainer_Tournament_Simulator/main/Data/UsefulDatasets/gen_1_pokemon_learnsets.json
141,81,TM/HM,0,1,Supplied Gen-I learnset JSON,https://raw.githubusercontent.com/cRz-Shadows/Pokemon_Trainer_Tournament_Simulator/main/Data/UsefulDatasets/gen_1_pokemon_learnsets.json
141,13,TM/HM,0,1,Supplied Gen-I learnset JSON,https://raw.githubusercontent.com/cRz-Shadows/Pokemon_Trainer_Tournament_Simulator/main/Data/UsefulDatasets/gen_1_pokemon_learnsets.json
141,146,TM/HM,0,1,Supplied Gen-I learnset JSON,https://raw.githubusercontent.com/cRz-Shadows/Pokemon_Trainer_Tournament_Simulator/main/Data/UsefulDatasets/gen_1_pokemon_learnsets.json
141,33,TM/HM,0,1,Supplied Gen-I learnset JSON,https://raw.githubusercontent.com/cRz-Shadows/Pokemon_Trainer_Tournament_Simulator/main/Data/UsefulDatasets/gen_1_pokemon_learnsets.json
141,160,TM/HM,0,1,Supplied Gen-I learnset JSON,https://raw.githubusercontent.com/cRz-Shadows/Pokemon_Trainer_Tournament_Simulator/main/Data/UsefulDatasets/gen_1_pokemon_learnsets.json
141,141,TM/HM,0,1,Supplied Gen-I learnset JSON,https://raw.githubusercontent.com/cRz-Shadows/Pokemon_Trainer_Tournament_Simulator/main/Data/UsefulDatasets/gen_1_pokemon_learnsets.json
141,67,TM/HM,0,1,Supplied Gen-I learnset JSON,https://raw.githubusercontent.com/cRz-Shadows/Pokemon_Trainer_Tournament_Simulator/main/Data/UsefulDatasets/gen_1_pokemon_learnsets.json
141,12,TM/HM,0,1,Supplied Gen-I learnset JSON,https://raw.githubusercontent.com/cRz-Shadows/Pokemon_Trainer_Tournament_Simulator/main/Data/UsefulDatasets/gen_1_pokemon_learnsets.json
141,17,TM/HM,0,1,Supplied Gen-I learnset JSON,https://raw.githubusercontent.com/cRz-Shadows/Pokemon_Trainer_Tournament_Simulator/main/Data/UsefulDatasets/gen_1_pokemon_learnsets.json
141,64,TM/HM,0,1,Supplied Gen-I learnset JSON,https://raw.githubusercontent.com/cRz-Shadows/Pokemon_Trainer_Tournament_Simulator/main/Data/UsefulDatasets/gen_1_pokemon_learnsets.json
141,137,TM/HM,0,1,Supplied Gen-I learnset JSON,https://raw.githubusercontent.com/cRz-Shadows/Pokemon_Trainer_Tournament_Simulator/main/Data/UsefulDatasets/gen_1_pokemon_learnsets.json
141,114,TM/HM,0,1,Supplied Gen-I learnset JSON,https://raw.githubusercontent.com/cRz-Shadows/Pokemon_Trainer_Tournament_Simulator/main/Data/UsefulDatasets/gen_1_pokemon_learnsets.json
141,154,TM/HM,0,1,Supplied Gen-I learnset JSON,https://raw.githubusercontent.com/cRz-Shadows/Pokemon_Trainer_Tournament_Simulator/main/Data/UsefulDatasets/gen_1_pokemon_learnsets.json
141,101,TM/HM,0,1,Supplied Gen-I learnset JSON,https://raw.githubusercontent.com/cRz-Shadows/Pokemon_Trainer_Tournament_Simulator/main/Data/UsefulDatasets/gen_1_pokemon_learnsets.json
141,84,TM/HM,0,1,Supplied Gen-I learnset JSON,https://raw.githubusercontent.com/cRz-Shadows/Pokemon_Trainer_Tournament_Simulator/main/Data/UsefulDatasets/gen_1_pokemon_learnsets.json
141,32,TM/HM,0,1,Supplied Gen-I learnset JSON,https://raw.githubusercontent.com/cRz-Shadows/Pokemon_Trainer_Tournament_Simulator/main/Data/UsefulDatasets/gen_1_pokemon_learnsets.json
141,105,TM/HM,0,1,Supplied Gen-I learnset JSON,https://raw.githubusercontent.com/cRz-Shadows/Pokemon_Trainer_Tournament_Simulator/main/Data/UsefulDatasets/gen_1_pokemon_learnsets.json
141,9,TM/HM,0,1,Supplied Gen-I learnset JSON,https://raw.githubusercontent.com/cRz-Shadows/Pokemon_Trainer_Tournament_Simulator/main/Data/UsefulDatasets/gen_1_pokemon_learnsets.json
141,118,TM/HM,0,1,Supplied Gen-I learnset JSON,https://raw.githubusercontent.com/cRz-Shadows/Pokemon_Trainer_Tournament_Simulator/main/Data/UsefulDatasets/gen_1_pokemon_learnsets.json
141,106,TM/HM,0,1,Supplied Gen-I learnset JSON,https://raw.githubusercontent.com/cRz-Shadows/Pokemon_Trainer_Tournament_Simulator/main/Data/UsefulDatasets/gen_1_pokemon_learnsets.json
141,138,TM/HM,0,1,Supplied Gen-I learnset JSON,https://raw.githubusercontent.com/cRz-Shadows/Pokemon_Trainer_Tournament_Simulator/main/Data/UsefulDatasets/gen_1_pokemon_learnsets.json
142,163,level-up,1,1,Supplied Gen-I learnset JSON,https://raw.githubusercontent.com/cRz-Shadows/Pokemon_Trainer_Tournament_Simulator/main/Data/UsefulDatasets/gen_1_pokemon_learnsets.json
142,4,level-up,1,1,Supplied Gen-I learnset JSON,https://raw.githubusercontent.com/cRz-Shadows/Pokemon_Trainer_Tournament_Simulator/main/Data/UsefulDatasets/gen_1_pokemon_learnsets.json
142,140,level-up,33,1,Supplied Gen-I learnset JSON,https://raw.githubusercontent.com/cRz-Shadows/Pokemon_Trainer_Tournament_Simulator/main/Data/UsefulDatasets/gen_1_pokemon_learnsets.json
142,11,level-up,38,1,Supplied Gen-I learnset JSON,https://raw.githubusercontent.com/cRz-Shadows/Pokemon_Trainer_Tournament_Simulator/main/Data/UsefulDatasets/gen_1_pokemon_learnsets.json
142,146,level-up,45,1,Supplied Gen-I learnset JSON,https://raw.githubusercontent.com/cRz-Shadows/Pokemon_Trainer_Tournament_Simulator/main/Data/UsefulDatasets/gen_1_pokemon_learnsets.json
142,64,level-up,54,1,Supplied Gen-I learnset JSON,https://raw.githubusercontent.com/cRz-Shadows/Pokemon_Trainer_Tournament_Simulator/main/Data/UsefulDatasets/gen_1_pokemon_learnsets.json
142,103,TM/HM,0,1,Supplied Gen-I learnset JSON,https://raw.githubusercontent.com/cRz-Shadows/Pokemon_Trainer_Tournament_Simulator/main/Data/UsefulDatasets/gen_1_pokemon_learnsets.json
142,162,TM/HM,0,1,Supplied Gen-I learnset JSON,https://raw.githubusercontent.com/cRz-Shadows/Pokemon_Trainer_Tournament_Simulator/main/Data/UsefulDatasets/gen_1_pokemon_learnsets.json
142,48,TM/HM,0,1,Supplied Gen-I learnset JSON,https://raw.githubusercontent.com/cRz-Shadows/Pokemon_Trainer_Tournament_Simulator/main/Data/UsefulDatasets/gen_1_pokemon_learnsets.json
142,146,TM/HM,0,1,Supplied Gen-I learnset JSON,https://raw.githubusercontent.com/cRz-Shadows/Pokemon_Trainer_Tournament_Simulator/main/Data/UsefulDatasets/gen_1_pokemon_learnsets.json
142,33,TM/HM,0,1,Supplied Gen-I learnset JSON,https://raw.githubusercontent.com/cRz-Shadows/Pokemon_Trainer_Tournament_Simulator/main/Data/UsefulDatasets/gen_1_pokemon_learnsets.json
142,64,TM/HM,0,1,Supplied Gen-I learnset JSON,https://raw.githubusercontent.com/cRz-Shadows/Pokemon_Trainer_Tournament_Simulator/main/Data/UsefulDatasets/gen_1_pokemon_learnsets.json
142,35,TM/HM,0,1,Supplied Gen-I learnset JSON,https://raw.githubusercontent.com/cRz-Shadows/Pokemon_Trainer_Tournament_Simulator/main/Data/UsefulDatasets/gen_1_pokemon_learnsets.json
142,154,TM/HM,0,1,Supplied Gen-I learnset JSON,https://raw.githubusercontent.com/cRz-Shadows/Pokemon_Trainer_Tournament_Simulator/main/Data/UsefulDatasets/gen_1_pokemon_learnsets.json
142,101,TM/HM,0,1,Supplied Gen-I learnset JSON,https://raw.githubusercontent.com/cRz-Shadows/Pokemon_Trainer_Tournament_Simulator/main/Data/UsefulDatasets/gen_1_pokemon_learnsets.json
142,84,TM/HM,0,1,Supplied Gen-I learnset JSON,https://raw.githubusercontent.com/cRz-Shadows/Pokemon_Trainer_Tournament_Simulator/main/Data/UsefulDatasets/gen_1_pokemon_learnsets.json
142,32,TM/HM,0,1,Supplied Gen-I learnset JSON,https://raw.githubusercontent.com/cRz-Shadows/Pokemon_Trainer_Tournament_Simulator/main/Data/UsefulDatasets/gen_1_pokemon_learnsets.json
142,105,TM/HM,0,1,Supplied Gen-I learnset JSON,https://raw.githubusercontent.com/cRz-Shadows/Pokemon_Trainer_Tournament_Simulator/main/Data/UsefulDatasets/gen_1_pokemon_learnsets.json
142,9,TM/HM,0,1,Supplied Gen-I learnset JSON,https://raw.githubusercontent.com/cRz-Shadows/Pokemon_Trainer_Tournament_Simulator/main/Data/UsefulDatasets/gen_1_pokemon_learnsets.json
142,42,TM/HM,0,1,Supplied Gen-I learnset JSON,https://raw.githubusercontent.com/cRz-Shadows/Pokemon_Trainer_Tournament_Simulator/main/Data/UsefulDatasets/gen_1_pokemon_learnsets.json
142,142,TM/HM,0,1,Supplied Gen-I learnset JSON,https://raw.githubusercontent.com/cRz-Shadows/Pokemon_Trainer_Tournament_Simulator/main/Data/UsefulDatasets/gen_1_pokemon_learnsets.json
142,119,TM/HM,0,1,Supplied Gen-I learnset JSON,https://raw.githubusercontent.com/cRz-Shadows/Pokemon_Trainer_Tournament_Simulator/main/Data/UsefulDatasets/gen_1_pokemon_learnsets.json
142,106,TM/HM,0,1,Supplied Gen-I learnset JSON,https://raw.githubusercontent.com/cRz-Shadows/Pokemon_Trainer_Tournament_Simulator/main/Data/UsefulDatasets/gen_1_pokemon_learnsets.json
142,138,TM/HM,0,1,Supplied Gen-I learnset JSON,https://raw.githubusercontent.com/cRz-Shadows/Pokemon_Trainer_Tournament_Simulator/main/Data/UsefulDatasets/gen_1_pokemon_learnsets.json
143,59,level-up,1,1,Supplied Gen-I learnset JSON,https://raw.githubusercontent.com/cRz-Shadows/Pokemon_Trainer_Tournament_Simulator/main/Data/UsefulDatasets/gen_1_pokemon_learnsets.json
143,5,level-up,1,1,Supplied Gen-I learnset JSON,https://raw.githubusercontent.com/cRz-Shadows/Pokemon_Trainer_Tournament_Simulator/main/Data/UsefulDatasets/gen_1_pokemon_learnsets.json
143,106,level-up,1,1,Supplied Gen-I learnset JSON,https://raw.githubusercontent.com/cRz-Shadows/Pokemon_Trainer_Tournament_Simulator/main/Data/UsefulDatasets/gen_1_pokemon_learnsets.json
143,13,level-up,35,1,Supplied Gen-I learnset JSON,https://raw.githubusercontent.com/cRz-Shadows/Pokemon_Trainer_Tournament_Simulator/main/Data/UsefulDatasets/gen_1_pokemon_learnsets.json
143,57,level-up,41,1,Supplied Gen-I learnset JSON,https://raw.githubusercontent.com/cRz-Shadows/Pokemon_Trainer_Tournament_Simulator/main/Data/UsefulDatasets/gen_1_pokemon_learnsets.json
143,33,level-up,48,1,Supplied Gen-I learnset JSON,https://raw.githubusercontent.com/cRz-Shadows/Pokemon_Trainer_Tournament_Simulator/main/Data/UsefulDatasets/gen_1_pokemon_learnsets.json
143,64,level-up,56,1,Supplied Gen-I learnset JSON,https://raw.githubusercontent.com/cRz-Shadows/Pokemon_Trainer_Tournament_Simulator/main/Data/UsefulDatasets/gen_1_pokemon_learnsets.json
143,82,TM/HM,0,1,Supplied Gen-I learnset JSON,https://raw.githubusercontent.com/cRz-Shadows/Pokemon_Trainer_Tournament_Simulator/main/Data/UsefulDatasets/gen_1_pokemon_learnsets.json
143,89,TM/HM,0,1,Supplied Gen-I learnset JSON,https://raw.githubusercontent.com/cRz-Shadows/Pokemon_Trainer_Tournament_Simulator/main/Data/UsefulDatasets/gen_1_pokemon_learnsets.json
143,81,TM/HM,0,1,Supplied Gen-I learnset JSON,https://raw.githubusercontent.com/cRz-Shadows/Pokemon_Trainer_Tournament_Simulator/main/Data/UsefulDatasets/gen_1_pokemon_learnsets.json
143,13,TM/HM,0,1,Supplied Gen-I learnset JSON,https://raw.githubusercontent.com/cRz-Shadows/Pokemon_Trainer_Tournament_Simulator/main/Data/UsefulDatasets/gen_1_pokemon_learnsets.json
143,146,TM/HM,0,1,Supplied Gen-I learnset JSON,https://raw.githubusercontent.com/cRz-Shadows/Pokemon_Trainer_Tournament_Simulator/main/Data/UsefulDatasets/gen_1_pokemon_learnsets.json
143,33,TM/HM,0,1,Supplied Gen-I learnset JSON,https://raw.githubusercontent.com/cRz-Shadows/Pokemon_Trainer_Tournament_Simulator/main/Data/UsefulDatasets/gen_1_pokemon_learnsets.json
143,160,TM/HM,0,1,Supplied Gen-I learnset JSON,https://raw.githubusercontent.com/cRz-Shadows/Pokemon_Trainer_Tournament_Simulator/main/Data/UsefulDatasets/gen_1_pokemon_learnsets.json
143,141,TM/HM,0,1,Supplied Gen-I learnset JSON,https://raw.githubusercontent.com/cRz-Shadows/Pokemon_Trainer_Tournament_Simulator/main/Data/UsefulDatasets/gen_1_pokemon_learnsets.json
143,67,TM/HM,0,1,Supplied Gen-I learnset JSON,https://raw.githubusercontent.com/cRz-Shadows/Pokemon_Trainer_Tournament_Simulator/main/Data/UsefulDatasets/gen_1_pokemon_learnsets.json
143,12,TM/HM,0,1,Supplied Gen-I learnset JSON,https://raw.githubusercontent.com/cRz-Shadows/Pokemon_Trainer_Tournament_Simulator/main/Data/UsefulDatasets/gen_1_pokemon_learnsets.json
143,17,TM/HM,0,1,Supplied Gen-I learnset JSON,https://raw.githubusercontent.com/cRz-Shadows/Pokemon_Trainer_Tournament_Simulator/main/Data/UsefulDatasets/gen_1_pokemon_learnsets.json
143,64,TM/HM,0,1,Supplied Gen-I learnset JSON,https://raw.githubusercontent.com/cRz-Shadows/Pokemon_Trainer_Tournament_Simulator/main/Data/UsefulDatasets/gen_1_pokemon_learnsets.json
143,137,TM/HM,0,1,Supplied Gen-I learnset JSON,https://raw.githubusercontent.com/cRz-Shadows/Pokemon_Trainer_Tournament_Simulator/main/Data/UsefulDatasets/gen_1_pokemon_learnsets.json
143,24,TM/HM,0,1,Supplied Gen-I learnset JSON,https://raw.githubusercontent.com/cRz-Shadows/Pokemon_Trainer_Tournament_Simulator/main/Data/UsefulDatasets/gen_1_pokemon_learnsets.json
143,114,TM/HM,0,1,Supplied Gen-I learnset JSON,https://raw.githubusercontent.com/cRz-Shadows/Pokemon_Trainer_Tournament_Simulator/main/Data/UsefulDatasets/gen_1_pokemon_learnsets.json
143,133,TM/HM,0,1,Supplied Gen-I learnset JSON,https://raw.githubusercontent.com/cRz-Shadows/Pokemon_Trainer_Tournament_Simulator/main/Data/UsefulDatasets/gen_1_pokemon_learnsets.json
143,127,TM/HM,0,1,Supplied Gen-I learnset JSON,https://raw.githubusercontent.com/cRz-Shadows/Pokemon_Trainer_Tournament_Simulator/main/Data/UsefulDatasets/gen_1_pokemon_learnsets.json
143,151,TM/HM,0,1,Supplied Gen-I learnset JSON,https://raw.githubusercontent.com/cRz-Shadows/Pokemon_Trainer_Tournament_Simulator/main/Data/UsefulDatasets/gen_1_pokemon_learnsets.json
143,149,TM/HM,0,1,Supplied Gen-I learnset JSON,https://raw.githubusercontent.com/cRz-Shadows/Pokemon_Trainer_Tournament_Simulator/main/Data/UsefulDatasets/gen_1_pokemon_learnsets.json
143,38,TM/HM,0,1,Supplied Gen-I learnset JSON,https://raw.githubusercontent.com/cRz-Shadows/Pokemon_Trainer_Tournament_Simulator/main/Data/UsefulDatasets/gen_1_pokemon_learnsets.json
143,45,TM/HM,0,1,Supplied Gen-I learnset JSON,https://raw.githubusercontent.com/cRz-Shadows/Pokemon_Trainer_Tournament_Simulator/main/Data/UsefulDatasets/gen_1_pokemon_learnsets.json
143,154,TM/HM,0,1,Supplied Gen-I learnset JSON,https://raw.githubusercontent.com/cRz-Shadows/Pokemon_Trainer_Tournament_Simulator/main/Data/UsefulDatasets/gen_1_pokemon_learnsets.json
143,98,TM/HM,0,1,Supplied Gen-I learnset JSON,https://raw.githubusercontent.com/cRz-Shadows/Pokemon_Trainer_Tournament_Simulator/main/Data/UsefulDatasets/gen_1_pokemon_learnsets.json
143,101,TM/HM,0,1,Supplied Gen-I learnset JSON,https://raw.githubusercontent.com/cRz-Shadows/Pokemon_Trainer_Tournament_Simulator/main/Data/UsefulDatasets/gen_1_pokemon_learnsets.json
143,84,TM/HM,0,1,Supplied Gen-I learnset JSON,https://raw.githubusercontent.com/cRz-Shadows/Pokemon_Trainer_Tournament_Simulator/main/Data/UsefulDatasets/gen_1_pokemon_learnsets.json
143,32,TM/HM,0,1,Supplied Gen-I learnset JSON,https://raw.githubusercontent.com/cRz-Shadows/Pokemon_Trainer_Tournament_Simulator/main/Data/UsefulDatasets/gen_1_pokemon_learnsets.json
143,105,TM/HM,0,1,Supplied Gen-I learnset JSON,https://raw.githubusercontent.com/cRz-Shadows/Pokemon_Trainer_Tournament_Simulator/main/Data/UsefulDatasets/gen_1_pokemon_learnsets.json
143,9,TM/HM,0,1,Supplied Gen-I learnset JSON,https://raw.githubusercontent.com/cRz-Shadows/Pokemon_Trainer_Tournament_Simulator/main/Data/UsefulDatasets/gen_1_pokemon_learnsets.json
143,83,TM/HM,0,1,Supplied Gen-I learnset JSON,https://raw.githubusercontent.com/cRz-Shadows/Pokemon_Trainer_Tournament_Simulator/main/Data/UsefulDatasets/gen_1_pokemon_learnsets.json
143,115,TM/HM,0,1,Supplied Gen-I learnset JSON,https://raw.githubusercontent.com/cRz-Shadows/Pokemon_Trainer_Tournament_Simulator/main/Data/UsefulDatasets/gen_1_pokemon_learnsets.json
143,42,TM/HM,0,1,Supplied Gen-I learnset JSON,https://raw.githubusercontent.com/cRz-Shadows/Pokemon_Trainer_Tournament_Simulator/main/Data/UsefulDatasets/gen_1_pokemon_learnsets.json
143,118,TM/HM,0,1,Supplied Gen-I learnset JSON,https://raw.githubusercontent.com/cRz-Shadows/Pokemon_Trainer_Tournament_Simulator/main/Data/UsefulDatasets/gen_1_pokemon_learnsets.json
143,99,TM/HM,0,1,Supplied Gen-I learnset JSON,https://raw.githubusercontent.com/cRz-Shadows/Pokemon_Trainer_Tournament_Simulator/main/Data/UsefulDatasets/gen_1_pokemon_learnsets.json
143,106,TM/HM,0,1,Supplied Gen-I learnset JSON,https://raw.githubusercontent.com/cRz-Shadows/Pokemon_Trainer_Tournament_Simulator/main/Data/UsefulDatasets/gen_1_pokemon_learnsets.json
143,108,TM/HM,0,1,Supplied Gen-I learnset JSON,https://raw.githubusercontent.com/cRz-Shadows/Pokemon_Trainer_Tournament_Simulator/main/Data/UsefulDatasets/gen_1_pokemon_learnsets.json
143,138,TM/HM,0,1,Supplied Gen-I learnset JSON,https://raw.githubusercontent.com/cRz-Shadows/Pokemon_Trainer_Tournament_Simulator/main/Data/UsefulDatasets/gen_1_pokemon_learnsets.json
144,90,level-up,1,1,Supplied Gen-I learnset JSON,https://raw.githubusercontent.com/cRz-Shadows/Pokemon_Trainer_Tournament_Simulator/main/Data/UsefulDatasets/gen_1_pokemon_learnsets.json
144,67,level-up,1,1,Supplied Gen-I learnset JSON,https://raw.githubusercontent.com/cRz-Shadows/Pokemon_Trainer_Tournament_Simulator/main/Data/UsefulDatasets/gen_1_pokemon_learnsets.json
144,12,level-up,51,1,Supplied Gen-I learnset JSON,https://raw.githubusercontent.com/cRz-Shadows/Pokemon_Trainer_Tournament_Simulator/main/Data/UsefulDatasets/gen_1_pokemon_learnsets.json
144,4,level-up,55,1,Supplied Gen-I learnset JSON,https://raw.githubusercontent.com/cRz-Shadows/Pokemon_Trainer_Tournament_Simulator/main/Data/UsefulDatasets/gen_1_pokemon_learnsets.json
144,87,level-up,60,1,Supplied Gen-I learnset JSON,https://raw.githubusercontent.com/cRz-Shadows/Pokemon_Trainer_Tournament_Simulator/main/Data/UsefulDatasets/gen_1_pokemon_learnsets.json
144,103,TM/HM,0,1,Supplied Gen-I learnset JSON,https://raw.githubusercontent.com/cRz-Shadows/Pokemon_Trainer_Tournament_Simulator/main/Data/UsefulDatasets/gen_1_pokemon_learnsets.json
144,162,TM/HM,0,1,Supplied Gen-I learnset JSON,https://raw.githubusercontent.com/cRz-Shadows/Pokemon_Trainer_Tournament_Simulator/main/Data/UsefulDatasets/gen_1_pokemon_learnsets.json
144,48,TM/HM,0,1,Supplied Gen-I learnset JSON,https://raw.githubusercontent.com/cRz-Shadows/Pokemon_Trainer_Tournament_Simulator/main/Data/UsefulDatasets/gen_1_pokemon_learnsets.json
144,146,TM/HM,0,1,Supplied Gen-I learnset JSON,https://raw.githubusercontent.com/cRz-Shadows/Pokemon_Trainer_Tournament_Simulator/main/Data/UsefulDatasets/gen_1_pokemon_learnsets.json
144,33,TM/HM,0,1,Supplied Gen-I learnset JSON,https://raw.githubusercontent.com/cRz-Shadows/Pokemon_Trainer_Tournament_Simulator/main/Data/UsefulDatasets/gen_1_pokemon_learnsets.json
144,160,TM/HM,0,1,Supplied Gen-I learnset JSON,https://raw.githubusercontent.com/cRz-Shadows/Pokemon_Trainer_Tournament_Simulator/main/Data/UsefulDatasets/gen_1_pokemon_learnsets.json
144,67,TM/HM,0,1,Supplied Gen-I learnset JSON,https://raw.githubusercontent.com/cRz-Shadows/Pokemon_Trainer_Tournament_Simulator/main/Data/UsefulDatasets/gen_1_pokemon_learnsets.json
144,12,TM/HM,0,1,Supplied Gen-I learnset JSON,https://raw.githubusercontent.com/cRz-Shadows/Pokemon_Trainer_Tournament_Simulator/main/Data/UsefulDatasets/gen_1_pokemon_learnsets.json
144,17,TM/HM,0,1,Supplied Gen-I learnset JSON,https://raw.githubusercontent.com/cRz-Shadows/Pokemon_Trainer_Tournament_Simulator/main/Data/UsefulDatasets/gen_1_pokemon_learnsets.json
144,64,TM/HM,0,1,Supplied Gen-I learnset JSON,https://raw.githubusercontent.com/cRz-Shadows/Pokemon_Trainer_Tournament_Simulator/main/Data/UsefulDatasets/gen_1_pokemon_learnsets.json
144,154,TM/HM,0,1,Supplied Gen-I learnset JSON,https://raw.githubusercontent.com/cRz-Shadows/Pokemon_Trainer_Tournament_Simulator/main/Data/UsefulDatasets/gen_1_pokemon_learnsets.json
144,101,TM/HM,0,1,Supplied Gen-I learnset JSON,https://raw.githubusercontent.com/cRz-Shadows/Pokemon_Trainer_Tournament_Simulator/main/Data/UsefulDatasets/gen_1_pokemon_learnsets.json
144,84,TM/HM,0,1,Supplied Gen-I learnset JSON,https://raw.githubusercontent.com/cRz-Shadows/Pokemon_Trainer_Tournament_Simulator/main/Data/UsefulDatasets/gen_1_pokemon_learnsets.json
144,32,TM/HM,0,1,Supplied Gen-I learnset JSON,https://raw.githubusercontent.com/cRz-Shadows/Pokemon_Trainer_Tournament_Simulator/main/Data/UsefulDatasets/gen_1_pokemon_learnsets.json
144,105,TM/HM,0,1,Supplied Gen-I learnset JSON,https://raw.githubusercontent.com/cRz-Shadows/Pokemon_Trainer_Tournament_Simulator/main/Data/UsefulDatasets/gen_1_pokemon_learnsets.json
144,9,TM/HM,0,1,Supplied Gen-I learnset JSON,https://raw.githubusercontent.com/cRz-Shadows/Pokemon_Trainer_Tournament_Simulator/main/Data/UsefulDatasets/gen_1_pokemon_learnsets.json
144,142,TM/HM,0,1,Supplied Gen-I learnset JSON,https://raw.githubusercontent.com/cRz-Shadows/Pokemon_Trainer_Tournament_Simulator/main/Data/UsefulDatasets/gen_1_pokemon_learnsets.json
144,119,TM/HM,0,1,Supplied Gen-I learnset JSON,https://raw.githubusercontent.com/cRz-Shadows/Pokemon_Trainer_Tournament_Simulator/main/Data/UsefulDatasets/gen_1_pokemon_learnsets.json
144,106,TM/HM,0,1,Supplied Gen-I learnset JSON,https://raw.githubusercontent.com/cRz-Shadows/Pokemon_Trainer_Tournament_Simulator/main/Data/UsefulDatasets/gen_1_pokemon_learnsets.json
144,138,TM/HM,0,1,Supplied Gen-I learnset JSON,https://raw.githubusercontent.com/cRz-Shadows/Pokemon_Trainer_Tournament_Simulator/main/Data/UsefulDatasets/gen_1_pokemon_learnsets.json
145,153,level-up,1,1,Supplied Gen-I learnset JSON,https://raw.githubusercontent.com/cRz-Shadows/Pokemon_Trainer_Tournament_Simulator/main/Data/UsefulDatasets/gen_1_pokemon_learnsets.json
145,37,level-up,1,1,Supplied Gen-I learnset JSON,https://raw.githubusercontent.com/cRz-Shadows/Pokemon_Trainer_Tournament_Simulator/main/Data/UsefulDatasets/gen_1_pokemon_learnsets.json
145,149,level-up,51,1,Supplied Gen-I learnset JSON,https://raw.githubusercontent.com/cRz-Shadows/Pokemon_Trainer_Tournament_Simulator/main/Data/UsefulDatasets/gen_1_pokemon_learnsets.json
145,4,level-up,55,1,Supplied Gen-I learnset JSON,https://raw.githubusercontent.com/cRz-Shadows/Pokemon_Trainer_Tournament_Simulator/main/Data/UsefulDatasets/gen_1_pokemon_learnsets.json
145,76,level-up,60,1,Supplied Gen-I learnset JSON,https://raw.githubusercontent.com/cRz-Shadows/Pokemon_Trainer_Tournament_Simulator/main/Data/UsefulDatasets/gen_1_pokemon_learnsets.json
145,103,TM/HM,0,1,Supplied Gen-I learnset JSON,https://raw.githubusercontent.com/cRz-Shadows/Pokemon_Trainer_Tournament_Simulator/main/Data/UsefulDatasets/gen_1_pokemon_learnsets.json
145,162,TM/HM,0,1,Supplied Gen-I learnset JSON,https://raw.githubusercontent.com/cRz-Shadows/Pokemon_Trainer_Tournament_Simulator/main/Data/UsefulDatasets/gen_1_pokemon_learnsets.json
145,48,TM/HM,0,1,Supplied Gen-I learnset JSON,https://raw.githubusercontent.com/cRz-Shadows/Pokemon_Trainer_Tournament_Simulator/main/Data/UsefulDatasets/gen_1_pokemon_learnsets.json
145,146,TM/HM,0,1,Supplied Gen-I learnset JSON,https://raw.githubusercontent.com/cRz-Shadows/Pokemon_Trainer_Tournament_Simulator/main/Data/UsefulDatasets/gen_1_pokemon_learnsets.json
145,33,TM/HM,0,1,Supplied Gen-I learnset JSON,https://raw.githubusercontent.com/cRz-Shadows/Pokemon_Trainer_Tournament_Simulator/main/Data/UsefulDatasets/gen_1_pokemon_learnsets.json
145,64,TM/HM,0,1,Supplied Gen-I learnset JSON,https://raw.githubusercontent.com/cRz-Shadows/Pokemon_Trainer_Tournament_Simulator/main/Data/UsefulDatasets/gen_1_pokemon_learnsets.json
145,151,TM/HM,0,1,Supplied Gen-I learnset JSON,https://raw.githubusercontent.com/cRz-Shadows/Pokemon_Trainer_Tournament_Simulator/main/Data/UsefulDatasets/gen_1_pokemon_learnsets.json
145,150,TM/HM,0,1,Supplied Gen-I learnset JSON,https://raw.githubusercontent.com/cRz-Shadows/Pokemon_Trainer_Tournament_Simulator/main/Data/UsefulDatasets/gen_1_pokemon_learnsets.json
145,149,TM/HM,0,1,Supplied Gen-I learnset JSON,https://raw.githubusercontent.com/cRz-Shadows/Pokemon_Trainer_Tournament_Simulator/main/Data/UsefulDatasets/gen_1_pokemon_learnsets.json
145,154,TM/HM,0,1,Supplied Gen-I learnset JSON,https://raw.githubusercontent.com/cRz-Shadows/Pokemon_Trainer_Tournament_Simulator/main/Data/UsefulDatasets/gen_1_pokemon_learnsets.json
145,101,TM/HM,0,1,Supplied Gen-I learnset JSON,https://raw.githubusercontent.com/cRz-Shadows/Pokemon_Trainer_Tournament_Simulator/main/Data/UsefulDatasets/gen_1_pokemon_learnsets.json
145,84,TM/HM,0,1,Supplied Gen-I learnset JSON,https://raw.githubusercontent.com/cRz-Shadows/Pokemon_Trainer_Tournament_Simulator/main/Data/UsefulDatasets/gen_1_pokemon_learnsets.json
145,32,TM/HM,0,1,Supplied Gen-I learnset JSON,https://raw.githubusercontent.com/cRz-Shadows/Pokemon_Trainer_Tournament_Simulator/main/Data/UsefulDatasets/gen_1_pokemon_learnsets.json
145,105,TM/HM,0,1,Supplied Gen-I learnset JSON,https://raw.githubusercontent.com/cRz-Shadows/Pokemon_Trainer_Tournament_Simulator/main/Data/UsefulDatasets/gen_1_pokemon_learnsets.json
145,9,TM/HM,0,1,Supplied Gen-I learnset JSON,https://raw.githubusercontent.com/cRz-Shadows/Pokemon_Trainer_Tournament_Simulator/main/Data/UsefulDatasets/gen_1_pokemon_learnsets.json
145,142,TM/HM,0,1,Supplied Gen-I learnset JSON,https://raw.githubusercontent.com/cRz-Shadows/Pokemon_Trainer_Tournament_Simulator/main/Data/UsefulDatasets/gen_1_pokemon_learnsets.json
145,119,TM/HM,0,1,Supplied Gen-I learnset JSON,https://raw.githubusercontent.com/cRz-Shadows/Pokemon_Trainer_Tournament_Simulator/main/Data/UsefulDatasets/gen_1_pokemon_learnsets.json
145,47,TM/HM,0,1,Supplied Gen-I learnset JSON,https://raw.githubusercontent.com/cRz-Shadows/Pokemon_Trainer_Tournament_Simulator/main/Data/UsefulDatasets/gen_1_pokemon_learnsets.json
145,106,TM/HM,0,1,Supplied Gen-I learnset JSON,https://raw.githubusercontent.com/cRz-Shadows/Pokemon_Trainer_Tournament_Simulator/main/Data/UsefulDatasets/gen_1_pokemon_learnsets.json
145,138,TM/HM,0,1,Supplied Gen-I learnset JSON,https://raw.githubusercontent.com/cRz-Shadows/Pokemon_Trainer_Tournament_Simulator/main/Data/UsefulDatasets/gen_1_pokemon_learnsets.json
146,44,level-up,1,1,Supplied Gen-I learnset JSON,https://raw.githubusercontent.com/cRz-Shadows/Pokemon_Trainer_Tournament_Simulator/main/Data/UsefulDatasets/gen_1_pokemon_learnsets.json
146,90,level-up,1,1,Supplied Gen-I learnset JSON,https://raw.githubusercontent.com/cRz-Shadows/Pokemon_Trainer_Tournament_Simulator/main/Data/UsefulDatasets/gen_1_pokemon_learnsets.json
146,74,level-up,51,1,Supplied Gen-I learnset JSON,https://raw.githubusercontent.com/cRz-Shadows/Pokemon_Trainer_Tournament_Simulator/main/Data/UsefulDatasets/gen_1_pokemon_learnsets.json
146,4,level-up,55,1,Supplied Gen-I learnset JSON,https://raw.githubusercontent.com/cRz-Shadows/Pokemon_Trainer_Tournament_Simulator/main/Data/UsefulDatasets/gen_1_pokemon_learnsets.json
146,119,level-up,60,1,Supplied Gen-I learnset JSON,https://raw.githubusercontent.com/cRz-Shadows/Pokemon_Trainer_Tournament_Simulator/main/Data/UsefulDatasets/gen_1_pokemon_learnsets.json
146,103,TM/HM,0,1,Supplied Gen-I learnset JSON,https://raw.githubusercontent.com/cRz-Shadows/Pokemon_Trainer_Tournament_Simulator/main/Data/UsefulDatasets/gen_1_pokemon_learnsets.json
146,162,TM/HM,0,1,Supplied Gen-I learnset JSON,https://raw.githubusercontent.com/cRz-Shadows/Pokemon_Trainer_Tournament_Simulator/main/Data/UsefulDatasets/gen_1_pokemon_learnsets.json
146,48,TM/HM,0,1,Supplied Gen-I learnset JSON,https://raw.githubusercontent.com/cRz-Shadows/Pokemon_Trainer_Tournament_Simulator/main/Data/UsefulDatasets/gen_1_pokemon_learnsets.json
146,146,TM/HM,0,1,Supplied Gen-I learnset JSON,https://raw.githubusercontent.com/cRz-Shadows/Pokemon_Trainer_Tournament_Simulator/main/Data/UsefulDatasets/gen_1_pokemon_learnsets.json
146,33,TM/HM,0,1,Supplied Gen-I learnset JSON,https://raw.githubusercontent.com/cRz-Shadows/Pokemon_Trainer_Tournament_Simulator/main/Data/UsefulDatasets/gen_1_pokemon_learnsets.json
146,64,TM/HM,0,1,Supplied Gen-I learnset JSON,https://raw.githubusercontent.com/cRz-Shadows/Pokemon_Trainer_Tournament_Simulator/main/Data/UsefulDatasets/gen_1_pokemon_learnsets.json
146,154,TM/HM,0,1,Supplied Gen-I learnset JSON,https://raw.githubusercontent.com/cRz-Shadows/Pokemon_Trainer_Tournament_Simulator/main/Data/UsefulDatasets/gen_1_pokemon_learnsets.json
146,101,TM/HM,0,1,Supplied Gen-I learnset JSON,https://raw.githubusercontent.com/cRz-Shadows/Pokemon_Trainer_Tournament_Simulator/main/Data/UsefulDatasets/gen_1_pokemon_learnsets.json
146,84,TM/HM,0,1,Supplied Gen-I learnset JSON,https://raw.githubusercontent.com/cRz-Shadows/Pokemon_Trainer_Tournament_Simulator/main/Data/UsefulDatasets/gen_1_pokemon_learnsets.json
146,32,TM/HM,0,1,Supplied Gen-I learnset JSON,https://raw.githubusercontent.com/cRz-Shadows/Pokemon_Trainer_Tournament_Simulator/main/Data/UsefulDatasets/gen_1_pokemon_learnsets.json
146,105,TM/HM,0,1,Supplied Gen-I learnset JSON,https://raw.githubusercontent.com/cRz-Shadows/Pokemon_Trainer_Tournament_Simulator/main/Data/UsefulDatasets/gen_1_pokemon_learnsets.json
146,9,TM/HM,0,1,Supplied Gen-I learnset JSON,https://raw.githubusercontent.com/cRz-Shadows/Pokemon_Trainer_Tournament_Simulator/main/Data/UsefulDatasets/gen_1_pokemon_learnsets.json
146,42,TM/HM,0,1,Supplied Gen-I learnset JSON,https://raw.githubusercontent.com/cRz-Shadows/Pokemon_Trainer_Tournament_Simulator/main/Data/UsefulDatasets/gen_1_pokemon_learnsets.json
146,142,TM/HM,0,1,Supplied Gen-I learnset JSON,https://raw.githubusercontent.com/cRz-Shadows/Pokemon_Trainer_Tournament_Simulator/main/Data/UsefulDatasets/gen_1_pokemon_learnsets.json
146,119,TM/HM,0,1,Supplied Gen-I learnset JSON,https://raw.githubusercontent.com/cRz-Shadows/Pokemon_Trainer_Tournament_Simulator/main/Data/UsefulDatasets/gen_1_pokemon_learnsets.json
146,106,TM/HM,0,1,Supplied Gen-I learnset JSON,https://raw.githubusercontent.com/cRz-Shadows/Pokemon_Trainer_Tournament_Simulator/main/Data/UsefulDatasets/gen_1_pokemon_learnsets.json
146,138,TM/HM,0,1,Supplied Gen-I learnset JSON,https://raw.githubusercontent.com/cRz-Shadows/Pokemon_Trainer_Tournament_Simulator/main/Data/UsefulDatasets/gen_1_pokemon_learnsets.json
147,165,level-up,1,1,Supplied Gen-I learnset JSON,https://raw.githubusercontent.com/cRz-Shadows/Pokemon_Trainer_Tournament_Simulator/main/Data/UsefulDatasets/gen_1_pokemon_learnsets.json
147,74,level-up,1,1,Supplied Gen-I learnset JSON,https://raw.githubusercontent.com/cRz-Shadows/Pokemon_Trainer_Tournament_Simulator/main/Data/UsefulDatasets/gen_1_pokemon_learnsets.json
147,150,level-up,10,1,Supplied Gen-I learnset JSON,https://raw.githubusercontent.com/cRz-Shadows/Pokemon_Trainer_Tournament_Simulator/main/Data/UsefulDatasets/gen_1_pokemon_learnsets.json
147,4,level-up,20,1,Supplied Gen-I learnset JSON,https://raw.githubusercontent.com/cRz-Shadows/Pokemon_Trainer_Tournament_Simulator/main/Data/UsefulDatasets/gen_1_pokemon_learnsets.json
147,120,level-up,30,1,Supplied Gen-I learnset JSON,https://raw.githubusercontent.com/cRz-Shadows/Pokemon_Trainer_Tournament_Simulator/main/Data/UsefulDatasets/gen_1_pokemon_learnsets.json
147,35,level-up,40,1,Supplied Gen-I learnset JSON,https://raw.githubusercontent.com/cRz-Shadows/Pokemon_Trainer_Tournament_Simulator/main/Data/UsefulDatasets/gen_1_pokemon_learnsets.json
147,64,level-up,50,1,Supplied Gen-I learnset JSON,https://raw.githubusercontent.com/cRz-Shadows/Pokemon_Trainer_Tournament_Simulator/main/Data/UsefulDatasets/gen_1_pokemon_learnsets.json
147,13,TM/HM,0,1,Supplied Gen-I learnset JSON,https://raw.githubusercontent.com/cRz-Shadows/Pokemon_Trainer_Tournament_Simulator/main/Data/UsefulDatasets/gen_1_pokemon_learnsets.json
147,146,TM/HM,0,1,Supplied Gen-I learnset JSON,https://raw.githubusercontent.com/cRz-Shadows/Pokemon_Trainer_Tournament_Simulator/main/Data/UsefulDatasets/gen_1_pokemon_learnsets.json
147,33,TM/HM,0,1,Supplied Gen-I learnset JSON,https://raw.githubusercontent.com/cRz-Shadows/Pokemon_Trainer_Tournament_Simulator/main/Data/UsefulDatasets/gen_1_pokemon_learnsets.json
147,160,TM/HM,0,1,Supplied Gen-I learnset JSON,https://raw.githubusercontent.com/cRz-Shadows/Pokemon_Trainer_Tournament_Simulator/main/Data/UsefulDatasets/gen_1_pokemon_learnsets.json
147,141,TM/HM,0,1,Supplied Gen-I learnset JSON,https://raw.githubusercontent.com/cRz-Shadows/Pokemon_Trainer_Tournament_Simulator/main/Data/UsefulDatasets/gen_1_pokemon_learnsets.json
147,67,TM/HM,0,1,Supplied Gen-I learnset JSON,https://raw.githubusercontent.com/cRz-Shadows/Pokemon_Trainer_Tournament_Simulator/main/Data/UsefulDatasets/gen_1_pokemon_learnsets.json
147,12,TM/HM,0,1,Supplied Gen-I learnset JSON,https://raw.githubusercontent.com/cRz-Shadows/Pokemon_Trainer_Tournament_Simulator/main/Data/UsefulDatasets/gen_1_pokemon_learnsets.json
147,17,TM/HM,0,1,Supplied Gen-I learnset JSON,https://raw.githubusercontent.com/cRz-Shadows/Pokemon_Trainer_Tournament_Simulator/main/Data/UsefulDatasets/gen_1_pokemon_learnsets.json
147,35,TM/HM,0,1,Supplied Gen-I learnset JSON,https://raw.githubusercontent.com/cRz-Shadows/Pokemon_Trainer_Tournament_Simulator/main/Data/UsefulDatasets/gen_1_pokemon_learnsets.json
147,151,TM/HM,0,1,Supplied Gen-I learnset JSON,https://raw.githubusercontent.com/cRz-Shadows/Pokemon_Trainer_Tournament_Simulator/main/Data/UsefulDatasets/gen_1_pokemon_learnsets.json
147,150,TM/HM,0,1,Supplied Gen-I learnset JSON,https://raw.githubusercontent.com/cRz-Shadows/Pokemon_Trainer_Tournament_Simulator/main/Data/UsefulDatasets/gen_1_pokemon_learnsets.json
147,149,TM/HM,0,1,Supplied Gen-I learnset JSON,https://raw.githubusercontent.com/cRz-Shadows/Pokemon_Trainer_Tournament_Simulator/main/Data/UsefulDatasets/gen_1_pokemon_learnsets.json
147,154,TM/HM,0,1,Supplied Gen-I learnset JSON,https://raw.githubusercontent.com/cRz-Shadows/Pokemon_Trainer_Tournament_Simulator/main/Data/UsefulDatasets/gen_1_pokemon_learnsets.json
147,101,TM/HM,0,1,Supplied Gen-I learnset JSON,https://raw.githubusercontent.com/cRz-Shadows/Pokemon_Trainer_Tournament_Simulator/main/Data/UsefulDatasets/gen_1_pokemon_learnsets.json
147,84,TM/HM,0,1,Supplied Gen-I learnset JSON,https://raw.githubusercontent.com/cRz-Shadows/Pokemon_Trainer_Tournament_Simulator/main/Data/UsefulDatasets/gen_1_pokemon_learnsets.json
147,32,TM/HM,0,1,Supplied Gen-I learnset JSON,https://raw.githubusercontent.com/cRz-Shadows/Pokemon_Trainer_Tournament_Simulator/main/Data/UsefulDatasets/gen_1_pokemon_learnsets.json
147,105,TM/HM,0,1,Supplied Gen-I learnset JSON,https://raw.githubusercontent.com/cRz-Shadows/Pokemon_Trainer_Tournament_Simulator/main/Data/UsefulDatasets/gen_1_pokemon_learnsets.json
147,9,TM/HM,0,1,Supplied Gen-I learnset JSON,https://raw.githubusercontent.com/cRz-Shadows/Pokemon_Trainer_Tournament_Simulator/main/Data/UsefulDatasets/gen_1_pokemon_learnsets.json
147,42,TM/HM,0,1,Supplied Gen-I learnset JSON,https://raw.githubusercontent.com/cRz-Shadows/Pokemon_Trainer_Tournament_Simulator/main/Data/UsefulDatasets/gen_1_pokemon_learnsets.json
147,142,TM/HM,0,1,Supplied Gen-I learnset JSON,https://raw.githubusercontent.com/cRz-Shadows/Pokemon_Trainer_Tournament_Simulator/main/Data/UsefulDatasets/gen_1_pokemon_learnsets.json
147,118,TM/HM,0,1,Supplied Gen-I learnset JSON,https://raw.githubusercontent.com/cRz-Shadows/Pokemon_Trainer_Tournament_Simulator/main/Data/UsefulDatasets/gen_1_pokemon_learnsets.json
147,106,TM/HM,0,1,Supplied Gen-I learnset JSON,https://raw.githubusercontent.com/cRz-Shadows/Pokemon_Trainer_Tournament_Simulator/main/Data/UsefulDatasets/gen_1_pokemon_learnsets.json
147,138,TM/HM,0,1,Supplied Gen-I learnset JSON,https://raw.githubusercontent.com/cRz-Shadows/Pokemon_Trainer_Tournament_Simulator/main/Data/UsefulDatasets/gen_1_pokemon_learnsets.json
148,165,level-up,1,1,Supplied Gen-I learnset JSON,https://raw.githubusercontent.com/cRz-Shadows/Pokemon_Trainer_Tournament_Simulator/main/Data/UsefulDatasets/gen_1_pokemon_learnsets.json
148,74,level-up,1,1,Supplied Gen-I learnset JSON,https://raw.githubusercontent.com/cRz-Shadows/Pokemon_Trainer_Tournament_Simulator/main/Data/UsefulDatasets/gen_1_pokemon_learnsets.json
148,150,level-up,1,1,Supplied Gen-I learnset JSON,https://raw.githubusercontent.com/cRz-Shadows/Pokemon_Trainer_Tournament_Simulator/main/Data/UsefulDatasets/gen_1_pokemon_learnsets.json
148,150,level-up,10,1,Supplied Gen-I learnset JSON,https://raw.githubusercontent.com/cRz-Shadows/Pokemon_Trainer_Tournament_Simulator/main/Data/UsefulDatasets/gen_1_pokemon_learnsets.json
148,4,level-up,20,1,Supplied Gen-I learnset JSON,https://raw.githubusercontent.com/cRz-Shadows/Pokemon_Trainer_Tournament_Simulator/main/Data/UsefulDatasets/gen_1_pokemon_learnsets.json
148,120,level-up,35,1,Supplied Gen-I learnset JSON,https://raw.githubusercontent.com/cRz-Shadows/Pokemon_Trainer_Tournament_Simulator/main/Data/UsefulDatasets/gen_1_pokemon_learnsets.json
148,35,level-up,45,1,Supplied Gen-I learnset JSON,https://raw.githubusercontent.com/cRz-Shadows/Pokemon_Trainer_Tournament_Simulator/main/Data/UsefulDatasets/gen_1_pokemon_learnsets.json
148,64,level-up,55,1,Supplied Gen-I learnset JSON,https://raw.githubusercontent.com/cRz-Shadows/Pokemon_Trainer_Tournament_Simulator/main/Data/UsefulDatasets/gen_1_pokemon_learnsets.json
148,62,TM/HM,0,1,Supplied Gen-I learnset JSON,https://raw.githubusercontent.com/cRz-Shadows/Pokemon_Trainer_Tournament_Simulator/main/Data/UsefulDatasets/gen_1_pokemon_learnsets.json
148,13,TM/HM,0,1,Supplied Gen-I learnset JSON,https://raw.githubusercontent.com/cRz-Shadows/Pokemon_Trainer_Tournament_Simulator/main/Data/UsefulDatasets/gen_1_pokemon_learnsets.json
148,146,TM/HM,0,1,Supplied Gen-I learnset JSON,https://raw.githubusercontent.com/cRz-Shadows/Pokemon_Trainer_Tournament_Simulator/main/Data/UsefulDatasets/gen_1_pokemon_learnsets.json
148,33,TM/HM,0,1,Supplied Gen-I learnset JSON,https://raw.githubusercontent.com/cRz-Shadows/Pokemon_Trainer_Tournament_Simulator/main/Data/UsefulDatasets/gen_1_pokemon_learnsets.json
148,160,TM/HM,0,1,Supplied Gen-I learnset JSON,https://raw.githubusercontent.com/cRz-Shadows/Pokemon_Trainer_Tournament_Simulator/main/Data/UsefulDatasets/gen_1_pokemon_learnsets.json
148,141,TM/HM,0,1,Supplied Gen-I learnset JSON,https://raw.githubusercontent.com/cRz-Shadows/Pokemon_Trainer_Tournament_Simulator/main/Data/UsefulDatasets/gen_1_pokemon_learnsets.json
148,67,TM/HM,0,1,Supplied Gen-I learnset JSON,https://raw.githubusercontent.com/cRz-Shadows/Pokemon_Trainer_Tournament_Simulator/main/Data/UsefulDatasets/gen_1_pokemon_learnsets.json
148,12,TM/HM,0,1,Supplied Gen-I learnset JSON,https://raw.githubusercontent.com/cRz-Shadows/Pokemon_Trainer_Tournament_Simulator/main/Data/UsefulDatasets/gen_1_pokemon_learnsets.json
148,17,TM/HM,0,1,Supplied Gen-I learnset JSON,https://raw.githubusercontent.com/cRz-Shadows/Pokemon_Trainer_Tournament_Simulator/main/Data/UsefulDatasets/gen_1_pokemon_learnsets.json
148,35,TM/HM,0,1,Supplied Gen-I learnset JSON,https://raw.githubusercontent.com/cRz-Shadows/Pokemon_Trainer_Tournament_Simulator/main/Data/UsefulDatasets/gen_1_pokemon_learnsets.json
148,151,TM/HM,0,1,Supplied Gen-I learnset JSON,https://raw.githubusercontent.com/cRz-Shadows/Pokemon_Trainer_Tournament_Simulator/main/Data/UsefulDatasets/gen_1_pokemon_learnsets.json
148,150,TM/HM,0,1,Supplied Gen-I learnset JSON,https://raw.githubusercontent.com/cRz-Shadows/Pokemon_Trainer_Tournament_Simulator/main/Data/UsefulDatasets/gen_1_pokemon_learnsets.json
148,149,TM/HM,0,1,Supplied Gen-I learnset JSON,https://raw.githubusercontent.com/cRz-Shadows/Pokemon_Trainer_Tournament_Simulator/main/Data/UsefulDatasets/gen_1_pokemon_learnsets.json
148,154,TM/HM,0,1,Supplied Gen-I learnset JSON,https://raw.githubusercontent.com/cRz-Shadows/Pokemon_Trainer_Tournament_Simulator/main/Data/UsefulDatasets/gen_1_pokemon_learnsets.json
148,101,TM/HM,0,1,Supplied Gen-I learnset JSON,https://raw.githubusercontent.com/cRz-Shadows/Pokemon_Trainer_Tournament_Simulator/main/Data/UsefulDatasets/gen_1_pokemon_learnsets.json
148,84,TM/HM,0,1,Supplied Gen-I learnset JSON,https://raw.githubusercontent.com/cRz-Shadows/Pokemon_Trainer_Tournament_Simulator/main/Data/UsefulDatasets/gen_1_pokemon_learnsets.json
148,32,TM/HM,0,1,Supplied Gen-I learnset JSON,https://raw.githubusercontent.com/cRz-Shadows/Pokemon_Trainer_Tournament_Simulator/main/Data/UsefulDatasets/gen_1_pokemon_learnsets.json
148,105,TM/HM,0,1,Supplied Gen-I learnset JSON,https://raw.githubusercontent.com/cRz-Shadows/Pokemon_Trainer_Tournament_Simulator/main/Data/UsefulDatasets/gen_1_pokemon_learnsets.json
148,9,TM/HM,0,1,Supplied Gen-I learnset JSON,https://raw.githubusercontent.com/cRz-Shadows/Pokemon_Trainer_Tournament_Simulator/main/Data/UsefulDatasets/gen_1_pokemon_learnsets.json
148,42,TM/HM,0,1,Supplied Gen-I learnset JSON,https://raw.githubusercontent.com/cRz-Shadows/Pokemon_Trainer_Tournament_Simulator/main/Data/UsefulDatasets/gen_1_pokemon_learnsets.json
148,142,TM/HM,0,1,Supplied Gen-I learnset JSON,https://raw.githubusercontent.com/cRz-Shadows/Pokemon_Trainer_Tournament_Simulator/main/Data/UsefulDatasets/gen_1_pokemon_learnsets.json
148,118,TM/HM,0,1,Supplied Gen-I learnset JSON,https://raw.githubusercontent.com/cRz-Shadows/Pokemon_Trainer_Tournament_Simulator/main/Data/UsefulDatasets/gen_1_pokemon_learnsets.json
148,106,TM/HM,0,1,Supplied Gen-I learnset JSON,https://raw.githubusercontent.com/cRz-Shadows/Pokemon_Trainer_Tournament_Simulator/main/Data/UsefulDatasets/gen_1_pokemon_learnsets.json
148,138,TM/HM,0,1,Supplied Gen-I learnset JSON,https://raw.githubusercontent.com/cRz-Shadows/Pokemon_Trainer_Tournament_Simulator/main/Data/UsefulDatasets/gen_1_pokemon_learnsets.json
149,165,level-up,1,1,Supplied Gen-I learnset JSON,https://raw.githubusercontent.com/cRz-Shadows/Pokemon_Trainer_Tournament_Simulator/main/Data/UsefulDatasets/gen_1_pokemon_learnsets.json
149,74,level-up,1,1,Supplied Gen-I learnset JSON,https://raw.githubusercontent.com/cRz-Shadows/Pokemon_Trainer_Tournament_Simulator/main/Data/UsefulDatasets/gen_1_pokemon_learnsets.json
149,150,level-up,1,1,Supplied Gen-I learnset JSON,https://raw.githubusercontent.com/cRz-Shadows/Pokemon_Trainer_Tournament_Simulator/main/Data/UsefulDatasets/gen_1_pokemon_learnsets.json
149,4,level-up,1,1,Supplied Gen-I learnset JSON,https://raw.githubusercontent.com/cRz-Shadows/Pokemon_Trainer_Tournament_Simulator/main/Data/UsefulDatasets/gen_1_pokemon_learnsets.json
149,150,level-up,10,1,Supplied Gen-I learnset JSON,https://raw.githubusercontent.com/cRz-Shadows/Pokemon_Trainer_Tournament_Simulator/main/Data/UsefulDatasets/gen_1_pokemon_learnsets.json
149,4,level-up,20,1,Supplied Gen-I learnset JSON,https://raw.githubusercontent.com/cRz-Shadows/Pokemon_Trainer_Tournament_Simulator/main/Data/UsefulDatasets/gen_1_pokemon_learnsets.json
149,120,level-up,35,1,Supplied Gen-I learnset JSON,https://raw.githubusercontent.com/cRz-Shadows/Pokemon_Trainer_Tournament_Simulator/main/Data/UsefulDatasets/gen_1_pokemon_learnsets.json
149,35,level-up,45,1,Supplied Gen-I learnset JSON,https://raw.githubusercontent.com/cRz-Shadows/Pokemon_Trainer_Tournament_Simulator/main/Data/UsefulDatasets/gen_1_pokemon_learnsets.json
149,64,level-up,60,1,Supplied Gen-I learnset JSON,https://raw.githubusercontent.com/cRz-Shadows/Pokemon_Trainer_Tournament_Simulator/main/Data/UsefulDatasets/gen_1_pokemon_learnsets.json
149,103,TM/HM,0,1,Supplied Gen-I learnset JSON,https://raw.githubusercontent.com/cRz-Shadows/Pokemon_Trainer_Tournament_Simulator/main/Data/UsefulDatasets/gen_1_pokemon_learnsets.json
149,62,TM/HM,0,1,Supplied Gen-I learnset JSON,https://raw.githubusercontent.com/cRz-Shadows/Pokemon_Trainer_Tournament_Simulator/main/Data/UsefulDatasets/gen_1_pokemon_learnsets.json
149,13,TM/HM,0,1,Supplied Gen-I learnset JSON,https://raw.githubusercontent.com/cRz-Shadows/Pokemon_Trainer_Tournament_Simulator/main/Data/UsefulDatasets/gen_1_pokemon_learnsets.json
149,146,TM/HM,0,1,Supplied Gen-I learnset JSON,https://raw.githubusercontent.com/cRz-Shadows/Pokemon_Trainer_Tournament_Simulator/main/Data/UsefulDatasets/gen_1_pokemon_learnsets.json
149,33,TM/HM,0,1,Supplied Gen-I learnset JSON,https://raw.githubusercontent.com/cRz-Shadows/Pokemon_Trainer_Tournament_Simulator/main/Data/UsefulDatasets/gen_1_pokemon_learnsets.json
149,160,TM/HM,0,1,Supplied Gen-I learnset JSON,https://raw.githubusercontent.com/cRz-Shadows/Pokemon_Trainer_Tournament_Simulator/main/Data/UsefulDatasets/gen_1_pokemon_learnsets.json
149,141,TM/HM,0,1,Supplied Gen-I learnset JSON,https://raw.githubusercontent.com/cRz-Shadows/Pokemon_Trainer_Tournament_Simulator/main/Data/UsefulDatasets/gen_1_pokemon_learnsets.json
149,67,TM/HM,0,1,Supplied Gen-I learnset JSON,https://raw.githubusercontent.com/cRz-Shadows/Pokemon_Trainer_Tournament_Simulator/main/Data/UsefulDatasets/gen_1_pokemon_learnsets.json
149,12,TM/HM,0,1,Supplied Gen-I learnset JSON,https://raw.githubusercontent.com/cRz-Shadows/Pokemon_Trainer_Tournament_Simulator/main/Data/UsefulDatasets/gen_1_pokemon_learnsets.json
149,17,TM/HM,0,1,Supplied Gen-I learnset JSON,https://raw.githubusercontent.com/cRz-Shadows/Pokemon_Trainer_Tournament_Simulator/main/Data/UsefulDatasets/gen_1_pokemon_learnsets.json
149,64,TM/HM,0,1,Supplied Gen-I learnset JSON,https://raw.githubusercontent.com/cRz-Shadows/Pokemon_Trainer_Tournament_Simulator/main/Data/UsefulDatasets/gen_1_pokemon_learnsets.json
149,133,TM/HM,0,1,Supplied Gen-I learnset JSON,https://raw.githubusercontent.com/cRz-Shadows/Pokemon_Trainer_Tournament_Simulator/main/Data/UsefulDatasets/gen_1_pokemon_learnsets.json
149,35,TM/HM,0,1,Supplied Gen-I learnset JSON,https://raw.githubusercontent.com/cRz-Shadows/Pokemon_Trainer_Tournament_Simulator/main/Data/UsefulDatasets/gen_1_pokemon_learnsets.json
149,151,TM/HM,0,1,Supplied Gen-I learnset JSON,https://raw.githubusercontent.com/cRz-Shadows/Pokemon_Trainer_Tournament_Simulator/main/Data/UsefulDatasets/gen_1_pokemon_learnsets.json
149,150,TM/HM,0,1,Supplied Gen-I learnset JSON,https://raw.githubusercontent.com/cRz-Shadows/Pokemon_Trainer_Tournament_Simulator/main/Data/UsefulDatasets/gen_1_pokemon_learnsets.json
149,149,TM/HM,0,1,Supplied Gen-I learnset JSON,https://raw.githubusercontent.com/cRz-Shadows/Pokemon_Trainer_Tournament_Simulator/main/Data/UsefulDatasets/gen_1_pokemon_learnsets.json
149,154,TM/HM,0,1,Supplied Gen-I learnset JSON,https://raw.githubusercontent.com/cRz-Shadows/Pokemon_Trainer_Tournament_Simulator/main/Data/UsefulDatasets/gen_1_pokemon_learnsets.json
149,101,TM/HM,0,1,Supplied Gen-I learnset JSON,https://raw.githubusercontent.com/cRz-Shadows/Pokemon_Trainer_Tournament_Simulator/main/Data/UsefulDatasets/gen_1_pokemon_learnsets.json
149,84,TM/HM,0,1,Supplied Gen-I learnset JSON,https://raw.githubusercontent.com/cRz-Shadows/Pokemon_Trainer_Tournament_Simulator/main/Data/UsefulDatasets/gen_1_pokemon_learnsets.json
149,32,TM/HM,0,1,Supplied Gen-I learnset JSON,https://raw.githubusercontent.com/cRz-Shadows/Pokemon_Trainer_Tournament_Simulator/main/Data/UsefulDatasets/gen_1_pokemon_learnsets.json
149,105,TM/HM,0,1,Supplied Gen-I learnset JSON,https://raw.githubusercontent.com/cRz-Shadows/Pokemon_Trainer_Tournament_Simulator/main/Data/UsefulDatasets/gen_1_pokemon_learnsets.json
149,9,TM/HM,0,1,Supplied Gen-I learnset JSON,https://raw.githubusercontent.com/cRz-Shadows/Pokemon_Trainer_Tournament_Simulator/main/Data/UsefulDatasets/gen_1_pokemon_learnsets.json
149,42,TM/HM,0,1,Supplied Gen-I learnset JSON,https://raw.githubusercontent.com/cRz-Shadows/Pokemon_Trainer_Tournament_Simulator/main/Data/UsefulDatasets/gen_1_pokemon_learnsets.json
149,142,TM/HM,0,1,Supplied Gen-I learnset JSON,https://raw.githubusercontent.com/cRz-Shadows/Pokemon_Trainer_Tournament_Simulator/main/Data/UsefulDatasets/gen_1_pokemon_learnsets.json
149,118,TM/HM,0,1,Supplied Gen-I learnset JSON,https://raw.githubusercontent.com/cRz-Shadows/Pokemon_Trainer_Tournament_Simulator/main/Data/UsefulDatasets/gen_1_pokemon_learnsets.json
149,106,TM/HM,0,1,Supplied Gen-I learnset JSON,https://raw.githubusercontent.com/cRz-Shadows/Pokemon_Trainer_Tournament_Simulator/main/Data/UsefulDatasets/gen_1_pokemon_learnsets.json
149,138,TM/HM,0,1,Supplied Gen-I learnset JSON,https://raw.githubusercontent.com/cRz-Shadows/Pokemon_Trainer_Tournament_Simulator/main/Data/UsefulDatasets/gen_1_pokemon_learnsets.json
150,21,level-up,1,1,Supplied Gen-I learnset JSON,https://raw.githubusercontent.com/cRz-Shadows/Pokemon_Trainer_Tournament_Simulator/main/Data/UsefulDatasets/gen_1_pokemon_learnsets.json
150,142,level-up,1,1,Supplied Gen-I learnset JSON,https://raw.githubusercontent.com/cRz-Shadows/Pokemon_Trainer_Tournament_Simulator/main/Data/UsefulDatasets/gen_1_pokemon_learnsets.json
150,98,level-up,1,1,Supplied Gen-I learnset JSON,https://raw.githubusercontent.com/cRz-Shadows/Pokemon_Trainer_Tournament_Simulator/main/Data/UsefulDatasets/gen_1_pokemon_learnsets.json
150,29,level-up,1,1,Supplied Gen-I learnset JSON,https://raw.githubusercontent.com/cRz-Shadows/Pokemon_Trainer_Tournament_Simulator/main/Data/UsefulDatasets/gen_1_pokemon_learnsets.json
150,8,level-up,63,1,Supplied Gen-I learnset JSON,https://raw.githubusercontent.com/cRz-Shadows/Pokemon_Trainer_Tournament_Simulator/main/Data/UsefulDatasets/gen_1_pokemon_learnsets.json
150,98,level-up,66,1,Supplied Gen-I learnset JSON,https://raw.githubusercontent.com/cRz-Shadows/Pokemon_Trainer_Tournament_Simulator/main/Data/UsefulDatasets/gen_1_pokemon_learnsets.json
150,104,level-up,70,1,Supplied Gen-I learnset JSON,https://raw.githubusercontent.com/cRz-Shadows/Pokemon_Trainer_Tournament_Simulator/main/Data/UsefulDatasets/gen_1_pokemon_learnsets.json
150,82,TM/HM,0,1,Supplied Gen-I learnset JSON,https://raw.githubusercontent.com/cRz-Shadows/Pokemon_Trainer_Tournament_Simulator/main/Data/UsefulDatasets/gen_1_pokemon_learnsets.json
150,89,TM/HM,0,1,Supplied Gen-I learnset JSON,https://raw.githubusercontent.com/cRz-Shadows/Pokemon_Trainer_Tournament_Simulator/main/Data/UsefulDatasets/gen_1_pokemon_learnsets.json
150,81,TM/HM,0,1,Supplied Gen-I learnset JSON,https://raw.githubusercontent.com/cRz-Shadows/Pokemon_Trainer_Tournament_Simulator/main/Data/UsefulDatasets/gen_1_pokemon_learnsets.json
150,13,TM/HM,0,1,Supplied Gen-I learnset JSON,https://raw.githubusercontent.com/cRz-Shadows/Pokemon_Trainer_Tournament_Simulator/main/Data/UsefulDatasets/gen_1_pokemon_learnsets.json
150,146,TM/HM,0,1,Supplied Gen-I learnset JSON,https://raw.githubusercontent.com/cRz-Shadows/Pokemon_Trainer_Tournament_Simulator/main/Data/UsefulDatasets/gen_1_pokemon_learnsets.json
150,33,TM/HM,0,1,Supplied Gen-I learnset JSON,https://raw.githubusercontent.com/cRz-Shadows/Pokemon_Trainer_Tournament_Simulator/main/Data/UsefulDatasets/gen_1_pokemon_learnsets.json
150,160,TM/HM,0,1,Supplied Gen-I learnset JSON,https://raw.githubusercontent.com/cRz-Shadows/Pokemon_Trainer_Tournament_Simulator/main/Data/UsefulDatasets/gen_1_pokemon_learnsets.json
150,67,TM/HM,0,1,Supplied Gen-I learnset JSON,https://raw.githubusercontent.com/cRz-Shadows/Pokemon_Trainer_Tournament_Simulator/main/Data/UsefulDatasets/gen_1_pokemon_learnsets.json
150,12,TM/HM,0,1,Supplied Gen-I learnset JSON,https://raw.githubusercontent.com/cRz-Shadows/Pokemon_Trainer_Tournament_Simulator/main/Data/UsefulDatasets/gen_1_pokemon_learnsets.json
150,17,TM/HM,0,1,Supplied Gen-I learnset JSON,https://raw.githubusercontent.com/cRz-Shadows/Pokemon_Trainer_Tournament_Simulator/main/Data/UsefulDatasets/gen_1_pokemon_learnsets.json
150,64,TM/HM,0,1,Supplied Gen-I learnset JSON,https://raw.githubusercontent.com/cRz-Shadows/Pokemon_Trainer_Tournament_Simulator/main/Data/UsefulDatasets/gen_1_pokemon_learnsets.json
150,137,TM/HM,0,1,Supplied Gen-I learnset JSON,https://raw.githubusercontent.com/cRz-Shadows/Pokemon_Trainer_Tournament_Simulator/main/Data/UsefulDatasets/gen_1_pokemon_learnsets.json
150,24,TM/HM,0,1,Supplied Gen-I learnset JSON,https://raw.githubusercontent.com/cRz-Shadows/Pokemon_Trainer_Tournament_Simulator/main/Data/UsefulDatasets/gen_1_pokemon_learnsets.json
150,114,TM/HM,0,1,Supplied Gen-I learnset JSON,https://raw.githubusercontent.com/cRz-Shadows/Pokemon_Trainer_Tournament_Simulator/main/Data/UsefulDatasets/gen_1_pokemon_learnsets.json
150,133,TM/HM,0,1,Supplied Gen-I learnset JSON,https://raw.githubusercontent.com/cRz-Shadows/Pokemon_Trainer_Tournament_Simulator/main/Data/UsefulDatasets/gen_1_pokemon_learnsets.json
150,127,TM/HM,0,1,Supplied Gen-I learnset JSON,https://raw.githubusercontent.com/cRz-Shadows/Pokemon_Trainer_Tournament_Simulator/main/Data/UsefulDatasets/gen_1_pokemon_learnsets.json
150,151,TM/HM,0,1,Supplied Gen-I learnset JSON,https://raw.githubusercontent.com/cRz-Shadows/Pokemon_Trainer_Tournament_Simulator/main/Data/UsefulDatasets/gen_1_pokemon_learnsets.json
150,150,TM/HM,0,1,Supplied Gen-I learnset JSON,https://raw.githubusercontent.com/cRz-Shadows/Pokemon_Trainer_Tournament_Simulator/main/Data/UsefulDatasets/gen_1_pokemon_learnsets.json
150,149,TM/HM,0,1,Supplied Gen-I learnset JSON,https://raw.githubusercontent.com/cRz-Shadows/Pokemon_Trainer_Tournament_Simulator/main/Data/UsefulDatasets/gen_1_pokemon_learnsets.json
150,154,TM/HM,0,1,Supplied Gen-I learnset JSON,https://raw.githubusercontent.com/cRz-Shadows/Pokemon_Trainer_Tournament_Simulator/main/Data/UsefulDatasets/gen_1_pokemon_learnsets.json
150,98,TM/HM,0,1,Supplied Gen-I learnset JSON,https://raw.githubusercontent.com/cRz-Shadows/Pokemon_Trainer_Tournament_Simulator/main/Data/UsefulDatasets/gen_1_pokemon_learnsets.json
150,101,TM/HM,0,1,Supplied Gen-I learnset JSON,https://raw.githubusercontent.com/cRz-Shadows/Pokemon_Trainer_Tournament_Simulator/main/Data/UsefulDatasets/gen_1_pokemon_learnsets.json
150,147,TM/HM,0,1,Supplied Gen-I learnset JSON,https://raw.githubusercontent.com/cRz-Shadows/Pokemon_Trainer_Tournament_Simulator/main/Data/UsefulDatasets/gen_1_pokemon_learnsets.json
150,84,TM/HM,0,1,Supplied Gen-I learnset JSON,https://raw.githubusercontent.com/cRz-Shadows/Pokemon_Trainer_Tournament_Simulator/main/Data/UsefulDatasets/gen_1_pokemon_learnsets.json
150,32,TM/HM,0,1,Supplied Gen-I learnset JSON,https://raw.githubusercontent.com/cRz-Shadows/Pokemon_Trainer_Tournament_Simulator/main/Data/UsefulDatasets/gen_1_pokemon_learnsets.json
150,105,TM/HM,0,1,Supplied Gen-I learnset JSON,https://raw.githubusercontent.com/cRz-Shadows/Pokemon_Trainer_Tournament_Simulator/main/Data/UsefulDatasets/gen_1_pokemon_learnsets.json
150,9,TM/HM,0,1,Supplied Gen-I learnset JSON,https://raw.githubusercontent.com/cRz-Shadows/Pokemon_Trainer_Tournament_Simulator/main/Data/UsefulDatasets/gen_1_pokemon_learnsets.json
150,83,TM/HM,0,1,Supplied Gen-I learnset JSON,https://raw.githubusercontent.com/cRz-Shadows/Pokemon_Trainer_Tournament_Simulator/main/Data/UsefulDatasets/gen_1_pokemon_learnsets.json
150,115,TM/HM,0,1,Supplied Gen-I learnset JSON,https://raw.githubusercontent.com/cRz-Shadows/Pokemon_Trainer_Tournament_Simulator/main/Data/UsefulDatasets/gen_1_pokemon_learnsets.json
150,42,TM/HM,0,1,Supplied Gen-I learnset JSON,https://raw.githubusercontent.com/cRz-Shadows/Pokemon_Trainer_Tournament_Simulator/main/Data/UsefulDatasets/gen_1_pokemon_learnsets.json
150,118,TM/HM,0,1,Supplied Gen-I learnset JSON,https://raw.githubusercontent.com/cRz-Shadows/Pokemon_Trainer_Tournament_Simulator/main/Data/UsefulDatasets/gen_1_pokemon_learnsets.json
150,47,TM/HM,0,1,Supplied Gen-I learnset JSON,https://raw.githubusercontent.com/cRz-Shadows/Pokemon_Trainer_Tournament_Simulator/main/Data/UsefulDatasets/gen_1_pokemon_learnsets.json
150,99,TM/HM,0,1,Supplied Gen-I learnset JSON,https://raw.githubusercontent.com/cRz-Shadows/Pokemon_Trainer_Tournament_Simulator/main/Data/UsefulDatasets/gen_1_pokemon_learnsets.json
150,106,TM/HM,0,1,Supplied Gen-I learnset JSON,https://raw.githubusercontent.com/cRz-Shadows/Pokemon_Trainer_Tournament_Simulator/main/Data/UsefulDatasets/gen_1_pokemon_learnsets.json
150,156,TM/HM,0,1,Supplied Gen-I learnset JSON,https://raw.githubusercontent.com/cRz-Shadows/Pokemon_Trainer_Tournament_Simulator/main/Data/UsefulDatasets/gen_1_pokemon_learnsets.json
150,138,TM/HM,0,1,Supplied Gen-I learnset JSON,https://raw.githubusercontent.com/cRz-Shadows/Pokemon_Trainer_Tournament_Simulator/main/Data/UsefulDatasets/gen_1_pokemon_learnsets.json
151,96,level-up,1,1,Supplied Gen-I learnset JSON,https://raw.githubusercontent.com/cRz-Shadows/Pokemon_Trainer_Tournament_Simulator/main/Data/UsefulDatasets/gen_1_pokemon_learnsets.json
151,155,level-up,10,1,Supplied Gen-I learnset JSON,https://raw.githubusercontent.com/cRz-Shadows/Pokemon_Trainer_Tournament_Simulator/main/Data/UsefulDatasets/gen_1_pokemon_learnsets.json
151,82,level-up,20,1,Supplied Gen-I learnset JSON,https://raw.githubusercontent.com/cRz-Shadows/Pokemon_Trainer_Tournament_Simulator/main/Data/UsefulDatasets/gen_1_pokemon_learnsets.json
151,83,level-up,30,1,Supplied Gen-I learnset JSON,https://raw.githubusercontent.com/cRz-Shadows/Pokemon_Trainer_Tournament_Simulator/main/Data/UsefulDatasets/gen_1_pokemon_learnsets.json
151,98,level-up,40,1,Supplied Gen-I learnset JSON,https://raw.githubusercontent.com/cRz-Shadows/Pokemon_Trainer_Tournament_Simulator/main/Data/UsefulDatasets/gen_1_pokemon_learnsets.json
151,82,TM/HM,0,1,Supplied Gen-I learnset JSON,https://raw.githubusercontent.com/cRz-Shadows/Pokemon_Trainer_Tournament_Simulator/main/Data/UsefulDatasets/gen_1_pokemon_learnsets.json
151,89,TM/HM,0,1,Supplied Gen-I learnset JSON,https://raw.githubusercontent.com/cRz-Shadows/Pokemon_Trainer_Tournament_Simulator/main/Data/UsefulDatasets/gen_1_pokemon_learnsets.json
151,103,TM/HM,0,1,Supplied Gen-I learnset JSON,https://raw.githubusercontent.com/cRz-Shadows/Pokemon_Trainer_Tournament_Simulator/main/Data/UsefulDatasets/gen_1_pokemon_learnsets.json
151,143,TM/HM,0,1,Supplied Gen-I learnset JSON,https://raw.githubusercontent.com/cRz-Shadows/Pokemon_Trainer_Tournament_Simulator/main/Data/UsefulDatasets/gen_1_pokemon_learnsets.json
151,26,TM/HM,0,1,Supplied Gen-I learnset JSON,https://raw.githubusercontent.com/cRz-Shadows/Pokemon_Trainer_Tournament_Simulator/main/Data/UsefulDatasets/gen_1_pokemon_learnsets.json
151,162,TM/HM,0,1,Supplied Gen-I learnset JSON,https://raw.githubusercontent.com/cRz-Shadows/Pokemon_Trainer_Tournament_Simulator/main/Data/UsefulDatasets/gen_1_pokemon_learnsets.json
151,48,TM/HM,0,1,Supplied Gen-I learnset JSON,https://raw.githubusercontent.com/cRz-Shadows/Pokemon_Trainer_Tournament_Simulator/main/Data/UsefulDatasets/gen_1_pokemon_learnsets.json
151,81,TM/HM,0,1,Supplied Gen-I learnset JSON,https://raw.githubusercontent.com/cRz-Shadows/Pokemon_Trainer_Tournament_Simulator/main/Data/UsefulDatasets/gen_1_pokemon_learnsets.json
151,62,TM/HM,0,1,Supplied Gen-I learnset JSON,https://raw.githubusercontent.com/cRz-Shadows/Pokemon_Trainer_Tournament_Simulator/main/Data/UsefulDatasets/gen_1_pokemon_learnsets.json
151,13,TM/HM,0,1,Supplied Gen-I learnset JSON,https://raw.githubusercontent.com/cRz-Shadows/Pokemon_Trainer_Tournament_Simulator/main/Data/UsefulDatasets/gen_1_pokemon_learnsets.json
151,146,TM/HM,0,1,Supplied Gen-I learnset JSON,https://raw.githubusercontent.com/cRz-Shadows/Pokemon_Trainer_Tournament_Simulator/main/Data/UsefulDatasets/gen_1_pokemon_learnsets.json
151,33,TM/HM,0,1,Supplied Gen-I learnset JSON,https://raw.githubusercontent.com/cRz-Shadows/Pokemon_Trainer_Tournament_Simulator/main/Data/UsefulDatasets/gen_1_pokemon_learnsets.json
151,160,TM/HM,0,1,Supplied Gen-I learnset JSON,https://raw.githubusercontent.com/cRz-Shadows/Pokemon_Trainer_Tournament_Simulator/main/Data/UsefulDatasets/gen_1_pokemon_learnsets.json
151,141,TM/HM,0,1,Supplied Gen-I learnset JSON,https://raw.githubusercontent.com/cRz-Shadows/Pokemon_Trainer_Tournament_Simulator/main/Data/UsefulDatasets/gen_1_pokemon_learnsets.json
151,67,TM/HM,0,1,Supplied Gen-I learnset JSON,https://raw.githubusercontent.com/cRz-Shadows/Pokemon_Trainer_Tournament_Simulator/main/Data/UsefulDatasets/gen_1_pokemon_learnsets.json
151,12,TM/HM,0,1,Supplied Gen-I learnset JSON,https://raw.githubusercontent.com/cRz-Shadows/Pokemon_Trainer_Tournament_Simulator/main/Data/UsefulDatasets/gen_1_pokemon_learnsets.json
151,17,TM/HM,0,1,Supplied Gen-I learnset JSON,https://raw.githubusercontent.com/cRz-Shadows/Pokemon_Trainer_Tournament_Simulator/main/Data/UsefulDatasets/gen_1_pokemon_learnsets.json
151,64,TM/HM,0,1,Supplied Gen-I learnset JSON,https://raw.githubusercontent.com/cRz-Shadows/Pokemon_Trainer_Tournament_Simulator/main/Data/UsefulDatasets/gen_1_pokemon_learnsets.json
151,137,TM/HM,0,1,Supplied Gen-I learnset JSON,https://raw.githubusercontent.com/cRz-Shadows/Pokemon_Trainer_Tournament_Simulator/main/Data/UsefulDatasets/gen_1_pokemon_learnsets.json
151,24,TM/HM,0,1,Supplied Gen-I learnset JSON,https://raw.githubusercontent.com/cRz-Shadows/Pokemon_Trainer_Tournament_Simulator/main/Data/UsefulDatasets/gen_1_pokemon_learnsets.json
151,114,TM/HM,0,1,Supplied Gen-I learnset JSON,https://raw.githubusercontent.com/cRz-Shadows/Pokemon_Trainer_Tournament_Simulator/main/Data/UsefulDatasets/gen_1_pokemon_learnsets.json
151,133,TM/HM,0,1,Supplied Gen-I learnset JSON,https://raw.githubusercontent.com/cRz-Shadows/Pokemon_Trainer_Tournament_Simulator/main/Data/UsefulDatasets/gen_1_pokemon_learnsets.json
151,80,TM/HM,0,1,Supplied Gen-I learnset JSON,https://raw.githubusercontent.com/cRz-Shadows/Pokemon_Trainer_Tournament_Simulator/main/Data/UsefulDatasets/gen_1_pokemon_learnsets.json
151,127,TM/HM,0,1,Supplied Gen-I learnset JSON,https://raw.githubusercontent.com/cRz-Shadows/Pokemon_Trainer_Tournament_Simulator/main/Data/UsefulDatasets/gen_1_pokemon_learnsets.json
151,35,TM/HM,0,1,Supplied Gen-I learnset JSON,https://raw.githubusercontent.com/cRz-Shadows/Pokemon_Trainer_Tournament_Simulator/main/Data/UsefulDatasets/gen_1_pokemon_learnsets.json
151,151,TM/HM,0,1,Supplied Gen-I learnset JSON,https://raw.githubusercontent.com/cRz-Shadows/Pokemon_Trainer_Tournament_Simulator/main/Data/UsefulDatasets/gen_1_pokemon_learnsets.json
151,150,TM/HM,0,1,Supplied Gen-I learnset JSON,https://raw.githubusercontent.com/cRz-Shadows/Pokemon_Trainer_Tournament_Simulator/main/Data/UsefulDatasets/gen_1_pokemon_learnsets.json
151,149,TM/HM,0,1,Supplied Gen-I learnset JSON,https://raw.githubusercontent.com/cRz-Shadows/Pokemon_Trainer_Tournament_Simulator/main/Data/UsefulDatasets/gen_1_pokemon_learnsets.json
151,38,TM/HM,0,1,Supplied Gen-I learnset JSON,https://raw.githubusercontent.com/cRz-Shadows/Pokemon_Trainer_Tournament_Simulator/main/Data/UsefulDatasets/gen_1_pokemon_learnsets.json
151,45,TM/HM,0,1,Supplied Gen-I learnset JSON,https://raw.githubusercontent.com/cRz-Shadows/Pokemon_Trainer_Tournament_Simulator/main/Data/UsefulDatasets/gen_1_pokemon_learnsets.json
151,28,TM/HM,0,1,Supplied Gen-I learnset JSON,https://raw.githubusercontent.com/cRz-Shadows/Pokemon_Trainer_Tournament_Simulator/main/Data/UsefulDatasets/gen_1_pokemon_learnsets.json
151,154,TM/HM,0,1,Supplied Gen-I learnset JSON,https://raw.githubusercontent.com/cRz-Shadows/Pokemon_Trainer_Tournament_Simulator/main/Data/UsefulDatasets/gen_1_pokemon_learnsets.json
151,98,TM/HM,0,1,Supplied Gen-I learnset JSON,https://raw.githubusercontent.com/cRz-Shadows/Pokemon_Trainer_Tournament_Simulator/main/Data/UsefulDatasets/gen_1_pokemon_learnsets.json
151,101,TM/HM,0,1,Supplied Gen-I learnset JSON,https://raw.githubusercontent.com/cRz-Shadows/Pokemon_Trainer_Tournament_Simulator/main/Data/UsefulDatasets/gen_1_pokemon_learnsets.json
151,147,TM/HM,0,1,Supplied Gen-I learnset JSON,https://raw.githubusercontent.com/cRz-Shadows/Pokemon_Trainer_Tournament_Simulator/main/Data/UsefulDatasets/gen_1_pokemon_learnsets.json
151,84,TM/HM,0,1,Supplied Gen-I learnset JSON,https://raw.githubusercontent.com/cRz-Shadows/Pokemon_Trainer_Tournament_Simulator/main/Data/UsefulDatasets/gen_1_pokemon_learnsets.json
151,32,TM/HM,0,1,Supplied Gen-I learnset JSON,https://raw.githubusercontent.com/cRz-Shadows/Pokemon_Trainer_Tournament_Simulator/main/Data/UsefulDatasets/gen_1_pokemon_learnsets.json
151,105,TM/HM,0,1,Supplied Gen-I learnset JSON,https://raw.githubusercontent.com/cRz-Shadows/Pokemon_Trainer_Tournament_Simulator/main/Data/UsefulDatasets/gen_1_pokemon_learnsets.json
151,9,TM/HM,0,1,Supplied Gen-I learnset JSON,https://raw.githubusercontent.com/cRz-Shadows/Pokemon_Trainer_Tournament_Simulator/main/Data/UsefulDatasets/gen_1_pokemon_learnsets.json
151,83,TM/HM,0,1,Supplied Gen-I learnset JSON,https://raw.githubusercontent.com/cRz-Shadows/Pokemon_Trainer_Tournament_Simulator/main/Data/UsefulDatasets/gen_1_pokemon_learnsets.json
151,115,TM/HM,0,1,Supplied Gen-I learnset JSON,https://raw.githubusercontent.com/cRz-Shadows/Pokemon_Trainer_Tournament_Simulator/main/Data/UsefulDatasets/gen_1_pokemon_learnsets.json
151,39,TM/HM,0,1,Supplied Gen-I learnset JSON,https://raw.githubusercontent.com/cRz-Shadows/Pokemon_Trainer_Tournament_Simulator/main/Data/UsefulDatasets/gen_1_pokemon_learnsets.json
151,42,TM/HM,0,1,Supplied Gen-I learnset JSON,https://raw.githubusercontent.com/cRz-Shadows/Pokemon_Trainer_Tournament_Simulator/main/Data/UsefulDatasets/gen_1_pokemon_learnsets.json
151,142,TM/HM,0,1,Supplied Gen-I learnset JSON,https://raw.githubusercontent.com/cRz-Shadows/Pokemon_Trainer_Tournament_Simulator/main/Data/UsefulDatasets/gen_1_pokemon_learnsets.json
151,118,TM/HM,0,1,Supplied Gen-I learnset JSON,https://raw.githubusercontent.com/cRz-Shadows/Pokemon_Trainer_Tournament_Simulator/main/Data/UsefulDatasets/gen_1_pokemon_learnsets.json
151,126,TM/HM,0,1,Supplied Gen-I learnset JSON,https://raw.githubusercontent.com/cRz-Shadows/Pokemon_Trainer_Tournament_Simulator/main/Data/UsefulDatasets/gen_1_pokemon_learnsets.json
151,36,TM/HM,0,1,Supplied Gen-I learnset JSON,https://raw.githubusercontent.com/cRz-Shadows/Pokemon_Trainer_Tournament_Simulator/main/Data/UsefulDatasets/gen_1_pokemon_learnsets.json
151,119,TM/HM,0,1,Supplied Gen-I learnset JSON,https://raw.githubusercontent.com/cRz-Shadows/Pokemon_Trainer_Tournament_Simulator/main/Data/UsefulDatasets/gen_1_pokemon_learnsets.json
151,47,TM/HM,0,1,Supplied Gen-I learnset JSON,https://raw.githubusercontent.com/cRz-Shadows/Pokemon_Trainer_Tournament_Simulator/main/Data/UsefulDatasets/gen_1_pokemon_learnsets.json
151,99,TM/HM,0,1,Supplied Gen-I learnset JSON,https://raw.githubusercontent.com/cRz-Shadows/Pokemon_Trainer_Tournament_Simulator/main/Data/UsefulDatasets/gen_1_pokemon_learnsets.json
151,41,TM/HM,0,1,Supplied Gen-I learnset JSON,https://raw.githubusercontent.com/cRz-Shadows/Pokemon_Trainer_Tournament_Simulator/main/Data/UsefulDatasets/gen_1_pokemon_learnsets.json
151,106,TM/HM,0,1,Supplied Gen-I learnset JSON,https://raw.githubusercontent.com/cRz-Shadows/Pokemon_Trainer_Tournament_Simulator/main/Data/UsefulDatasets/gen_1_pokemon_learnsets.json
151,108,TM/HM,0,1,Supplied Gen-I learnset JSON,https://raw.githubusercontent.com/cRz-Shadows/Pokemon_Trainer_Tournament_Simulator/main/Data/UsefulDatasets/gen_1_pokemon_learnsets.json
151,156,TM/HM,0,1,Supplied Gen-I learnset JSON,https://raw.githubusercontent.com/cRz-Shadows/Pokemon_Trainer_Tournament_Simulator/main/Data/UsefulDatasets/gen_1_pokemon_learnsets.json
151,138,TM/HM,0,1,Supplied Gen-I learnset JSON,https://raw.githubusercontent.com/cRz-Shadows/Pokemon_Trainer_Tournament_Simulator/main/Data/UsefulDatasets/gen_1_pokemon_learnsets.json
